property_id,city,property_type,area_sqft,bedrooms,bathrooms,year_built,furnished,parking_spaces,price,agent_name,listing_date,floors,distance_from_center_km,condition,internal_notes,row_number
P101414,Karachi,House,1337.0,3.0,3.0,2007,Yes,2,6650000.0,Usman Iqbal,2024-09-02 00:00:00,3,5.7,Needs Renovation,call later,1415
P101776,Rawalpindi,House,2594.0,5.0,4.0,2021,Yes,2,14143992.676645136,Saad Iqbal,2022-09-08 00:00:00,2,6.0,Excellent,follow up,1777
P102323,Karachi,Apartment,12000.0,4.0,4.0,2003,Yes,1,10450000.0,Ahmed Ahmed,2022-06-20 00:00:00,3,3.6,Good,VIP,2324
P101389,Karachi,House,1649.0,3.0,0.0,2022,Yes,1,9650000.0,Hina Sheikh,2022-09-06 00:00:00,2,6.6,Good,owner waiting,1390
P101379,Lahore,House,976.0,2.0,2.0,2020,No,2,5150000.0,Ahmed Khan,2023-01-27 00:00:00,2,3.5,Average,nan,1380
P102172,Lahore,House,2845.0,6.0,6.0,2003,Yes,1,15000000.0,Danish Malik,2023-08-30 00:00:00,2,6.8,Good,urgent,2173
P101501,Hyderabad,House,1446.0,2.0,1.0,1993,No,2,4700000.0,Hassan Ahmed,2023-08-21 00:00:00,3,6.6,Average,urgent,1502
P100705,Islamabad,House,1341.0,2.0,1.0,2001,Yes,1,10100000.0,Zain Siddiqui,2023-09-21 00:00:00,1,2.5,Good,follow up,706
P100173,Peshawar,Apartment,2412.0,4.0,4.0,2014,No,1,"7,200,000",Hina Butt,2022-10-02 00:00:00,2,3.8,Average,,174
P102342,Rawalpindi,House,1657.0,2.0,2.0,2003,No,1,8400000.0,Zain Malik,2024-04-28 00:00:00,2,3.9,Good,,2343
P102023,Karachi,Villa,1223.0,2.0,2.0,2024,No,1,10500000.0,Saad Butt,2024-04-17 00:00:00,2,10.1,Good,urgent,2024
P102023,Karachi,Villa,1223.0,2.0,2.0,2024,No,1,10500000.0,Saad Butt,2024-04-17 00:00:00,2,10.1,Good,urgent,2024
P101337,ISLAMABAD,House,1695.0,3.0,3.0,1993,No,2,11750000.0,Danish Qureshi,2024-01-22 00:00:00,1,3.2,Average,follow up,1338
P101161,Islamabad,Townhouse,3087.0,6.0,6.0,1988,No,2,24750000.0,Ayesha Siddiqui,2022-12-14 00:00:00,2,6.3,Excellent,call later,1162
P101873,Hyderabad,House,1181.0,3.0,3.0,1994,No,2,3750000.0,Sara Khan,2022-06-02 00:00:00,2,10.4,Average,VIP,1874
P100651,Faisalabad,Apartment,1233.0,3.0,2.0,1994,No,2,3600000.0,Saad Siddiqui,2022-03-22 00:00:00,3,9.3,Good,VIP,652
P101476,Lahore,house,1577.0,2.0,,1992,No,2,7200000.0,Bilal Butt,2024-01-01 00:00:00,1,10.3,Average,follow up,1477
P100976,Lahore,Villa,1521,1.0,1.0,2024,No,2,11050000.0,Hassan Butt,2024-08-19 00:00:00,1,3.9,Good,,977
P100879,Islamabad,Townhouse,1909.0,4.0,3.0,2017,No,2,15350000.0,Ali Qureshi,2022-07-26 00:00:00,2,7.3,Good,VIP,880
P100940,Karachi,House,1922.0,4.0,,2022,Yes,2,10050000.0,Saad Raza,2024-03-18 00:00:00,2,9.4,New,urgent,941
P102025,Lahore,Apartment,1156.0,1.0,1.0,1982,Yes,1,5200000.0,Zain Malik,2022-01-15 00:00:00,3,9.2,Good,follow up,2026
P100941,Faisalabad,Residential House,1451.0,3.0,3.0,1992,Yes,2,5600000.0,Hina Sheikh,2023-06-06 00:00:00,1,13.1,Good,VIP,942
P100836,Rawalpindi,Apartment,1543.0,-3.0,3.0,1998,No,1,"5,550,000",Ahmed Raza,2024-05-18 00:00:00,1,20.3,Average,follow up,837
P102368,Lahore,House,1978.0,3.0,2.0,1991,Yes,3,12550000.0,Usman Butt,2024-02-19 00:00:00,2,13.4,Good,nan,2369
P101193,Hyderabad,Apartment,2217.0,3.0,3.0,2004,No,0,5900000.0,Maham Malik,2025-07-18 00:00:00,3,3.6,Excellent,VIP,1194
P101269,Lahore,Apartment,400.0,1.0,1.0,2023,Yes,3,2300000.0,Sara Siddiqui,2022-03-07 00:00:00,2,2.8,Excellent,VIP,1270
P100044,Multan,Apartment,845.0,2.0,2.0,1990,Yes,1,2500000.0,Saad Khan,2025-06-06 00:00:00,1,2.2,Excellent,follow up,45
P101083,Faisalabad,Apartment,2737.0,4.0,4.0,2009,Yes,1,9400000.0,Zain Sheikh,2024-07-29 00:00:00,1,4.0,Good,nan,1084
P100856,Rawalpindi,Apartment,492.0,1.0,1.0,1996,Yes,1,1700000.0,Zain Malik,2024-12-30 00:00:00,1,6.6,New,follow up,857
P101610,Karachi,House,1200.0,1.0,1.0,2022,No,1,7500000.0,Hina Malik,2024-02-25 00:00:00,2,13.9,New,follow up,1611
P100839, Lahore ,Apartment,2374.0,5.0,4.0,1995,No,0,11750000.0,Hina Siddiqui,2025-03-04 00:00:00,1,1.8,Good,VIP,840
P102279,Islamabad,Apartment,1789.0,3.0,3.0,2003,Yes,0,"9,850,000",Sara Butt,2025-10-06 00:00:00,3,3.2,Good,urgent,2280
P101187,Hyderabad,Townhouse,2119.0,4.0,4.0,1998,No,1,4450000.0,Bilal Raza,2023-12-05 00:00:00,3,15.9,Good,owner waiting,1188
P100479,Lahore,Villa,1421.0,2.0,1.0,2023,Yes,1,12200000.0,Hassan Iqbal,2022-07-09 00:00:00,2,9.6,Average,,480
P101514,Faisalabad,Apartment,1693.0,4.0,4.0,2005,No,0,5350000.0,Saad Khan,2024-11-19 00:00:00,3,17.5,Excellent,VIP,1515
P100764,Peshawar,House,2837.0,6.0,6.0,1987,,1,7000000.0,Hamza Shah,2023-07-26 00:00:00,1,2.2,New,follow up,765
P100056,Lahore,House,1266.0,1.0,1.0,2009,Yes,2,7550000.0,Not Available,2022-01-15 00:00:00,2,15.5,Excellent,VIP,57
P102380,Faisalabad,House,1023.0,2.0,2.0,1995,No,2,3450000.0,Omar Butt,2023-10-14 00:00:00,2,5.9,Excellent,,2381
P100678,Karachi,House,2021.0,5.0,4.0,1997,No,2,12850000.0,Hina Iqbal,2024-05-11 00:00:00,3,4.2,Good,owner waiting,679
P101499,Islamabad,House,1910.0,3.0,3.0,1981,No,3,14300000.0,Ayesha Khan,2022-03-07 00:00:00,2,14.9,Good,urgent,1500
P100518,Karachi,House,2464.0,5.0,0.0,1988,No,1,"14,000,000",,2023-08-05 00:00:00,2,17.2,Excellent,,519
P100741,Karachi,Apartment,3348.0,6.0,5.0,2013,No,4,16250000.0,Hina Malik,2023-04-09 00:00:00,2,10.8,Good,,742
P100134,Islamabad,Apartment,2788.0,5.0,5.0,2003,Yes,2,19800000.0,Fatima Ahmed,2023-09-08 00:00:00,2,11.6,Good,urgent,135
P102427,Rawalpindi,apartment,1911.0,3.0,2.0,2010,No,3,7200000.0,Saad Siddiqui,2024-12-06 00:00:00,4,11.8,Average,follow up,2428
P101064,Lahore,Townhouse,400.0,1.0,,2018,No,2,2200000.0,Hina Siddiqui,2025-09-06 00:00:00,2,4.6,Excellent,urgent,1065
P101559,Faisalabad,Villa,2209.0,5.0,5.0,2019,Yes,3,11750000.0,  Ahmed Raza  ,2022-08-08 00:00:00,2,6.8,Excellent,owner waiting,1560
P101100,Karachi,House,789.0,1.0,1.0,1997,Yes,3,4750000.0,Usman Raza,2025-04-15 00:00:00,3,3.2,Good,VIP,1101
P100554,Karachi,Apartment,2362.0,4.0,4.0,2005,No,1,11200000.0,N/A,2022-09-10 00:00:00,2,7.7,Good,owner waiting,555
P101058,islamabad,Apartment,2197.0,3.0,3.0,2017,No,2,14000000.0,Hina Iqbal,2025-04-09 00:00:00,2,11.1,Good,,1059
P100440,Faisalabad,Townhouse,1865.0,4.0,3.0,1986,No,1,6650000.0,Hamza Shah,2022-08-10 00:00:00,3,9.7,Needs Renovation,nan,441
P102245,Karachi,House,1663.0,3.0,3.0,2017,No,2,7450000.0,Zain Iqbal,2022-11-01 00:00:00,2,7.3,Good,nan,2246
P102032,Lahore,Apartment,1315.0,3.0,3.0,1984,No,1,6050000.0,Saad Raza,2023-07-16 00:00:00,4,3.8,Average,nan,2033
P102032,Lahore,Apartment,1315.0,3.0,3.0,1984,No,1,6050000.0,Saad Raza,2023-07-16 00:00:00,4,3.8,Average,nan,2033
P102032,Lahore,Apartment,1315.0,3.0,3.0,1984,No,1,6050000.0,Saad Raza,2023-07-16 00:00:00,4,3.8,Average,nan,2033
P101992,Lahore,Townhouse,2453.0,4.0,4.0,2021,No,1,12250000.0,Usman Raza,2023-06-25 00:00:00,3,7.5,Good,nan,1993
P101692,Karachi,Apartment,2514.0,3.0,2.0,2023,No,1,10700000.0,Omar Khan,2025-12-13 00:00:00,4,7.6,Good,urgent,1693
P101124,Lahore,Apartment,2094.0,3.0,3.0,2004,No,2,9000000.0,Fatima Malik,2024-12-08 00:00:00,2,6.9,Good,urgent,1125
P101864,Islamabad,Apartment,2662.0,5.0,5.0,2010,Yes,0,21000000.0,Ahmed Butt,2024-01-31 00:00:00,3,11.4,Average,call later,1865
P100168,Lahore,Apartment,1018.0,2.0,1.0,1990,Yes,2,5050000.0,Hassan Khan,2022-09-29 00:00:00,3,9.0,Excellent,,169
P101477,Hyderabad,House,2225.0,3.0,3.0,2013,No,2,6900000.0,Maham Raza,2025-06-02 00:00:00,2,0.6,New,urgent,1478
P100861,Rawalpindi,House,2198.0,3.0,,1984,No,1,9500000.0,Maham Siddiqui,2024-06-25 00:00:00,1,14.2,New,VIP,862
P100233,Islamabad,House,1707.0,4.0,3.0,1999,Yes,1,12800000.0,Fatima Siddiqui,2025-01-07 00:00:00,2,5.8,Excellent,,234
P100410,islamabad,Apartment,2851.0,5.0,5.0,2014,No,4,17100000.0,Zain Khan,2022-08-13 00:00:00,3,2.6,New,,411
P101943,Karachi,Townhouse,3225.0,5.0,5.0,2008,No,2,16950000.0,Ali Sheikh,2025-03-18 00:00:00,2,14.0,Average,owner waiting,1944
P101225,Faisalabad,Villa,1900.0,4.0,4.0,2006,No,0,7850000.0,Ali Qureshi,2023-08-04 00:00:00,3,2.0,Good,call later,1226
P102166,Faisalabad,Villa,1792.0,4.0,4.0,1985,No,2,8000000.0,Bilal Sheikh,,2,7.2,Excellent,VIP,2167
P101512,Islamabad,Townhouse,790.0,2.0,1.0,1980,No,1,5700000.0,Ayesha Sheikh,2025-03-08 00:00:00,1,7.0,Average,urgent,1513
P101512,Islamabad,Townhouse,790.0,2.0,1.0,1980,No,1,5700000.0,Ayesha Sheikh,2025-03-08 00:00:00,1,7.0,Average,urgent,1513
P101512,Islamabad,Townhouse,790.0,2.0,1.0,1980,No,1,5700000.0,Ayesha Sheikh,2025-03-08 00:00:00,1,7.0,Average,urgent,1513
P100495,Islamabad,Apartment,1749.0,3.0,2.0,2005,No,2,14300000.0,Ali Raza,2023-04-13 00:00:00,3,4.8,New,,496
P100657,Karachi,House,1119.0,2.0,1.0,2010,No,1,6000000.0,Bilal Iqbal,2023-10-16 00:00:00,3,6.2,Average,VIP,658
P102351,Faisalabad,Apartment,1480.0,2.0,2.0,1990,Yes,2,4150000.0,Zain Malik,2022-01-08 00:00:00,2,10.9,New,VIP,2352
P101103,Multan,House,1566.0,3.0,3.0,1986,No,2,5550000.0,Hina Sheikh,2025-08-27 00:00:00,1,2.5,Good,urgent,1104
P102144,Lahore,House,2199.0,4.0,3.0,1987,No,2,10200000.0,Hina Malik,2023-11-16 00:00:00,2,3.2,Good,owner waiting,2145
P101289,Islamabad,Apartment,1657.0,3.0,3.0,2000,No,2,10350000.0,Ali Shah,2024-02-26 00:00:00,2,3.5,Good,urgent,1290
P100043,Lahore,House,1822.0,4.0,4.0,1999,No,1,10200000.0,Maham Khan,2023-03-26 00:00:00,2,4.4,Good,VIP,44
P101583,Karachi,House,1520.0,3.0,2.0,2010,Yes,3,10200000.0,Ahmed Iqbal,2023-10-18 00:00:00,1,10.8,Good,urgent,1584
P101829,Lahore,Townhouse,2221.0,2.0,2.0,2013,Yes,1,9900000.0,Saad Shah,2023-03-23 00:00:00,3,16.7,Excellent,follow up,1830
P101486,Hyderabad,House,1475.0,3.0,2.0,1988,No,1,4450000.0,Danish Ahmed,2025-12-07 00:00:00,4,19.8,New,follow up,1487
P101590,Karachi,House,2647.0,4.0,4.0,1994,No,1,16950000.0,Maham Siddiqui,2024-11-03 00:00:00,2,14.9,Average,nan,1591
P101435,Hyderabad,House,2845.0,6.0,6.0,2002,Yes,1,9150000.0,Maham Qureshi,2025-05-13 00:00:00,2,14.4,Average,call later,1436
P101611,Multan,Villa,2357.0,5.0,5.0,1997,No,3,9450000.0,Danish Iqbal,2022-08-21 00:00:00,1,5.2,Excellent,call later,1612
P102452,Islamabad,House,3321.0,7.0,6.0,1984,Yes,2,22750000.0,Ayesha Malik,2024-06-06 00:00:00,1,0.8,Good,owner waiting,2453
P102216,Karachi,House,2506.0,4.0,4.0,2008,Yes,3,14450000.0,Maham Shah,2025-07-23 00:00:00,2,11.6,Average,owner waiting,2217
P102066,Lahore,Villa,2480.0,5.0,5.0,1986,Yes,2,20950000.0,Fatima Shah,2024-12-30 00:00:00,4,2.2,Average,call later,2067
P102296,rawalpindi,House,2601.0,4.0,4.0,2008,No,1,11050000.0,Fatima Raza,2025-07-15 00:00:00,1,9.8,Good,,2297
P100282,Karachi,Apartment,738.0,2.0,2.0,2005,No,2,3500000.0,  Ayesha Butt  ,2022-08-03 00:00:00,2,4.7,Excellent,owner waiting,283
P100239,Karachi,Apartment,1240.0,2.0,2.0,1984,,1,5250000.0,Ali Malik,,2,3.2,Excellent,,240
P100239,Karachi,Apartment,1240.0,2.0,2.0,1984,,1,5250000.0,Ali Malik,,2,3.2,Excellent,,240
P102108,Lahore,House,2181.0,3.0,2.0,2014,Yes,2,12800000.0,Sara Shah,2023-05-27 00:00:00,3,2.0,Good,nan,2109
P100857,Faisalabad,Apartment,1994.0,3.0,3.0,2023,Yes,2,6300000.0,Hamza Ahmed,2022-08-16 00:00:00,2,2.7,Good,follow up,858
P102005,Faisalabad,House,1554.0,3.0,2.0,2019,Yes,2,5400000.0,Maham Khan,2023-05-27 00:00:00,1,3.9,Average,nan,2006
P101375,Karachi,House,1843.0,4.0,3.0,2009,No,2,11100000.0,Danish Siddiqui,2023-11-22 00:00:00,3,2.9,Good,urgent,1376
P101304,Multan,House,1452.0,3.0,2.0,2010,Yes,1,5450000.0,Hamza Sheikh,2023-05-04 00:00:00,1,13.5,Excellent,follow up,1305
P100611,Islamabad,House,1535.0,3.0,3.0,2017,Yes,1,10450000.0,Saad Sheikh,2024-11-17 00:00:00,2,7.9,Good,,612
P100507,Multan,House,886.0,1.0,1.0,2019,No,2,3450000.0,Maham Shah,2024-02-15 00:00:00,4,2.4,Good,nan,508
P102395,Hyderabad,Apartment,1039.0,2.0,2.0,2023,Yes,1,2750000.0,Hassan Iqbal,2024-09-16 00:00:00,2,6.0,New,call later,2396
P102270,Islamabad,Apartment,1983.0,4.0,3.0,2010,Yes,2,12000000.0,Sara Shah,2023-05-25 00:00:00,2,6.8,Excellent,call later,2271
P101606,Hyderabad,Apartment,1336.0,3.0,3.0,2021,Yes,1,3300000.0,Hamza Iqbal,2023-05-27 00:00:00,2,10.0,Good,VIP,1607
P102013,Lahore,House,802.0,1.0,1.0,1980,No,2,3900000.0,Maham Ahmed,2024-05-15 00:00:00,2,13.6,Average,follow up,2014
P101936,Lahore,Villa,1729.0,3.0,,1987,Yes,3,10650000.0,Ali Ahmed,2023-02-26 00:00:00,3,8.3,Good,nan,1937
P101562,Faisalabad,House,1809.0,3.0,3.0,2017,No,4,6750000.0,Maham Khan,2022-04-08 00:00:00,4,5.8,Average,urgent,1563
P101562,Faisalabad,House,1809.0,3.0,3.0,2017,No,4,6750000.0,Maham Khan,2022-04-08 00:00:00,4,5.8,Average,urgent,1563
P101754,Lahore,Villa,832.0,2.0,2.0,1981,NO,1,4900000.0,Usman Sheikh,2023-07-17 00:00:00,2,8.2,Excellent,nan,1755
P101259,Hyderabad,House,1611.0,,3.0,1994,No,1,6000000.0,Maham Sheikh,2024-09-25 00:00:00,2,5.6,Good,owner waiting,1260
P100420,Islamabad,Townhouse,1958.0,3.0,3.0,2009,No,0,"13,350,000",Fatima Butt,2024-08-22 00:00:00,1,0.7,Excellent,owner waiting,421
P102259,Lahore,Townhouse,3841.0,6.0,6.0,2006,No,3,200000000.0,Hina Raza,2025-12-05 00:00:00,2,16.0,Needs Renovation,urgent,2260
P100498,Lahore,Townhouse,1494.0,3.0,3.0,2020,Yes,2,8200000.0,Ahmed Ahmed,2025-03-23 00:00:00,4,1.4,New,nan,499
P100298,Multan,Apartment,,4.0,4.0,2004,No,1,6750000.0,Danish Iqbal,2024-07-21 00:00:00,1,5.8,Good,urgent,299
P100289,Karachi,House,2361.0,5.0,5.0,1990,Yes,2,14900000.0,Fatima Malik,2022-01-25 00:00:00,2,1.5,Good,,290
P102428,Islamabad,Apartment,520.0,2.0,2.0,1985,Yes,2,3650000.0,Bilal Ahmed,2025-06-12 00:00:00,3,4.2,Excellent,follow up,2429
P100450,Karachi,House,2063.0,3.0,2.0,2008,No,3,10250000.0,Hamza Siddiqui,2024-04-17 00:00:00,2,8.6,Good,,451
P100930,Karachi,Apartment,50000.0,2.0,1.0,2012,No,4,5550000.0,  Omar Iqbal  ,2024-05-27 00:00:00,3,11.7,Excellent,VIP,931
P101089,,House,1779.0,3.0,3.0,1998,No,0,8000000.0,Sara Iqbal,2024-08-30 00:00:00,2,0.8,Excellent,,1090
P100719,Peshawar,House,1888.0,3.0,3.0,1997,Yes,1,7150000.0,Sara Ahmed,2024-11-07 00:00:00,2,3.2,Excellent,follow up,720
P102026,Multan,Apartment,2194.0,3.0,2.0,1993,No,2,6500000.0,Hassan Shah,2022-11-06 00:00:00,3,7.0,Excellent,follow up,2027
P100802,Faisalabad,House,2932.0,4.0,3.0,1994,Yes,2,10850000.0,,2024-07-05 00:00:00,2,2.8,Average,urgent,803
P100632,Karachi,House,1708.0,2.0,1.0,2023,Yes,1,9000000.0,Hamza Iqbal,2024-04-16 00:00:00,2,6.8,New,VIP,633
P101808,Lahore,Townhouse,994.0,1.0,1.0,1993,No,2,4250000.0,Maham Khan,2022-06-13 00:00:00,2,7.4,Excellent,follow up,1809
P102498,Multan,House,483.0,1.0,1.0,1988,,2,1750000.0,Ayesha Malik,2023-02-07 00:00:00,2,12.1,New,follow up,2499
P100170,Karachi,Apartment,2363.0,5.0,5.0,1995,Yes,2,"11,550,000",Ayesha Qureshi,2023-05-01 00:00:00,1,4.6,Good,owner waiting,171
P100170,Karachi,Apartment,2363.0,5.0,5.0,1995,Yes,2,"11,550,000",Ayesha Qureshi,2023-05-01 00:00:00,1,4.6,Good,owner waiting,171
P101385,Karachi,House,1734.0,4.0,3.0,2007,Yes,2,9100000.0,Saad Raza,2023-09-14 00:00:00,2,14.5,Excellent,urgent,1386
P100772,Islamabad,Apartment,770.0,1.0,1.0,1998,Yes,1,300000000.0,Danish Malik,2024-11-04 00:00:00,3,3.9,Average,call later,773
P100318,Karachi,House,938.0,3.0,3.0,1986,No,1,4700000.0,Sara Siddiqui,2023-10-13 00:00:00,1,9.4,New,nan,319
P101091,Islamabad,House,1984.0,4.0,4.0,1999,Yes,0,15450000.0,Usman Siddiqui,2022-03-10 00:00:00,1,14.5,Good,call later,1092
P101490,,Townhouse,,,5.0,1992,No,1,15550000.0,Danish Butt,2023-07-24 00:00:00,3,16.0,Average,,1491
P101472,Karachi,Apartment,1169.0,2.0,1.0,1989,Yes,2,5800000.0,Zain Siddiqui,2023-07-13 00:00:00,2,8.3,Average,follow up,1473
P102302,LAHORE,House,1920.0,3.0,3.0,1998,Yes,1,7750000.0,Omar Malik,2024-07-21 00:00:00,2,10.9,Average,nan,2303
P101700,Peshawar,House,2018.0,3.0,2.0,1999,NO,3,9850000.0,Sara Siddiqui,2022-07-23 00:00:00,3,4.3,Needs Renovation,follow up,1701
P100093,Lahore,House,2343.0,4.0,4.0,2022,No,2,13250000.0,Sara Siddiqui,2024-07-31 00:00:00,2,3.4,Good,follow up,94
P100407,Multan,House,1086.0,2.0,1.0,1996,No,1,3600000.0,Ahmed Qureshi,2025-04-15 00:00:00,3,3.1,Good,urgent,408
P100246,Islamabad,House,2663.0,5.0,4.0,2021,Yes,0,14550000.0,Hassan Butt,2025-08-02 00:00:00,3,1.6,New,nan,247
P102451,Rawalpindi,Apartment,1742.0,3.0,2.0,1996,No,1,4350000.0,Zain Khan,2023-06-16 00:00:00,1,4.6,New,nan,2452
P100647,Lahore,Apartment,1996.0,4.0,3.0,1992,No,1,9100000.0,Fatima Ahmed,2023-01-07 00:00:00,3,18.5,Good,nan,648
P100521,Lahore,Apartment,1497.0,2.0,2.0,1981,Yes,1,6700000.0,Danish Ahmed,2022-09-12 00:00:00,3,5.9,Excellent,follow up,522
P101556,Peshawar,House,1834.0,4.0,4.0,2012,Yes,2,9800000.0,Omar Raza,2023-10-16 00:00:00,2,1.8,Good,owner waiting,1557
P100838,Lahore,HOUSE,1399.0,2.0,2.0,1993,No,3,7550000.0,Saad Raza,2023-05-27 00:00:00,2,3.3,Average,urgent,839
P100618,Karachi,House,,3.0,3.0,1985,No,3,12400000.0,Danish Qureshi,2022-03-25 00:00:00,3,20.7,Excellent,owner waiting,619
P101784,Karachi,Villa,1637.0,3.0,3.0,1981,No,2,10300000.0,Sara Qureshi,2025-04-25 00:00:00,3,7.2,Good,call later,1785
P100890,Lahore,House,1797.0,4.0,3.0,1989,Yes,4,10350000.0,Sara Khan,2022-07-26 00:00:00,3,15.1,Good,owner waiting,891
P100662,Karachi,House,1941.0,4.0,4.0,1983,,1,11300000.0,Maham Shah,2024-08-27 00:00:00,3,4.5,New,owner waiting,663
P102457,Karachi,House,2803.0,5.0,5.0,1985,Yes,2,15000000.0,Saad Malik,2024-06-06 00:00:00,2,9.1,Average,urgent,2458
P100254,Karachi,Villa,811.0,1.0,1.0,2013,No,2,0.0,Usman Sheikh,2023-08-26 00:00:00,2,4.2,Good,call later,255
P100178,Faisalabad,Apartment,1447.0,4.0,4.0,2000,No,4,"3,650,000",Ayesha Qureshi,2025-08-30 00:00:00,2,4.3,Needs Renovation,,179
P100178,Faisalabad,Apartment,1447.0,4.0,4.0,2000,No,4,"3,650,000",Ayesha Qureshi,2025-08-30 00:00:00,2,4.3,Needs Renovation,,179
P102189,Peshawar,Apartment,1644.0,3.0,,1982,Yes,1,5900000.0,Hassan Ahmed,2022-11-18 00:00:00,2,13.1,Excellent,follow up,2190
P101068,Karachi,Villa,1122.0,3.0,3.0,2000,Yes,1,8400000.0,  Zain Raza  ,2023-05-11 00:00:00,2,12.1,New,call later,1069
P100528,Multan,Apartment,1720.0,2.0,1.0,2017,No,1,5900000.0,Hina Ahmed,2025-05-03 00:00:00,2,2.7,New,follow up,529
P101667,Karachi,House,1680.0,4.0,3.0,1993,Yes,2,"8,550,000",Hassan Khan,2022-02-27 00:00:00,1,3.4,Good,urgent,1668
P100435,Karachi,Apartment,1683.0,3.0,3.0,1986,Yes,2,9250000.0,Saad Iqbal,2022-03-02 00:00:00,1,8.2,Good,,436
P101357,Lahore,House,1589.0,3.0,2.0,2014,No,1,7550000.0,Fatima Khan,2025-03-10 00:00:00,3,7.7,Good,,1358
P100756,Lahore,House,400.0,1.0,1.0,2013,Yes,4,2600000.0,Ali Shah,2025-12-31 00:00:00,3,12.6,New,,757
P101116,Karachi,House,745.0,1.0,1.0,2015,No,2,3600000.0,Hassan Iqbal,2023-12-18 00:00:00,3,4.2,Good,nan,1117
P101965,Karachi,House,1487.0,2.0,1.0,2015,No,2,7350000.0,Ali Siddiqui,2024-03-21 00:00:00,1,8.7,Good,,1966
P101551,Lahore,Apartment,1112.0,3.0,3.0,2018,No,4,5000000.0,Hamza Qureshi,2022-12-14 00:00:00,1,12.5,Good,call later,1552
P101545,Lahore,House,1668.0,2.0,,2009,Yes,2,"9,400,000",Hamza Khan,2025-07-16 00:00:00,3,13.1,Excellent,owner waiting,1546
P101855,Hyderabad,Apartment,2087.0,4.0,4.0,2020,No,1,5900000.0,Zain Siddiqui,2024-04-15 00:00:00,3,13.6,Good,nan,1856
P102362,Lahore,House,1088.0,3.0,3.0,1992,Yes,1,6650000.0,Sara Ahmed,2022-11-01 00:00:00,1,2.5,Excellent,,2363
P100188,Rawalpindi,House,20000.0,4.0,4.0,1983,Yes,1,10850000.0,Sara Qureshi,2023-08-11 00:00:00,2,7.1,Good,nan,189
P100438,Rawalpindi,House,2564,4.0,3.0,2013,NO,2,11900000.0,Hamza Malik,2025-07-08 00:00:00,2,16.6,Good,call later,439
P102102,Multan,Townhouse,1336.0,2.0,2.0,1988,Yes,2,4000000.0,Hassan Qureshi,2023-06-21 00:00:00,3,4.0,Average,nan,2103
P101317,Karachi,House,2251.0,5.0,4.0,1993,Yes,2,12300000.0,Bilal Sheikh,2022-12-06 00:00:00,2,5.3,Good,VIP,1318
P101740,Karachi,Villa,1316.0,2.0,2.0,2016,No,1,9350000.0,Omar Khan,2022-01-21 00:00:00,3,3.0,New,,1741
P100251,Faisalabad,Apartment,,3.0,2.0,2022,Yes,2,3200000.0,Fatima Iqbal,,2,2.6,Good,owner waiting,252
P100194,Karachi,Villa,1520.0,3.0,3.0,1990,No,1,11400000.0,Hamza Khan,2025-04-17 00:00:00,3,4.8,Good,call later,195
P101665,Faisalabad,House,1418.0,3.0,3.0,1998,No,1,4900000.0,Fatima Sheikh,2024-01-04 00:00:00,2,4.5,Average,VIP,1666
P100464,Islamabad,House,400.0,1.0,1.0,2002,Yes,2,2900000.0,Bilal Iqbal,2023-04-23 00:00:00,1,15.0,Needs Renovation,VIP,465
P102493,Peshawar,House,,2.0,1.0,2002,Yes,2,2900000.0,Sara Siddiqui,2025-06-18 00:00:00,2,1.1,Average,VIP,2494
P100746,Lahore,House,2499.0,3.0,2.0,1994,No,2,12950000.0,Ali Ahmed,2023-03-23 00:00:00,2,4.9,Good,follow up,747
P101896,Islamabad,House,2404.0,5.0,4.0,1984,No,1,16300000.0,Ahmed Malik,2024-02-17 00:00:00,2,2.7,Good,urgent,1897
P100999,Karachi,Villa,2533.0,,5.0,1984,No,0,15400000.0,Saad Iqbal,2024-01-17 00:00:00,3,8.3,Good,urgent,1000
P101915,Karachi,Villa,,2.0,2.0,2019,No,2,14650000.0,Omar Shah,2023-10-30 00:00:00,2,16.2,Good,nan,1916
P101826,Lahore,House,1699.0,3.0,3.0,2017,Yes,2,10500000.0,Bilal Iqbal,2022-02-21 00:00:00,2,9.3,Excellent,VIP,1827
P101826,Lahore,House,1699.0,3.0,3.0,2017,Yes,2,10500000.0,Bilal Iqbal,2022-02-21 00:00:00,2,9.3,Excellent,VIP,1827
P100527,Hyderabad,Villa,670.0,2.0,2.0,1997,Yes,2,3150000.0,Zain Butt,2024-08-09 00:00:00,3,11.1,Good,nan,528
P100486,Lahore,House,2997.0,5.0,5.0,1991,No,1,13450000.0,Fatima Iqbal,2022-12-01 00:00:00,2,6.8,Good,follow up,487
P101966,Rawalpindi,House,2111.0,4.0,4.0,2016,No,1,8150000.0,Sara Sheikh,2022-09-06 00:00:00,3,0.1,Average,VIP,1967
P101242,Lahore,Villa,2351.0,5.0,,2000,Yes,0,16950000.0,N/A,2022-01-05 00:00:00,2,23.7,New,call later,1243
P101322,Karachi,Apartment,1160.0,1.0,1.0,2010,No,2,5850000.0,Bilal Khan,2024-09-28 00:00:00,2,1.5,Good,urgent,1323
P100111,Karachi,Villa,686.0,1.0,1.0,2011,Yes,3,4750000.0,Fatima Siddiqui,2023-05-20 00:00:00,3,6.8,Average,VIP,112
P100175,Karachi,Apartment,1720.0,4.0,3.0,2004,Yes,3,7150000.0,Saad Sheikh,2022-09-13 00:00:00,2,2.0,Good,urgent,176
P102381,Karachi,Apartment,1747.0,4.0,3.0,1985,Yes,3,9350000.0,Ayesha Butt,2025-05-19 00:00:00,2,11.1,Good,follow up,2382
P100463,Lahore,Apartment,1779.0,3.0,2.0,1990, no ,2,7200000.0,N/A,2024-03-09 00:00:00,2,4.4,Average,nan,464
P101196,Karachi,House,400.0,1.0,1.0,1982,No,0,2100000.0,Saad Qureshi,2024-11-20 00:00:00,2,13.7,Good,owner waiting,1197
P100211,Islamabad,House,1898.0,3.0,3.0,2012,No,1,16450000.0,Hina Siddiqui,2022-12-25 00:00:00,4,5.6,Excellent,owner waiting,212
P101793, Rawalpindi ,Apartment,931,2.0,1.0,1992,No,1,3700000.0,Danish Siddiqui,,3,7.2,Good,follow up,1794
P101599,Karachi,Townhouse,1346.0,1.0,1.0,1990,No,3,6550000.0,Hina Qureshi,2024-05-14 00:00:00,2,16.2,Excellent,urgent,1600
P102477,Karachi,House,1796.0,2.0,1.0,2002,Yes,2,11100000.0,Omar Qureshi,2024-09-30 00:00:00,3,10.4,Excellent,call later,2478
P101972,Rawalpindi,Apartment,2927.0,6.0,5.0,1999,Yes,1,11800000.0,Zain Qureshi,2025-02-26 00:00:00,1,5.1,Average,owner waiting,1973
P102105,Rawalpindi,House,993.0,2.0,2.0,2015,Yes,1,4500000.0,Hassan Butt,2025-04-19 00:00:00,1,8.6,Good,VIP,2106
P102073,Faisalabad,House,2318.0,6.0,6.0,1984,Yes,2,8700000.0,Ahmed Ahmed,2023-08-11 00:00:00,2,8.3,Average,nan,2074
P102249,Lahore,House,1199.0,3.0,3.0,2002,No,2,6750000.0,Maham Butt,2022-07-10 00:00:00,3,5.3,Average,owner waiting,2250
P101975, Karachi ,Apartment,1427.0,2.0,2.0,2007,No,2,7150000.0,Zain Ahmed,2025-04-05 00:00:00,1,4.6,Good,,1976
P102366,Karachi,House,2003.0,4.0,3.0,2006,Yes,2,13350000.0,Bilal Malik,2024-08-22 00:00:00,3,7.0,Good,urgent,2367
P100196,Islamabad,Villa,1725.0,3.0,2.0,1988,Yes,1,19650000.0,Hamza Butt,2022-11-16 00:00:00,1,13.0,Excellent,call later,197
P101298,Rawalpindi,House,1722.0,3.0,3.0,2008,Yes,1,7050000.0,Maham Raza,2024-06-19 00:00:00,2,2.4,Good,,1299
P101127,Rawalpindi,Apartment,1048.0,2.0,2.0,1985,No,2,4200000.0,Bilal Malik,2023-03-24 00:00:00,2,23.8,Good,call later,1128
P100367,Rawalpindi,Apartment,,8.0,6.0,2008,Yes,3,13950000.0,Zain Iqbal,2025-08-27 00:00:00,3,7.8,Excellent,VIP,368
P101713,Faisalabad,House,2211.0,5.0,5.0,1986,Yes,2,6550000.0,Omar Malik,2022-03-21 00:00:00,1,2.0,Good,call later,1714
P100900,Lahore,House,1311.0,3.0,2.0,1991,No,1,6050000.0,Omar Siddiqui,2025-08-26 00:00:00,2,5.3,Good,nan,901
P100700,Karachi,Villa,2367.0,6.0,6.0,1990,No,2,15200000.0,Ayesha Qureshi,2023-09-01 00:00:00,2,8.5,Average,nan,701
P102094,Peshawar,House,1512.0,4.0,4.0,1997,No,2,4300000.0,Ali Siddiqui,2023-11-04 00:00:00,3,5.2,New,follow up,2095
P102499,Lahore,Apartment,825.0,1.0,1.0,2017,Yes,1,4450000.0,Zain Shah,2023-11-12 00:00:00,4,6.8,Good,,2500
P102318,Lahore,Apartment,1578.0,4.0,4.0,2020,No,3,8250000.0,Hina Qureshi,2025-01-09 00:00:00,2,12.7,Good,,2319
P102309,Faisalabad,Apartment,1111.0,,,2009,Yes,2,3250000.0,Bilal Malik,2023-01-23 00:00:00,3,14.3,Good,owner waiting,2310
P100845,Faisalabad,Apartment,1798.0,4.0,4.0,1980,Yes,1,4000000.0,Hina Shah,2025-05-27 00:00:00,2,4.0,Average,owner waiting,846
P102178,Karachi,House,1327.0,2.0,1.0,1991,No,2,7100000.0,Hamza Siddiqui,2022-11-23 00:00:00,4,7.1,Good,,2179
P102423,Karachi,Villa,1339.0,3.0,2.0,2018,No,1,8900000.0,,2023-12-31 00:00:00,2,3.6,Good,owner waiting,2424
P100321,LAHORE,Apartment,1864.0,3.0,3.0,2011,Yes,2,7950000.0,Maham Ahmed,2024-10-02 00:00:00,1,9.5,Good,follow up,322
P101014,Lahore,Townhouse,2471.0,4.0,4.0,2020,No,3,9750000.0,,2023-12-08 00:00:00,2,13.2,New,,1015
P102231,Islamabad,Townhouse,,1.0,1.0,2010,Yes,1,8300000.0,Maham Shah,2022-02-17 00:00:00,2,14.6,Excellent,follow up,2232
P101151,Faisalabad,House,1925.0,4.0,4.0,1984,No,1,6350000.0,Danish Malik,2022-05-21 00:00:00,2,7.5,Good,call later,1152
P101075,Lahore,House,1566.0,3.0,3.0,1991,Yes,1,7600000.0,Saad Khan,2022-09-12 00:00:00,3,2.2,Good,,1076
P101897,Karachi,Villa,1199.0,2.0,2.0,1981,yes,2,9150000.0,Hina Butt,2023-07-19 00:00:00,3,-8.0,Good,call later,1898
P100354,Lahore,Villa,3029.0,5.0,5.0,1981, no ,2,22450000.0,Bilal Shah,2024-05-29 00:00:00,1,2.8,Excellent,urgent,355
P101659,Karachi,House,1548.0,2.0,2.0,1984,No,3,7950000.0,Hamza Shah,2025-01-29 00:00:00,2,3.9,Good,nan,1660
P101506,Rawalpindi,Apartment,,7.0,6.0,2017,Yes,2,13550000.0,Ahmed Iqbal,2022-08-28 00:00:00,3,11.1,Excellent,urgent,1507
P100296,Hyderabad,Apartment,1577.0,2.0,2.0,1999,No,2,4550000.0,Hamza Butt,2023-09-09 00:00:00,1,8.5,Average,nan,297
P101550,Karachi,Townhouse,1529.0,2.0,2.0,2023,No,1,8600000.0,Unknown,2025-08-14 00:00:00,3,4.8,Good,owner waiting,1551
P101632,Islamabad,House,1253.0,2.0,2.0,1989,Yes,1,10950000.0,Ayesha Siddiqui,2025-10-22 00:00:00,1,9.2,New,follow up,1633
P100212,Karachi,House,2012.0,4.0,4.0,1993,No,3,12800000.0,Omar Butt,2024-05-27 00:00:00,2,13.4,New,nan,213
P100051,Karachi,Apartment,2144.0,3.0,3.0,2015,Yes,3,10600000.0,Ayesha Siddiqui,2025-05-08 00:00:00,2,10.2,Excellent,nan,52
P100755,Karachi,Villa,1694.0,4.0,4.0,1989,No,0,11000000.0,Hina Raza,2023-03-28 00:00:00,2,11.8,Average,follow up,756
P100218,Peshawar,House,3203.0,5.0,5.0,1989,No,2,12700000.0,Hassan Malik,2025-07-24 00:00:00,2,2.5,Average,nan,219
P102015,Islamabad,House,1640.0,2.0,1.0,2011,No,2,12300000.0,Maham Khan,2022-05-04 00:00:00,2,9.3,Average,VIP,2016
P101394,Multan, Townhouse ,3716.0,6.0,6.0,2005,No,1,10700000.0,Hassan Siddiqui,2024-09-21 00:00:00,4,7.1,Good,,1395
P101368,Karachi,Apartment,1378.0,3.0,3.0,2015,No,1,6350000.0,Danish Sheikh,2022-01-21 00:00:00,3,10.9,Good,call later,1369
P100798,Rawalpindi,Apartment,1949.0,3.0,2.0,2022,No,2,7300000.0,Saad Ahmed,2023-08-11 00:00:00,3,5.2,Excellent,call later,799
P102409,Peshawar,House,1306.0,3.0,3.0,2002,No,2,4400000.0,Hassan Butt,2022-08-07 00:00:00,3,2.5,Good,nan,2410
P101271,Lahore,Townhouse,1283.0,2.0,2.0,1990,No,3,6000000.0,Sara Shah,2022-04-18 00:00:00,2,8.5,Good,owner waiting,1272
P100096,Lahore,House,1297,3.0,3.0,1989,No,3,7150000.0,  Ali Siddiqui  ,2024-03-24 00:00:00,2,15.3,Good,owner waiting,97
P101738,Islamabad,Apartment,1679.0,1.0,1.0,2004,Yes,1,9400000.0,Sara Iqbal,2023-10-10 00:00:00,1,6.6,Good,nan,1739
P101995,Rawalpindi,House,912.0,2.0,2.0,1993,Yes,1,4250000.0,Saad Butt,2024-05-28 00:00:00,1,8.7,Good,owner waiting,1996
P101509,Rawalpindi,Apartment,1351.0,4.0,4.0,1998,Yes,3,5200000.0,Hassan Sheikh,2024-12-28 00:00:00,2,3.6,Good,owner waiting,1510
P101461,Islamabad,House,1541.0,1.0,1.0,1982,Yes,3,15150000.0,Maham Ahmed,2022-10-05 00:00:00,2,11.9,Good,owner waiting,1462
P100942,Karachi,House,836.0,1.0,1.0,2013,No,3,4375049.464124754,Hina Khan,2025-07-30 00:00:00,2,7.5,New,follow up,943
P100761,Karachi,Apartment,1432.0,3.0,3.0,1997,No,4,6850000.0,Ahmed Ahmed,2024-07-28 00:00:00,1,6.7,Average,nan,762
P100903,Lahore,Townhouse,930.0,1.0,1.0,2023, no ,2,5250000.0,Maham Raza,2024-10-28 00:00:00,3,11.7,Average,call later,904
P100324,Faisalabad,Townhouse,928.0,1.0,1.0,1992,Yes,3,3600000.0,Ahmed Qureshi,2025-04-24 00:00:00,3,3.3,Good,urgent,325
P101940,Karachi,House,1299.0,1.0,1.0,2022,Yes,1,7600000.0,Danish Raza,2023-04-06 00:00:00,2,3.1,Good,VIP,1941
P101876,Karachi,Apartment,2018.0,3.0,2.0,2021,Yes,1,9900000.0,Hina Iqbal,2022-12-08 00:00:00,2,5.5,Needs Renovation,follow up,1877
P101902,Faisalabad,House,1679,2.0,2.0,2002,Yes,2,5350000.0,Hassan Ahmed,2022-02-05 00:00:00,2,7.5,Good,urgent,1903
P101017,Faisalabad,House,2074.0,3.0,2.0,1988,No,2,7400000.0,Fatima Raza,2023-02-28 00:00:00,2,4.0,Good,VIP,1018
P101213, Lahore ,Villa,1482.0,3.0,3.0,2007,No,2,7850000.0,Bilal Ahmed,2025-05-06 00:00:00,4,7.6,Excellent,VIP,1214
P101213, Lahore ,Villa,1482.0,3.0,3.0,2007,No,2,7850000.0,Bilal Ahmed,2025-05-06 00:00:00,4,7.6,Excellent,VIP,1214
P101213, Lahore ,Villa,1482.0,3.0,3.0,2007,No,2,7850000.0,Bilal Ahmed,2025-05-06 00:00:00,4,7.6,Excellent,VIP,1214
P102022,Karachi,Villa,2582.0,5.0,4.0,1991,No,2,14400000.0,Danish Butt,2023-12-29 00:00:00,2,10.9,Excellent,owner waiting,2023
P101830,Lahore,House,2675.0,5.0,5.0,2002,Yes,1,13250000.0,Ali Iqbal,2024-06-16 00:00:00,2,10.9,Excellent,urgent,1831
P101503,Lahore,House,2173.0,3.0,3.0,2023,No,2,15950000.0,Danish Ahmed,2023-11-07 00:00:00,2,11.0,Average,owner waiting,1504
P102465,Rawalpindi,House,2062.0,3.0,2.0,2013,No,1,10600000.0,Hassan Ahmed,2025-11-17 00:00:00,2,6.2,New,,2466
P100422, Karachi ,House,,3.0,3.0,2008,No,2,4800000.0,Hassan Butt,2022-04-24 00:00:00,2,9.2,Good,VIP,423
P100617,Lahore,Apartment,1310.0,4.0,3.0,2005, no ,3,5500000.0,Usman Qureshi,2024-09-10 00:00:00,4,1.7,Good,,618
P101403,Lahore,Apartment,2105.0,4.0,4.0,2015,Yes,1,9950000.0,Ali Qureshi,2024-07-25 00:00:00,2,2.8,Average,,1404
P100979,Karachi,Apartment,2439.0,,6.0,1987,Yes,1,10050000.0,Saad Ahmed,2022-04-04 00:00:00,2,3.9,Excellent,nan,980
P101938,Karachi,House,,3.0,3.0,1995,No,2,8600000.0,Bilal Siddiqui,2025-07-15 00:00:00,2,10.4,New,VIP,1939
P100497,Islamabad,House,1691.0,3.0,2.0,2005,No,3,13000000.0,Maham Siddiqui,2024-05-22 00:00:00,3,2.4,Good,urgent,2509
P101475,Lahore,House,2711.0,6.0,,2012,Yes,2,13000000.0,Fatima Ahmed,2023-11-17 00:00:00,3,5.5,Average,owner waiting,1476
P102036,Peshawar,Apartment,1152.0,1.0,1.0,2024,Yes,3,3550000.0,Saad Khan,2024-06-12 00:00:00,2,8.8,Average,owner waiting,2037
P101386,Rawalpindi,Townhouse,954.0,2.0,2.0,2009,No,2,3800000.0,Omar Sheikh,2024-01-05 00:00:00,3,5.2,Average,urgent,1387
P100259,Islamabad,Apartment,,2.0,2.0,1987,Yes,2,8550000.0,Ali Siddiqui,2022-04-01 00:00:00,2,7.5,Good,urgent,260
P100210,Rawalpindi,Townhouse,3020.0,7.0,6.0,2019,No,2,15100000.0,Zain Qureshi,2024-06-13 00:00:00,2,2.2,New,nan,211
P102450,Islamabad,House,2445.0,4.0,3.0,2012,No,3,16500000.0,Saad Iqbal,2023-05-07 00:00:00,3,7.9,New,VIP,2451
P100443,Karachi,House,1274.0,2.0,1.0,1987,No,3,6900000.0,Ahmed Shah,2025-03-13 00:00:00,2,2.4,Good,nan,444
P100649,Karachi,House,1552.0,3.0,2.0,1994,No,1,"8,800,000",Ahmed Qureshi,2025-05-22 00:00:00,1,8.5,Good,nan,650
P101025,Lahore,House,2817.0,5.0,4.0,2022,No,2,18950000.0,Danish Siddiqui,2025-09-06 00:00:00,3,12.7,New,nan,1026
P101762,Karachi,House,1544.0,3.0,3.0,2023,Yes,2,8950000.0,Bilal Shah,2023-04-27 00:00:00,3,6.4,Good,owner waiting,1763
P100729,Lahore,Apartment,1849.0,2.0,2.0,2010,No,3,9150000.0,Maham Malik,2022-11-02 00:00:00,4,16.7,Good,owner waiting,730
P102204,Lahore,House,2269.0,3.0,2.0,1988,Yes,2,13400000.0,Hassan Malik,2024-11-10 00:00:00,2,6.5,Good,,2205
P101174,Lahore,Villa,2993.0,6.0,5.0,1993,No,2,19100000.0,Hassan Khan,2022-04-07 00:00:00,3,10.7,Good,owner waiting,1175
P101721,Karachi,House,,5.0,5.0,1982,Yes,2,13200000.0,Ali Ahmed,2022-09-19 00:00:00,3,3.1,Excellent,follow up,1722
P101302,Rawalpindi,House,2250.0,5.0,4.0,2003,No,1,8300000.0,  Zain Malik  ,2024-11-16 00:00:00,1,5.4,Good,nan,1303
P100461,Karachi,Townhouse,1822.0,3.0,3.0,2021, yes ,3,11100000.0,Fatima Ahmed,2023-07-04 00:00:00,3,6.0,New,,462
P100810,Karachi,Townhouse,1118.0,2.0,1.0,2003,No,1,4800000.0,Ali Ahmed,2024-06-26 00:00:00,3,3.6,Excellent,follow up,811
P102084,Rawalpindi,Apartment,1996.0,5.0,5.0,2015,Yes,2,9750000.0,Hina Sheikh,2025-09-08 00:00:00,2,21.4,Good,,2085
P101261,Lahore,House,2789.0,,5.0,2024,No,2,14000000.0,Zain Qureshi,2022-07-28 00:00:00,2,8.1,Good,urgent,1262
P101710,,Apartment,1725.0,2.0,1.0,1985,Yes,1,5200000.0,  Maham Sheikh  ,2022-06-10 00:00:00,3,8.5,Average,follow up,1711
P101387,Lahore,Villa,1979.0,4.0,4.0,1989,Yes,1,13950000.0,Danish Shah,2022-08-24 00:00:00,2,1.2,Average,nan,1388
P101993,Karachi,House,1569.0,3.0,,1997,No,0,8450000.0,Bilal Shah,2023-09-28 00:00:00,2,6.4,Good,call later,1994
P101099,Karachi,House,1340.0,2.0,1.0,1989,Yes,1,"6,900,000",Danish Malik,2024-03-01 00:00:00,4,4.5,Good,VIP,1100
P100781,Peshawar,House,1946.0,,3.0,2015,No,0,8500000.0,Hamza Ahmed,2022-12-22 00:00:00,2,6.2,Average,follow up,782
P101399,Lahore,House,2334.0,,3.0,2010,No,2,13350000.0,Usman Butt,2023-11-27 00:00:00,2,6.7,Excellent,urgent,1400
P100471,Lahore,Apartment,1333.0,3.0,3.0,2015,Yes,3,6800000.0,Danish Raza,2022-03-22 00:00:00,2,4.3,Excellent,,472
P102224,Faisalabad,House,2370.0,4.0,4.0,1984,Yes,0,9150000.0,Hina Khan,2025-07-24 00:00:00,3,4.8,New,owner waiting,2225
P100237,Multan,Apartment,12000.0,5.0,4.0,2022,no,2,6500000.0,Danish Siddiqui,2024-01-14 00:00:00,3,26.2,New,follow up,238
P100109,Peshawar,House,1379.0,2.0,1.0,1983,Yes,2,4300000.0,Saad Raza,2025-09-26 00:00:00,3,3.3,Good,owner waiting,110
P100809,Hyderabad,House,2090.0,4.0,3.0,2011,Yes,2,8250000.0,Bilal Malik,2023-08-01 00:00:00,2,10.3,Good,owner waiting,810
P101487,Lahore,Apartment,2812.0,6.0,6.0,2005,Yes,2,13800000.0,,2022-10-12 00:00:00,1,5.6,Good,call later,1488
P100765,Karachi,House,2434.0,4.0,4.0,2016,No,2,12450000.0,Usman Butt,2022-10-01 00:00:00,1,2.9,Average,nan,766
P100252,Lahore,Villa,1708.0,2.0,2.0,1998,Yes,1,10850000.0,  Zain Malik  ,2023-05-16 00:00:00,2,7.7,Good,VIP,253
P101204,Karachi,House,984.0,1.0,1.0,1987,No,1,6000000.0,Ayesha Butt,2022-11-24 00:00:00,2,13.8,New,follow up,1205
P102168,Lahore,Villa,2172.0,3.0,3.0,1994,No,4,14000000.0,Ahmed Khan,2022-05-17 00:00:00,3,6.4,Needs Renovation,,2169
P101927,Rawalpindi,House,2410.0,4.0,4.0,2017,No,3,12650000.0,Hamza Iqbal,2022-11-18 00:00:00,2,5.9,Good,follow up,1928
P100621,Lahore,House,1380.0,3.0,2.0,1988,Yes,0,7650000.0,Hamza Siddiqui,2023-03-26 00:00:00,1,3.2,Average,follow up,622
P102356,Lahore,Apartment,2461.0,3.0,3.0,2021,No,1,9950000.0,Danish Sheikh,2024-11-27 00:00:00,1,6.8,Excellent,follow up,2357
P101744,Rawalpindi,Apartment,1955.0,4.0,4.0,2018,Yes,1,9900000.0,Fatima Malik,2022-03-19 00:00:00,2,2.0,Excellent,,1745
P101325,Faisalabad,Apartment,1659.0,3.0,3.0,2007,No,1,4300000.0,Hina Qureshi,2023-03-12 00:00:00,2,8.1,Good,VIP,1326
P101036,Lahore,house,1904.0,3.0,3.0,2002,Yes,2,9850000.0,Bilal Khan,2024-12-11 00:00:00,2,4.7,Excellent,owner waiting,1037
P100387,Peshawar,Townhouse,720.0,2.0,1.0,1989,Yes,2,2600000.0,Bilal Ahmed,2022-03-20 00:00:00,1,1.7,Excellent,,388
P100679,Lahore,Apartment,1324.0,3.0,2.0,1985,No,2,5250000.0,Ahmed Butt,2024-03-11 00:00:00,2,0.8,Good,nan,680
P100719,Peshawar,House,1888.0,3.0,3.0,1997,Yes,1,7150000.0,Sara Ahmed,2024-11-07 00:00:00,2,3.2,Excellent,follow up,2522
P102495,Islamabad,House,1567,3.0,2.0,2018,Yes,4,13900000.0,Hamza Shah,2022-05-07 00:00:00,2,9.6,Good,,2496
P102004,Karachi,House,1454.0,3.0,3.0,2024,No,4,8700000.0,Usman Ahmed,2024-01-07 00:00:00,3,10.6,Good,follow up,2005
P102211,Lahore,House,1020.0,1.0,1.0,1991,yes,2,5200000.0,Omar Khan,2023-11-28 00:00:00,2,9.3,Good,nan,2212
P101728,Karachi,Apartment,1662.0,2.0,1.0,1982,No,2,7650000.0,Zain Siddiqui,2023-06-12 00:00:00,3,8.5,New,urgent,1729
P101618,Hyderabad,House,2264.0,3.0,2.0,2015,Yes,4,7800000.0,Usman Butt,2025-09-28 00:00:00,2,13.9,New,urgent,1619
P100596,Rawalpindi,House,1010.0,2.0,2.0,1994,No,2,4000000.0,Fatima Raza,2023-11-11 00:00:00,2,3.5,Excellent,call later,597
P102173,Karachi,House,15000.0,6.0,6.0,1990,No,0,9750000.0,Ahmed Qureshi,2025-05-02 00:00:00,1,2.4,Excellent,owner waiting,2174
P102057,Lahore,Apartment,1228.0,2.0,2.0,1985,No,1,4350000.0,Ahmed Shah,2023-06-08 00:00:00,2,5.0,Good,urgent,2058
P102285,Karachi,Villa,1714.0,3.0,3.0,1992,Yes,3,11800000.0,Maham Malik,2022-03-05 00:00:00,2,9.8,Excellent,owner waiting,2286
P100567,Karachi,House,659.0,2.0,2.0,2006,No,1,3250000.0,Fatima Iqbal,2022-08-20 00:00:00,1,11.7,Excellent,VIP,568
P101745,Islamabad,House,1240.0,2.0,2.0,1997,No,2,8450000.0,Ayesha Sheikh,2023-06-04 00:00:00,4,2.9,Average,urgent,1746
P100599,Islamabad,House,,5.0,5.0,1992,No,2,17100000.0,Bilal Butt,2022-02-28 00:00:00,2,6.4,Average,urgent,600
P101422,Lahore,House,1234.0,3.0,3.0,2008,,2,5300000.0,Ali Khan,2022-08-21 00:00:00,1,3.5,Good,nan,1423
P100100,Peshawar,House,1237.0,2.0,2.0,2009,No,1,"3,800,000",Hina Iqbal,2023-09-19 00:00:00,4,4.6,Good,nan,101
P102133,Peshawar,House,1439.0,4.0,4.0,2004,No,2,5500000.0,Hina Sheikh,2024-07-04 00:00:00,3,2.7,Good,VIP,2134
P100261,Multan,Townhouse,1582.0,3.0,3.0,1989,No,2,4950000.0,Saad Ahmed,2025-11-23 00:00:00,2,6.8,Needs Renovation,owner waiting,262
P102378,Karachi,House,1232.0,3.0,3.0,2012, no ,2,6850000.0,Hassan Sheikh,2023-11-23 00:00:00,1,17.4,New,urgent,2379
P100482,Islamabad,House,1789.0,3.0,2.0,1989, yes ,3,16418031.913301747,  Ahmed Malik  ,2025-05-28 00:00:00,2,4.2,Good,follow up,483
P102014,Lahore,House,2312.0,5.0,,2023,No,2,11000000.0,Hina Iqbal,2025-11-07 00:00:00,1,13.3,Average,VIP,2015
P100179,Rawalpindi,House,1747.0,3.0,0.0,2012,No,2,7300000.0,Usman Sheikh,2023-03-19 00:00:00,1,2.0,Good,call later,180
P101749,Lahore,Villa,1353,3.0,2.0,1995,Yes,3,10000000.0,Zain Malik,2025-02-23 00:00:00,2,8.2,Good,,1750
P101423,Lahore,Townhouse,1545.0,3.0,3.0,2024,Yes,1,8500000.0,Bilal Butt,2023-10-19 00:00:00,3,5.5,Average,call later,1424
P100808,Lahore,Apartment,2591.0,4.0,,2019,No,2,13600000.0,Usman Malik,2023-05-14 00:00:00,1,3.1,New,urgent,809
P100707,Multan,House,1333.0,3.0,3.0,2012,No,1,4550000.0,Fatima Khan,2024-03-22 00:00:00,3,2.5,Excellent,owner waiting,708
P101103,Multan,House,1566.0,3.0,3.0,1986,No,2,5550000.0,Hina Sheikh,2025-08-27 00:00:00,1,2.5,Good,follow up,2520
P100605,Multan,Apartment,2225.0,4.0,3.0,1986,Yes,1,6750000.0,Bilal Khan,2022-01-08 00:00:00,3,6.0,Good,call later,606
P100291,Karachi,House,2172.0,4.0,4.0,1993,Yes,2,9750000.0,Zain Siddiqui,2024-11-25 00:00:00,1,6.1,Average,,292
P100141,Lahore,Villa,1195.0,1.0,1.0,1981,Yes,2,8150000.0,Ahmed Ahmed,2025-04-03 00:00:00,3,5.8,Needs Renovation,nan,142
P102447,Lahore,Villa,2137.0,3.0,3.0,2015,No,2,13450000.0,Maham Raza,2025-03-30 00:00:00,1,8.2,New,VIP,2448
P101056, Peshawar ,Apartment,945.0,2.0,1.0,1993,No,0,3100000.0,Zain Qureshi,2022-11-22 00:00:00,2,11.7,Good,VIP,1057
P102360,Multan,Apartment,1512.0,3.0,3.0,2010,False,3,4500000.0,Usman Ahmed,2024-12-14 00:00:00,2,12.5,Excellent,owner waiting,2361
P100430,Peshawar,Apartment,2163.0,4.0,4.0,2022,No,2,150000000.0,Saad Khan,2025-03-22 00:00:00,2,5.8,Good,nan,431
P101670,Lahore,Townhouse,1078.0,1.0,1.0,2022,Yes,1,5350000.0,Ali Shah,2025-02-17 00:00:00,2,12.7,Excellent,nan,1671
P101836,Karachi,House,955.0,3.0,3.0,1984,No,3,5600000.0,Fatima Khan,2023-05-02 00:00:00,2,6.6,Excellent,call later,1837
P101963,Karachi,Townhouse,2183.0,4.0,3.0,1985,No,2,10500000.0,Hina Iqbal,2025-09-28 00:00:00,2,12.7,Good,VIP,1964
P102284,Karachi,Townhouse,1919.0,3.0,3.0,2003,Yes,1,8150000.0,Omar Sheikh,2023-08-19 00:00:00,3,9.3,New,,2285
P100748,Multan,Villa,400.0,2.0,2.0,1986,Yes,2,2150000.0,Ahmed Malik,2022-09-13 00:00:00,2,3.5,Good,VIP,749
P100532,Lahore,House,2537.0,4.0,4.0,2004,No,0,12250000.0,Usman Sheikh,2025-04-04 00:00:00,3,2.3,Needs Renovation,urgent,533
P101587,Islamabad,Apartment,2137.0,4.0,3.0,2001,Yes,3,14850000.0,Ali Ahmed,2022-05-09 00:00:00,2,4.8,Excellent,follow up,1588
P100247,Lahore,House,2012,4.0,3.0,2024,No,3,10400000.0,Danish Raza,2022-12-19 00:00:00,3,11.2,Average,,248
P101000,Karachi,House,2453.0,6.0,6.0,2024,Yes,1,14750000.0,Zain Siddiqui,2022-04-21 00:00:00,3,7.5,Excellent,urgent,1001
P101321,Lahore,Apartment,2669.0,4.0,3.0,2020,No,3,11900000.0,  Usman Khan  ,2023-07-02 00:00:00,2,4.9,Excellent,owner waiting,1322
P101321,Lahore,Apartment,2669.0,4.0,3.0,2020,No,3,11900000.0,  Usman Khan  ,2023-07-02 00:00:00,2,4.9,Excellent,owner waiting,1322
P101321,Lahore,Apartment,2669.0,4.0,3.0,2020,No,3,11900000.0,  Usman Khan  ,2023-07-02 00:00:00,2,4.9,Excellent,owner waiting,1322
P101532,Islamabad,Apartment,1747.0,2.0,2.0,1988,Yes,1,10050000.0,Saad Butt,2024-10-02 00:00:00,2,6.4,New,owner waiting,1533
P101044,Karachi,House,917.0,3.0,2.0,1988,No,1,5850000.0,Hina Raza,2022-06-12 00:00:00,2,12.9,Needs Renovation,,1045
P101391,Multan,Apartment,1943.0,3.0,3.0,1987,Yes,1,5400000.0,Hamza Siddiqui,2025-01-10 00:00:00,3,3.7,Good,urgent,1392
P101716,Lahore,Apartment,1359.0,2.0,2.0,2010,No,1,0.0,Zain Raza,2023-02-15 00:00:00,3,6.9,Excellent,urgent,1717
P100029,Rawalpindi,Apartment,1367.0,1.0,1.0,2003,No,3,3500000.0,Usman Siddiqui,2025-05-03 00:00:00,2,4.3,Good,urgent,30
P102030,Karachi,Villa,3213.0,5.0,4.0,2005,,1,22900000.0,Ayesha Sheikh,2022-01-24 00:00:00,2,0.6,Excellent,urgent,2031
P101134,Hyderabad,Apartment,1731.0,3.0,3.0,2024,No,3,4150000.0,Hassan Iqbal,2022-01-18 00:00:00,2,8.1,Good,nan,1135
P102212,Faisalabad,Apartment,605.0,1.0,1.0,1989,No,2,1900000.0,Saad Sheikh,2024-09-06 00:00:00,3,5.5,Excellent,urgent,2213
P101105,Multan,House,400.0,1.0,1.0,1992,Yes,1,1550000.0,Hina Shah,2023-10-20 00:00:00,2,13.9,New,,1106
P102125,Lahore,Apartment,1205.0,2.0,2.0,2004,No,1,5200000.0,Ali Malik,2024-07-03 00:00:00,2,11.7,Excellent,owner waiting,2126
P102281,Karachi,Townhouse,1641.0,3.0,3.0,2020,No,1,6700000.0,Bilal Iqbal,2023-02-15 00:00:00,2,5.3,Excellent,owner waiting,2282
P102126,Lahore,Villa,2160.0,5.0,4.0,2019,Yes,2,18600000.0,Zain Iqbal,2022-09-19 00:00:00,2,4.5,New,owner waiting,2127
P100509,Karachi,Villa,1095.0,1.0,1.0,1991,Yes,2,8800000.0,Saad Khan,2023-07-26 00:00:00,2,5.0,Average,urgent,510
P101098,Faisalabad,Townhouse,1333.0,4.0,4.0,2011,Yes,2,5100000.0,Zain Qureshi,2022-10-06 00:00:00,2,0.4,Excellent,nan,1099
P101812,Rawalpindi,House,1985.0,2.0,2.0,1982,Yes,1,"8,100,000",Danish Shah,2022-09-29 00:00:00,2,10.7,Excellent,VIP,1813
P100874,Rawalpindi,Apartment,2447.0,5.0,5.0,1995,No,2,9100000.0,Hamza Ahmed,2025-03-07 00:00:00,1,14.5,Average,call later,875
P100582,Karachi,Apartment,1595.0,2.0,1.0,2005,No,3,6750000.0,Zain Butt,2022-05-27 00:00:00,1,10.5,Excellent,urgent,583
P101731,Karachi,House,400.0,1.0,1.0,2009,No,1,2350000.0,Usman Iqbal,2022-12-22 00:00:00,1,16.6,New,,1732
P100332,RAWALPINDI,Apartment,2181.0,5.0,5.0,1992,No,3,8400000.0,Hamza Raza,2024-05-04 00:00:00,2,9.9,Excellent,call later,333
P101237,Lahore,Apartment,846.0,1.0,1.0,2000,Yes,2,4300000.0,Zain Butt,2024-06-14 00:00:00,2,4.1,Good,owner waiting,1238
P100368,Lahore,Townhouse,2385.0,5.0,4.0,2012,No,1,12050000.0,Usman Siddiqui,2023-12-22 00:00:00,2,2.5,Good,owner waiting,369
P101620,Karachi,Townhouse,3149.0,6.0,5.0,1985,No,3,14250000.0,Maham Shah,2025-03-27 00:00:00,1,15.4,Good,owner waiting,1621
P100911,Faisalabad,House,2432.0,4.0,3.0,2017,Yes,2,9550000.0,Ali Siddiqui,2022-12-23 00:00:00,2,10.9,Good,owner waiting,912
P101736,Faisalabad,House,2079.0,3.0,3.0,1997,No,2,6250000.0,Danish Qureshi,2023-09-11 00:00:00,1,8.7,Average,owner waiting,1737
P101370,Karachi,House,1857.0,2.0,2.0,1995,Yes,2,13250000.0,Bilal Sheikh,2025-07-20 00:00:00,3,1.0,Good,VIP,1371
P100353,Islamabad,House,1348.0,2.0,1.0,2015,Yes,1,9400000.0,Omar Butt,2024-09-21 00:00:00,1,17.4,Good,nan,354
P100414,,Apartment,3278.0,6.0,5.0,2021,No,2,12800000.0,Hamza Khan,2025-11-12 00:00:00,2,7.0,Excellent,,415
P100208,Karachi,House,1223.0,2.0,1.0,1981,No,2,6500000.0,Sara Shah,2025-02-05 00:00:00,1,8.6,Good,VIP,209
P100522,Karachi,Apartment,2175.0,5.0,5.0,2024,Yes,2,8400000.0,Maham Khan,2022-07-01 00:00:00,2,4.9,Good,urgent,523
P102234,Rawalpindi,Townhouse,1821.0,4.0,4.0,1983,Yes,1,9800000.0,  Zain Khan  ,2023-01-29 00:00:00,2,7.5,Excellent,follow up,2235
P100867,Multan,Apartment,518.0,1.0,1.0,2015,No,2,1500000.0,Saad Raza,2023-05-04 00:00:00,2,5.3,Good,follow up,868
P101380,Lahore,Apartment,1061.0,1.0,1.0,2020,Yes,1,4400000.0,Sara Shah,2024-03-01 00:00:00,2,4.4,Excellent,call later,1381
P100478,Islamabad,Apartment,1663.0,3.0,3.0,1987,No,1,10600000.0,Maham Shah,2024-04-08 00:00:00,2,16.5,Good,owner waiting,479
P101730,Peshawar,Townhouse,1292.0,2.0,2.0,1995,No,1,3550000.0,Ayesha Sheikh,2025-08-07 00:00:00,3,10.1,New,owner waiting,1731
P101336,Karachi,Apartment,1512.0,4.0,3.0,1993,Yes,2,7100000.0,Saad Sheikh,2023-04-26 00:00:00,2,8.6,Good,urgent,1337
P101084,Hyderabad,Townhouse,1656.0,3.0,3.0,1992,True,1,5250000.0,Omar Butt,2024-05-27 00:00:00,2,18.4,Excellent,owner waiting,1085
P102003,Islamabad,Apartment,2217.0,4.0,4.0,2011,Yes,1,15450000.0,  Bilal Iqbal  ,2022-05-11 00:00:00,2,2.1,Good,nan,2004
P102480,Lahore,Townhouse,2136.0,4.0,3.0,2007,Yes,1,12400000.0,Usman Shah,2022-04-13 00:00:00,2,3.9,Excellent,VIP,2481
P101987,Rawalpindi,House,1319.0,3.0,3.0,2009,No,1,6900000.0,Zain Shah,2022-03-15 00:00:00,2,1.4,Excellent,,1988
P101463,Lahore,House,2104.0,3.0,3.0,1982,Yes,3,13800000.0,Ayesha Qureshi,2024-11-23 00:00:00,3,2.1,Good,nan,1464
P100199,Lahore,Villa,2251.0,5.0,5.0,1990,Yes,1,17250000.0,Ali Malik,2025-12-19 00:00:00,2,3.0,Good,nan,200
P100229,Karachi,Villa,1531.0,4.0,3.0,2019,No,2,13500000.0,Fatima Qureshi,2024-01-10 00:00:00,2,7.0,New,nan,230
P101178,Karachi,House,1016.0,2.0,1.0,1986,Yes,3,6600000.0,Maham Sheikh,2024-06-21 00:00:00,2,7.6,Good,VIP,1179
P101861,Hyderabad,Apartment,810.0,1.0,1.0,1987,No,3,2100000.0,Unknown,2025-02-23 00:00:00,2,9.1,Excellent,,1862
P101961,Lahore,House,2853.0,4.0,4.0,2008,No,2,17000000.0,Zain Sheikh,2022-02-09 00:00:00,1,2.7,Excellent,,1962
P100873,Lahore,House,2426.0,4.0,4.0,2024,Yes,0,17750000.0,Sara Siddiqui,2024-06-02 00:00:00,4,5.3,Good,follow up,874
P101558,Islamabad,House,2410.0,5.0,5.0,1988,No,1,14850000.0,Hamza Shah,2025-06-25 00:00:00,2,9.9,Average,urgent,1559
P100949,Lahore,Villa,1446,2.0,2.0,1996,Yes,1,10350000.0,Ahmed Malik,2023/15/40,2,5.6,Average,call later,950
P100315,Lahore,Apartment,2618.0,5.0,4.0,1986,No,1,10800000.0,Ahmed Siddiqui,2025-01-18 00:00:00,1,6.2,Good,follow up,316
P100433,Multan,Villa,2020.0,3.0,2.0,2013,No,2,9000000.0,Bilal Malik,2025-07-09 00:00:00,3,3.2,Good,,434
P102320,Karachi,Apartment,2241.0,5.0,5.0,1994,No,0,8800000.0,Saad Shah,,3,1.8,Good,owner waiting,2321
P101057,Karachi,Townhouse,971.0,2.0,1.0,2011,No,2,4400000.0,Hamza Ahmed,2024-11-17 00:00:00,1,7.2,Good,urgent,1058
P100069,Lahore,Townhouse,1684.0,4.0,4.0,1986,No,1,7750000.0,Ali Raza,2022-02-19 00:00:00,3,12.9,Good,nan,70
P101934,Rawalpindi,Apartment,1001.0,2.0,2.0,2001,Yes,1,3600000.0,Ali Raza,2023-04-04 00:00:00,1,10.2,New,nan,1935
P102060,Peshawar,Townhouse,1641.0,,3.0,1982,Yes,2,5250000.0,Maham Ahmed,2024-08-02 00:00:00,1,5.4,New,VIP,2061
P100135,Karachi,House,1929.0,4.0,4.0,2005,No,2,10750000.0,Hina Iqbal,2025-09-26 00:00:00,2,8.2,Good,,136
P101584,Islamabad,Apartment,2191.0,3.0,2.0,2001,No,1,14100000.0,Hina Siddiqui,2025-12-10 00:00:00,3,5.1,Good,follow up,1585
P100869,Karachi,House,1222.0,3.0,3.0,2008,Yes,3,7950000.0,Hina Qureshi,2025-03-11 00:00:00,1,7.9,Good,,870
P101854,Faisalabad,Villa,810.0,1.0,1.0,2019,Yes,2,4350000.0,Danish Khan,2024-02-03 00:00:00,2,10.1,Excellent,VIP,1855
P100727,Karachi,House,1559.0,3.0,2.0,1983,No,2,7050000.0,Ali Malik,2022-12-26 00:00:00,3,16.1,Excellent,VIP,728
P100670,Karachi,Townhouse,1047.0,3.0,3.0,2014,No,2,6200000.0,Saad Sheikh,2024-02-19 00:00:00,2,8.1,Good,,671
P100231,Lahore,House,1578.0,3.0,2.0,2009,No,1,8750000.0,Sara Khan,2023-06-05 00:00:00,2,7.8,Needs Renovation,urgent,232
P102303,Lahore,Apartment,1413.0,3.0,2.0,1994,Yes,2,4850000.0,Zain Qureshi,31/02/2024,2,8.0,Needs Renovation,nan,2304
P102052,Lahore,House,2228.0,3.0,3.0,1993,No,0,12800000.0,Hamza Iqbal,2025-01-30 00:00:00,3,3.6,New,urgent,2053
P100862,Multan,Apartment,2436.0,4.0,4.0,2019,Yes,2,7550000.0,Ahmed Khan,2024-12-10 00:00:00,2,4.4,Average,urgent,863
P100742,Faisalabad,Townhouse,1823.0,4.0,3.0,2020,No,0,200000000.0,Saad Ahmed,2023-10-25 00:00:00,1,4.5,Good,call later,743
P101106,KARACHI,House,2069.0,5.0,5.0,1984,No,2,11450000.0,Ahmed Raza,2025-04-05 00:00:00,2,2.8,Excellent,call later,1107
P101637,Peshawar,Villa,954.0,1.0,1.0,2023,Yes,1,6150000.0,  Zain Siddiqui  ,2023-03-23 00:00:00,3,7.3,Good,follow up,1638
P100801,Lahore,House,1355.0,3.0,2.0,2024,No,0,8150000.0,Usman Sheikh,2025-03-10 00:00:00,2,5.9,Good,nan,802
P100668,Karachi,House,2342.0,4.0,4.0,2000,Yes,2,13000000.0,Usman Qureshi,2024-04-24 00:00:00,2,6.6,Needs Renovation,follow up,669
P100445,Rawalpindi,House,1714.0,2.0,2.0,1992,No,0,8050000.0,Hamza Siddiqui,2023-01-10 00:00:00,2,11.8,Good,,446
P101525,KHI,Townhouse,1582,4.0,3.0,2022,Yes,2,8550000.0,Fatima Khan,2022-08-25 00:00:00,2,4.9,New,urgent,1526
P102308,Islamabad,House,2162.0,3.0,3.0,1980,No,3,15400000.0,Zain Shah,2023-08-25 00:00:00,2,4.9,Excellent,VIP,2309
P100279,Faisalabad,House,1294.0,2.0,1.0,1985,Yes,1,5050000.0,Ayesha Iqbal,2022-12-21 00:00:00,2,4.5,Average,owner waiting,280
P100680,Karachi,Townhouse,827.0,2.0,2.0,2004,No,1,3750000.0,Sara Malik,2024-04-29 00:00:00,2,8.4,Excellent,,681
P101376,Islamabad,House,2302.0,4.0,4.0,2016, no ,2,18650000.0,Hina Ahmed,2025-07-07 00:00:00,2,7.1,Average,call later,1377
P100457,lahore,House,2217.0,,2.0,2005,No,2,11500000.0,Ahmed Iqbal,2023-08-21 00:00:00,2,14.7,Good,nan,458
P102269,Faisalabad,Apartment,2332.0,3.0,3.0,2018,No,2,6750000.0,Zain Malik,2023-04-13 00:00:00,3,3.9,Average,nan,2270
P102392,Lahore,House,,5.0,5.0,1983,Yes,1,12650000.0,Hamza Khan,2025-07-10 00:00:00,2,6.0,Excellent,call later,2393
P100322,Lahore,House,1389,2.0,2.0,1991,No,1,6500000.0,Saad Khan,2024-07-15 00:00:00,2,5.7,Good,owner waiting,323
P100485,Lahore,House,1890.0,3.0,3.0,2021,No,1,10100000.0,Omar Ahmed,2024-06-03 00:00:00,3,7.3,Excellent,follow up,486
P100544,Karachi,Apartment,1674.0,2.0,1.0,2007,Yes,2,7150000.0,Danish Malik,2025-07-10 00:00:00,4,4.5,Average,owner waiting,545
P100480,Lahore,Apartment,1613.0,4.0,4.0,2024,Yes,1,9550000.0,Ahmed Malik,2023-05-09 00:00:00,2,8.7,New,VIP,481
P101858,Karachi,Apartment,2355.0,5.0,4.0,2018,No,2,11700000.0,Omar Butt,,3,13.7,Average,call later,1859
P101263,Peshawar,House,2975.0,5.0,5.0,1987,No,2,12600000.0,Maham Raza,2023-02-26 00:00:00,2,6.3,New,nan,1264
P101023,Islamabad,House,1595.0,3.0,2.0,2021,No,0,12300000.0,Omar Qureshi,2023-09-08 00:00:00,3,6.2,Good,VIP,1024
P100408,Karachi,Townhouse,1202.0,3.0,2.0,2020,No,4,7250000.0,Hina Ahmed,2022-03-17 00:00:00,2,2.3,Good,call later,409
P102297,,Apartment,1989.0,4.0,4.0,2000,No,2,8150000.0,Hassan Shah,2024-11-22 00:00:00,3,9.6,Good,call later,2298
P101859,Karachi,Apartment,1314.0,2.0,2.0,2023,Yes,2,4800000.0,Ali Ahmed,2023-11-12 00:00:00,3,8.2,Good,owner waiting,1860
P102443,Islamabad,Townhouse,2652.0,4.0,4.0,2017,No,2,16650000.0,Zain Shah,2024-12-30 00:00:00,1,11.9,Good,owner waiting,2444
P101804,Rawalpindi,House,1441.0,4.0,3.0,2009,No,4,7100000.0,Sara Ahmed,2023-04-25 00:00:00,3,2.6,New,urgent,1805
P102193,Karachi,Villa,1462.0,2.0,2.0,2022,No,3,12150000.0,Hina Iqbal,2025-06-29 00:00:00,1,6.2,Needs Renovation,nan,2194
P101395,Karachi,Apartment,,2.0,2.0,1994,Yes,3,8350000.0,Maham Raza,2023-02-21 00:00:00,2,7.3,Good,owner waiting,1396
P101078,Islamabad,Apartment,2207.0,4.0,4.0,1996,No,0,13950000.0,Ali Shah,2022-01-29 00:00:00,2,3.5,Excellent,urgent,1079
P101653,Karachi,Apartment,2449.0,5.0,5.0,1994,Yes,2,9400000.0,Hassan Raza,2025-04-09 00:00:00,2,10.5,New,call later,1654
P101640,Rawalpindi,House,1842.0,3.0,3.0,2020,Yes,4,11150000.0,  Maham Qureshi  ,2022-10-18 00:00:00,2,24.7,Average,urgent,1641
P100149,Karachi,Villa,2236.0,4.0,3.0,2013,Yes,1,15750000.0,Omar Raza,2024-10-24 00:00:00,2,7.6,Excellent,call later,150
P102032,Lahore,Apartment,1315.0,3.0,3.0,1984,No,1,"6,050,000",Saad Raza,2023-07-16 00:00:00,4,3.8,Average,call later,2534
P102054,Lahore,House,1823.0,3.0,3.0,2002,No,1,9500000.0,Hassan Malik,2023-01-21 00:00:00,1,11.9,Good,VIP,2055
P100572,Lahore,Villa,1134.0,3.0,2.0,1986,Yes,2,8050000.0,Usman Butt,2025-02-10 00:00:00,3,7.0,Average,owner waiting,573
P101090,Karachi,Villa,2692.0,5.0,4.0,2000,No,3,15750000.0,Hamza Qureshi,2022-10-22 00:00:00,3,12.9,Excellent,owner waiting,1091
P100530,Rawalpindi,Villa,2029.0,2.0,1.0,1989,Yes,1,12800000.0,Zain Shah,2025-03-28 00:00:00,4,8.7,Good,owner waiting,531
P101778,Lahore,House,1560.0,4.0,4.0,2007,Yes,2,9000000.0,Omar Sheikh,2024-11-24 00:00:00,3,0.8,Average,urgent,1779
P101048,Faisalabad,House,2282.0,4.0,4.0,1982,Yes,2,8800000.0,Not Available,2023-10-03 00:00:00,2,13.4,Average,owner waiting,1049
P100650,Lahore,House,1676.0,3.0,3.0,1995,No,4,9000000.0,Ayesha Siddiqui,2024-04-02 00:00:00,2,21.4,Excellent,urgent,651
P100620,Multan,House,1200.0,2.0,1.0,2003,No,1,4350000.0,Saad Butt,2022-08-02 00:00:00,3,7.7,Good,owner waiting,621
P100163,Karachi,House,1944.0,3.0,3.0,1993,Yes,2,11650000.0,Usman Khan,2025-02-17 00:00:00,3,6.0,Average,,164
P100402,Multan,House,1949.0,3.0,2.0,2019,No,3,9250000.0,Sara Ahmed,2025-10-20 00:00:00,2,10.1,Average,urgent,403
P100508,Lahore,House,1528.0,2.0,2.0,1984,No,3,8100000.0,Usman Butt,2023-10-23 00:00:00,2,4.1,Good,urgent,509
P101598,Multan,Apartment,400.0,1.0,1.0,1994,No,2,1050000.0,Danish Ahmed,2022-10-31 00:00:00,1,4.7,Average,nan,1599
P101427, Karachi ,Villa,555.0,1.0,1.0,2006,Yes,1,5200000.0,Sara Raza,2022-02-09 00:00:00,3,1.4,Needs Renovation,owner waiting,1428
P102039,Rawalpindi,House,1484.0,3.0,2.0,2018,Yes,1,8000000.0,Usman Sheikh,2024-03-12 00:00:00,1,4.4,Good,VIP,2040
P101627,Karachi,apartment,1336.0,3.0,2.0,1995,No,3,5000000.0,Zain Siddiqui,2023-07-06 00:00:00,2,15.9,Needs Renovation,VIP,1628
P100693,Lahore,Apartment,684.0,1.0,1.0,2023,No,1,3400000.0,Danish Iqbal,2024-07-28 00:00:00,2,1.5,Excellent,owner waiting,694
P100564,Islamabad,House,1666.0,3.0,3.0,1988,Yes,4,12850000.0,Hassan Qureshi,2025-06-22 00:00:00,2,5.1,Good,follow up,565
P101712,Hyderabad,House,2817.0,5.0,,2003,No,2,10000000.0,Saad Malik,2022-08-30 00:00:00,2,3.5,Good,follow up,1713
P100049,Karachi,House,2672.0,5.0,5.0,1980,Yes,2,13850000.0,Ahmed Ahmed,2024-05-05 00:00:00,1,15.4,New,urgent,50
P100067,Lahore,House,2600.0,5.0,4.0,2020,No,0,15750000.0,Saad Malik,2024-06-10 00:00:00,2,1.8,Average,nan,68
P100866,,Apartment,2265.0,4.0,4.0,1988,No,3,6200000.0,Fatima Butt,2025-06-15 00:00:00,3,1.5,Average,VIP,867
P101619,Karachi,Apartment,1993.0,5.0,5.0,2015,Yes,2,10500000.0,Ahmed Ahmed,2022-12-17 00:00:00,2,6.0,Excellent,follow up,1620
P101950,Peshawar,Villa,804.0,2.0,1.0,1989,Yes,2,4250000.0,Sara Shah,2022-01-01 00:00:00,2,2.5,Good,owner waiting,1951
P100048,Rawalpindi,House,1910.0,3.0,3.0,2011,No,1,6300000.0,Bilal Ahmed,2023-02-02 00:00:00,1,6.7,Excellent,urgent,49
P102223,Karachi,Apartment,2070.0,4.0,4.0,2013,No,1,8750000.0,Ali Siddiqui,2025-02-07 00:00:00,1,6.3,Good,,2224
P102400,Islamabad,Apartment,2449.0,3.0,3.0,2021,No,2,19900000.0,Ahmed Iqbal,2025-06-22 00:00:00,2,9.3,New,follow up,2401
P100840,Karachi,House,2007.0,4.0,4.0,2012,No,2,11900000.0,Hamza Raza,2022-04-04 00:00:00,3,3.3,Average,call later,841
P101179,Karachi,House,1548.0,3.0,3.0,1980,No,1,9000000.0,Maham Ahmed,2025-08-25 00:00:00,3,1.6,Excellent,call later,2533
P100124,Karachi,Apartment,1979.0,4.0,3.0,2024,Yes,2,10500000.0,Usman Iqbal,2023-01-31 00:00:00,2,10.0,New,,125
P102383,Karachi,House,2435.0,4.0,3.0,2005,Yes,3,13750000.0,Sara Malik,2025-12-21 00:00:00,2,9.6,New,owner waiting,2384
P102238,LAHORE,House,956.0,2.0,1.0,1994,No,3,5300000.0,Fatima Raza,2024-02-11 00:00:00,1,5.5,Average,owner waiting,2239
P101135,Lahore,House,1136.0,3.0,3.0,2023,Yes,2,7250000.0,Fatima Raza,2023-03-31 00:00:00,1,7.5,New,urgent,1136
P101004,Islamabad,Apartment,1661.0,2.0,2.0,2002,Yes,3,9300000.0,Zain Raza,2022-07-17 00:00:00,2,8.0,Needs Renovation,nan,1005
P100786,Multan,Apartment,1638.0,4.0,4.0,2017,No,1,5150000.0,Ahmed Ahmed,2023-08-26 00:00:00,3,11.9,Average,follow up,787
P100025,Karachi,House,3069.0,8.0,6.0,2022,No,1,18300000.0,Ahmed Raza,2025-05-14 00:00:00,1,2.7,Good,owner waiting,26
P102422,Rawalpindi,House,1311.0,1.0,1.0,1981,No,1,5150000.0,Ali Butt,2023-05-21 00:00:00,2,3.2,Good,follow up,2423
P101553,Lahore,House,1568.0,2.0,1.0,2002,Yes,1,6500000.0,Zain Qureshi,2022-05-12 00:00:00,3,5.2,Average,follow up,1554
P101546,Karachi,House,2666.0,5.0,5.0,1991,Yes,2,14750000.0,Bilal Qureshi,2024-05-08 00:00:00,2,0.9,Excellent,follow up,1547
P101655,Lahore,House,757.0,2.0,1.0,1985,No,1,3850000.0,Hamza Shah,2024-03-05 00:00:00,2,12.1,Average,urgent,1656
P101628,Karachi,Villa,1770.0,3.0,3.0,1981,No,0,11450000.0,Sara Iqbal,2023-09-13 00:00:00,2,1.9,Good,owner waiting,1629
P101220,Karachi,Apartment,1671.0,3.0,3.0,1997,Yes,1,8400000.0,Maham Sheikh,2023-12-12 00:00:00,3,9.8,Excellent,owner waiting,1221
P100601,Rawalpindi,House,2136.0,3.0,3.0,1993,Yes,3,11500000.0,Maham Malik,2023-07-08 00:00:00,2,8.4,New,owner waiting,602
P101226,Lahore,Townhouse,1813.0,3.0,3.0,1982,Yes,2,7450000.0,  Hamza Qureshi  ,2023-08-17 00:00:00,3,3.5,Excellent,call later,1227
P102442,Karachi,Apartment,967.0,1.0,1.0,2016,No,1,4950000.0,Ayesha Iqbal,2024-05-21 00:00:00,1,7.1,Good,nan,2443
P101179,Karachi,House,1548.0,3.0,3.0,1980,No,1,9000000.0,Maham Ahmed,2025-08-25 00:00:00,3,1.6,Excellent,owner waiting,1180
P100361,Karachi,Apartment,2252.0,4.0,3.0,2002,No,1,9700000.0,Sara Qureshi,2025-07-22 00:00:00,2,7.9,Good,urgent,362
P101616,Karachi,Apartment,,,1.0,2007,Yes,3,2100000.0,Zain Ahmed,2023-08-30 00:00:00,2,6.1,Good,follow up,1617
P101286,Lahore,Townhouse,2056,2.0,2.0,1983,Yes,2,10700000.0,Hassan Ahmed,2025-08-23 00:00:00,2,11.1,New,owner waiting,1287
P101200,Islamabad,Villa,758.0,3.0,3.0,2013,,3,8250000.0,Ali Qureshi,2024-01-26 00:00:00,2,11.9,Good,call later,1201
P101893,Karachi,Apartment,1719.0,3.0,3.0,2018,Yes,1,7850000.0,Usman Butt,2025-04-26 00:00:00,2,10.4,Good,urgent,1894
P100812,Hyderabad,Apartment,1471.0,4.0,,2008,No,1,3650000.0,Ayesha Khan,2022-11-07 00:00:00,4,5.3,Good,,813
P102053,Faisalabad,Apartment,1775.0,3.0,3.0,2018,Yes,2,5550000.0,Fatima Butt,2023-01-15 00:00:00,2,5.0,Good,owner waiting,2054
P101185,Multan,House,2768.0,4.0,3.0,1998,Yes,2,10950000.0,Hassan Raza,2025-05-06 00:00:00,2,3.7,Average,VIP,1186
P102316,Karachi,House,2516.0,5.0,4.0,2020,Yes,3,"19,100,000",Usman Iqbal,2024-03-16 00:00:00,1,3.6,Excellent,,2317
P102316,Karachi,House,2516.0,5.0,4.0,2020,Yes,3,"19,100,000",Usman Iqbal,2024-03-16 00:00:00,1,3.6,Excellent,,2317
P101880,Lahore,Apartment,2705.0,4.0,3.0,1982,No,2,11700000.0,Hamza Sheikh,2022-08-05 00:00:00,2,9.7,Average,urgent,1881
P102219,Lahore,House,1589.0,3.0,3.0,1990,No,2,7350000.0,Hina Iqbal,2024-03-25 00:00:00,1,14.0,Excellent,VIP,2220
P100907,Karachi,House,2048.0,3.0,2.0,1980,Yes,2,12300000.0,Omar Khan,2024-07-15 00:00:00,2,4.7,Good,nan,908
P100821,Islamabad,House,1519.0,3.0,3.0,2007,No,0,12350000.0,Fatima Ahmed,2022-08-11 00:00:00,3,4.2,Good,owner waiting,822
P100246,Islamabad,House,2663.0,5.0,4.0,2021,Yes,0,14550000.0,Hassan Butt,2025-08-02 00:00:00,3,1.6,New,follow up,2512
P101513,Rawalpindi,House,1950.0,3.0,3.0,2010,Yes,1,8350000.0,Omar Butt,2024-10-16 00:00:00,3,17.7,Excellent,urgent,1514
P100240,Multan,House,2125.0,5.0,5.0,1997,No,1,7700000.0,Hina Ahmed,2022-09-08 00:00:00,3,9.2,Excellent,owner waiting,241
P101973,Lahore,House,1689.0,3.0,2.0,1995,No,2,8950000.0,Hina Siddiqui,2022-04-02 00:00:00,2,2.2,Good,,1974
P101820,Peshawar,Villa,2317.0,3.0,3.0,1981,Yes,2,12450000.0,Ahmed Siddiqui,2023-09-07 00:00:00,1,22.4,Good,owner waiting,1821
P100070,Karachi,House,2249.0,4.0,4.0,2010,No,3,13100000.0,Sara Iqbal,2023-05-06 00:00:00,3,11.2,Good,nan,71
P101037,Lahore,Apartment,1738.0,4.0,3.0,2009,No,1,7750000.0,Usman Qureshi,2022-04-11 00:00:00,1,12.2,Excellent,urgent,1038
P102110,Lahore,Villa,912.0,1.0,1.0,2003,No,3,5150000.0,Fatima Siddiqui,2022-07-02 00:00:00,1,9.2,Good,VIP,2111
P100613,Hyderabad,Apartment,1565.0,5.0,4.0,1992,No,1,4600000.0,Maham Butt,2025-03-17 00:00:00,3,4.6,Good,,614
P100073,KARACHI,Villa,1650.0,4.0,4.0,1988,Yes,2,9100000.0,Ayesha Shah,2023-07-25 00:00:00,4,13.7,Good,follow up,74
P102458,Karachi,House,1035.0,2.0,1.0,2020,No,1,5300000.0,Maham Qureshi,2025-04-11 00:00:00,1,12.2,Excellent,,2459
P100350,Islamabad,House,1497.0,2.0,2.0,2018,Yes,2,10300000.0,Maham Sheikh,2023-01-30 00:00:00,3,2.5,Excellent,follow up,351
P102322,Lahore,Apartment,2180.0,5.0,4.0,2016,Yes,3,10800000.0,Hamza Khan,2024-08-23 00:00:00,1,4.4,Excellent,,2323
P101366,Karachi,Apartment,2516.0,3.0,2.0,2022,Yes,4,13200000.0,Hassan Shah,2022-11-27 00:00:00,2,3.1,Good,call later,1367
P101647,Multan,Apartment,2298.0,5.0,5.0,2002,Yes,1,8200000.0,Danish Iqbal,2023-03-03 00:00:00,1,7.0,Good,call later,1648
P100581,Islamabad,house,2063.0,2.0,2.0,2015,Yes,4,15650000.0,Maham Qureshi,2023-11-24 00:00:00,3,7.0,New,urgent,582
P101050,Islamabad,Villa,1812.0,4.0,4.0,1996,No,0,16000000.0,Ali Siddiqui,2025-10-31 00:00:00,2,9.0,Good,owner waiting,1051
P101552,Lahore,Apartment,1828.0,2.0,1.0,2023,Yes,2,9650000.0,Fatima Khan,2025-10-09 00:00:00,3,11.3,Excellent,follow up,1553
P100076,Karachi,Apartment,3042.0,,6.0,1989,No,2,13600000.0,Ali Shah,2025-01-19 00:00:00,1,7.2,Excellent,call later,77
P100432,Rawalpindi,Apartment,1028.0,1.0,1.0,1996,Yes,2,4350000.0,Sara Malik,2023-01-02 00:00:00,2,10.2,Good,nan,433
P101979,Karachi,Townhouse,3156.0,6.0,6.0,1982,No,2,18000000.0,Danish Butt,2025-04-18 00:00:00,2,5.8,Good,owner waiting,1980
P101110,Karachi,Apartment,1378.0,1.0,1.0,2003,Yes,2,7150000.0,Zain Iqbal,2023-10-14 00:00:00,2,6.4,Excellent,urgent,1111
P100157,Islamabad,Apartment,2163.0,6.0,6.0,1993,No,2,11650000.0,Zain Malik,2025-09-18 00:00:00,1,10.7,Good,call later,158
P101210,Rawalpindi,Villa,1254.0,1.0,1.0,2007,Yes,2,8700000.0,Ayesha Qureshi,2025-10-21 00:00:00,2,5.3,Average,call later,1211
P100888,Karachi,House,2774.0,4.0,3.0,2016,Yes,2,"19,100,000",Maham Iqbal,2025-08-07 00:00:00,2,5.5,Excellent,call later,889
P102080,Lahore,Apartment,1576.0,4.0,4.0,1980,Yes,1,8450000.0,  Ayesha Malik  ,2022-12-24 00:00:00,2,2.5,Excellent,VIP,2081
P100931,Lahore,Apartment,50000.0,,4.0,2015,No,1,13150000.0,Hassan Shah,2022-04-28 00:00:00,2,3.8,Good,nan,932
P102328,Islamabad,Villa,2197.0,4.0,3.0,1991,Yes,1,18800000.0,Usman Butt,2024-09-22 00:00:00,2,8.9,Good,follow up,2329
P100565,Rawalpindi,House,2455.0,4.0,3.0,2008,Yes,1,6750000.0,Saad Sheikh,2022-01-14 00:00:00,3,3.1,Good,VIP,566
P101960,Islamabad,House,1633.0,3.0,3.0,2004,No,3,"10,550,000",Ali Siddiqui,2024-05-11 00:00:00,3,6.0,New,urgent,1961
P102093,Karachi,House,940.0,2.0,2.0,2007,No,3,5200000.0,Ali Siddiqui,2024-12-09 00:00:00,4,2.7,Average,call later,2094
P102273,Faisalabad,House,2486.0,5.0,5.0,1987,No,2,8350000.0,Hina Butt,2024-01-03 00:00:00,1,2.3,Good,VIP,2274
P101467,Karachi,House,1931.0,3.0,3.0,2018,Yes,1,10350000.0,Ali Malik,2025-11-30 00:00:00,4,16.8,Good,follow up,1468
P100568,Lahore,Apartment,1678.0,3.0,3.0,2000,Yes,3,7450000.0,Not Available,2023-12-11 00:00:00,2,21.6,Needs Renovation,urgent,569
P101448,Islamabad,Villa,1417.0,3.0,2.0,2024,No,3,13750000.0,Maham Sheikh,2024-12-02 00:00:00,2,0.5,Average,call later,1449
P101186,,House,1930.0,3.0,2.0,1995,No,2,10800000.0,Saad Qureshi,2022-07-02 00:00:00,1,9.3,New,nan,1187
P100123,Lahore,Townhouse,1247.0,2.0,2.0,2007,Yes,3,6500000.0,Bilal Khan,2022-07-20 00:00:00,3,1.8,Average,VIP,124
P101255,Faisalabad,House,2178.0,4.0,3.0,1985,No,1,7050000.0,Fatima Qureshi,2023-11-14 00:00:00,3,8.4,Good,call later,1256
P100602,Peshawar,Townhouse,1354.0,3.0,3.0,2020,No,2,5550000.0,Danish Iqbal,2023-05-06 00:00:00,4,11.5,Good,urgent,603
P100406,Karachi,Townhouse,1947.0,5.0,5.0,2004,No,1,9900000.0,Hassan Ahmed,2022-10-16 00:00:00,1,2.6,Excellent,call later,407
P100695,Islamabad,House,2431.0,6.0,6.0,2018,No,3,24000000.0,Bilal Iqbal,2023-11-17 00:00:00,3,7.6,Excellent,VIP,696
P100817,Islamabad,House,1862.0,3.0,3.0,2020,No,0,14500000.0,Ahmed Raza,2023-04-05 00:00:00,2,5.5,Excellent,VIP,818
P100841,Multan,Villa,1799.0,2.0,1.0,1985,Yes,1,9900000.0,Ayesha Malik,2022-06-28 00:00:00,2,2.5,New,follow up,842
P100497,Islamabad,House,1691.0,3.0,2.0,2005,No,3,13000000.0,Maham Siddiqui,2024-05-22 00:00:00,3,2.4,Good,urgent,498
P101929,Lahore,House,2206.0,4.0,3.0,1998,No,1,11350000.0,Zain Siddiqui,2023-07-07 00:00:00,3,3.7,Good,urgent,1930
P100342,Multan,House,415.0,1.0,1.0,2002,No,1,1200000.0,Bilal Qureshi,2022-03-04 00:00:00,3,7.2,Needs Renovation,follow up,343
P101790,Rawalpindi,House,1108.0,3.0,3.0,1997,No,0,3950000.0,Ayesha Qureshi,2025-08-27 00:00:00,3,4.2,Excellent,follow up,1791
P100299,ISLAMABAD,Villa,,1.0,1.0,2005,No,4,6000000.0,Fatima Qureshi,2024-12-28 00:00:00,2,3.9,Excellent,VIP,300
P100787,Lahore,House,1906.0,3.0,3.0,2005,No,1,8950000.0,Ayesha Butt,2024-04-24 00:00:00,2,13.8,Good,VIP,788
P101114,Hyderabad,Apartment,1496.0,3.0,3.0,2011,Yes,2,4050000.0,Ayesha Iqbal,2024-02-13 00:00:00,3,4.9,Good,owner waiting,1115
P100654,Faisalabad,House,1808.0,3.0,3.0,2017,No,2,5900000.0,Not Available,2023-06-17 00:00:00,3,15.6,Excellent,owner waiting,655
P101652,Karachi,House,1501.0,4.0,3.0,1993,Yes,0,6850000.0,Bilal Khan,2024-07-06 00:00:00,2,6.2,Good,follow up,1653
P102163,Lahore,House,400.0,1.0,1.0,1989,No,1,1600000.0,Ahmed Butt,2024-03-21 00:00:00,2,3.0,Average,nan,2164
P100220,Lahore,Apartment,1036.0,3.0,3.0,2011,yes,0,4950000.0,Bilal Ahmed,2022-01-31 00:00:00,2,7.0,Average,urgent,221
P102046,Lahore,Townhouse,1063.0,3.0,3.0,2002,Yes,1,4150000.0,Danish Malik,2024-12-29 00:00:00,2,3.0,Average,urgent,2047
P101924,Karachi,Apartment,2098.0,4.0,4.0,1997,No,2,7350000.0,Zain Iqbal,2023-04-05 00:00:00,2,11.2,Excellent,nan,1925
P101055,Rawalpindi,Villa,670.0,1.0,1.0,2017,Yes,2,3900000.0,Ahmed Malik,2024-02-19 00:00:00,1,5.5,Good,urgent,1056
P100084,Karachi,House,1383.0,2.0,2.0,1985,No,2,7650000.0,Ahmed Malik,2024-04-24 00:00:00,4,3.1,Good,owner waiting,85
P101073,Peshawar,House,525.0,1.0,1.0,2002,Yes,3,1500000.0,Hamza Iqbal,2023-03-04 00:00:00,2,3.6,Good,urgent,1074
P100266,Karachi,House,1773.0,4.0,4.0,2016,No,1,9700000.0,Hassan Qureshi,2025-09-27 00:00:00,2,7.9,New,call later,267
P101709,Karachi,House,1279.0,1.0,1.0,1989,No,3,"7,500,000",Sara Malik,2025-10-07 00:00:00,3,11.5,Average,nan,1710
P100290,Multan,Villa,3151.0,7.0,6.0,2020,No,3,14900000.0,Ahmed Raza,2022-05-26 00:00:00,3,2.1,New,nan,291
P100643,Karachi,House,1176.0,3.0,3.0,2013,No,1,6550000.0,Maham Iqbal,2025-09-10 00:00:00,2,0.9,Excellent,urgent,644
P102393,Karachi,House,750.0,1.0,1.0,2007,True,2,4250000.0,Saad Shah,2024-02-29 00:00:00,2,5.6,Average,VIP,2394
P100416,Karachi,House,2650.0,4.0,4.0,1995,No,2,13250000.0,Maham Raza,2022-09-04 00:00:00,2,1.8,Good,,417
P100472,Karachi,House,1893.0,4.0,4.0,2002,Yes,3,10650000.0,Sara Qureshi,2024-10-12 00:00:00,1,6.4,Good,call later,473
P100889,Rawalpindi,House,1632.0,3.0,3.0,1981,Yes,3,8350000.0,Hina Sheikh,2024-07-26 00:00:00,1,8.8,Excellent,,890
P102086,Lahore,Apartment,1895.0,5.0,,2006,Yes,1,8400000.0,Ali Khan,2025-05-06 00:00:00,2,3.8,Average,owner waiting,2087
P102453,Multan,Townhouse,1463.0,2.0,2.0,2002,No,3,4950000.0,Danish Butt,2025-03-19 00:00:00,2,5.6,Good,VIP,2454
P101822,Islamabad,Apartment,2828.0,4.0,,2004,Yes,2,16500000.0,Omar Siddiqui,2022-06-04 00:00:00,3,5.6,Good,owner waiting,1823
P101621,Lahore,Villa,2513.0,,5.0,2024,Yes,2,22350000.0,Ali Raza,2022-10-08 00:00:00,2,13.7,Good,follow up,1622
P101264,Islamabad,House,1672.0,2.0,1.0,2012,No,1,9500000.0,Saad Raza,2023-08-04 00:00:00,2,9.3,Good,,2527
P100990,,Apartment,3012.0,5.0,4.0,2001,No,2,14750000.0,Hina Iqbal,2022-06-07 00:00:00,2,7.0,Excellent,owner waiting,991
P100278,Faisalabad,House,2022.0,3.0,2.0,1987,No,2,6750000.0,Hamza Qureshi,2023-01-29 00:00:00,2,11.7,New,call later,279
P100937,Karachi,House,1877.0,4.0,4.0,1999, no ,0,9400000.0,Zain Siddiqui,2024-09-03 00:00:00,2,2.7,New,call later,938
P101273,Islamabad,Villa,933.0,2.0,2.0,2019,No,2,11450000.0,Ahmed Iqbal,2025-09-26 00:00:00,1,12.4,Average,nan,1274
P101053,Karachi,Apartment,1541.0,2.0,2.0,1993,Yes,2,8400000.0,Hamza Butt,2022-08-29 00:00:00,3,6.5,Average,nan,1054
P100018,Multan,Apartment,2516.0,5.0,4.0,2015,No,4,7750000.0,Maham Sheikh,2022-10-22 00:00:00,3,1.9,Excellent,follow up,19
P101272,Lahore,Apartment,1179.0,3.0,3.0,2002,No,4,5650000.0,Hassan Ahmed,2023-05-15 00:00:00,3,9.2,New,owner waiting,1273
P101165,Faisalabad,House,2205.0,5.0,5.0,1996,No,3,7700000.0,Ayesha Siddiqui,2023-09-05 00:00:00,3,0.7,New,VIP,1166
P101763,Karachi,Villa,1331.0,1.0,1.0,1998,No,2,7850000.0,  Hamza Siddiqui  ,2024-06-07 00:00:00,4,10.4,Excellent,follow up,1764
P100969,Karachi,Townhouse,2070.0,3.0,2.0,1982,No,1,9900000.0,Hassan Khan,2025-11-21 00:00:00,2,15.5,Good,,970
P101449,Karachi,House,2360.0,3.0,3.0,1985,No,3,11850000.0,Sara Qureshi,2023-04-06 00:00:00,1,5.7,Excellent,urgent,1450
P101557,Lahore,Townhouse,2285.0,3.0,2.0,2015,Yes,1,10800000.0,Ayesha Ahmed,2024-08-03 00:00:00,1,6.3,Average,VIP,1558
P101980,Faisalabad,Apartment,2011.0,3.0,3.0,2023,Yes,1,7950000.0,Maham Qureshi,2022-04-29 00:00:00,4,3.0,Average,call later,1981
P102233,Peshawar,House,2458.0,5.0,5.0,1980,Yes,0,7800000.0,Usman Malik,2024-09-19 00:00:00,4,4.3,Excellent,VIP,2234
P100219,Lahore, Apartment ,1084.0,2.0,1.0,1984,True,3,3750000.0,Usman Ahmed,2023-08-20 00:00:00,2,7.9,Good,nan,220
P101290,Lahore,House,3054.0,6.0,6.0,2000, no ,1,17400000.0,Fatima Butt,2023-01-19 00:00:00,3,4.3,Good,nan,1291
P102196,Karachi,House,400.0,1.0,1.0,2013,No,1,2100000.0,Usman Siddiqui,2024-03-26 00:00:00,3,7.4,Good,owner waiting,2197
P100303,Lahore,Apartment,1661.0,3.0,2.0,2012,Yes,1,7800000.0,Ayesha Butt,2022-10-23 00:00:00,3,9.9,Excellent,follow up,304
P101868,Islamabad,House,2129.0,4.0,4.0,1986,Yes,0,17350000.0,Hamza Ahmed,2022-09-27 00:00:00,2,10.4,Excellent,urgent,1869
P101222,Faisalabad,Villa,1239.0,3.0,3.0,1990,Yes,1,"5,250,000",Usman Sheikh,2024-12-12 00:00:00,2,5.1,Good,nan,1223
P101774,Islamabad,House,989.0,2.0,1.0,2019,No,1,8950000.0,Danish Qureshi,2025-03-21 00:00:00,1,9.1,Average,owner waiting,1775
P100759,Lahore,House,1937.0,4.0,4.0,1999,No,1,8950000.0,Bilal Khan,2024-03-21 00:00:00,1,9.6,Good,owner waiting,760
P100344,Multan,House,1955.0,2.0,2.0,2024,No,1,6250000.0,Usman Sheikh,2024-01-13 00:00:00,3,4.1,Good,follow up,345
P101538,Multan,House,1607.0,,3.0,1995,yes,2,5800000.0,Ahmed Butt,2025-04-27 00:00:00,2,3.6,New,owner waiting,1539
P101441,Karachi,House,808.0,2.0,2.0,2000,True,2,3750000.0,Zain Siddiqui,2023-07-06 00:00:00,2,11.0,Good,,1442
P102448,Islamabad,Apartment,1406.0,2.0,2.0,2023,No,2,8850000.0,Maham Shah,2024-07-02 00:00:00,3,8.0,Average,VIP,2449
P101814,Multan,House,2105.0,4.0,4.0,2023,No,0,7550000.0,Ahmed Ahmed,2023-06-17 00:00:00,1,10.2,Excellent,,1815
P100986,Lahore,Apartment,628.0,1.0,1.0,2002,Yes,1,2400000.0,Maham Raza,2022-12-18 00:00:00,2,15.3,Good,VIP,987
P101247,KHI,Villa,2208.0,4.0,4.0,1989,No,1,14950000.0,Hina Qureshi,2024-12-11 00:00:00,3,7.1,Excellent,,1248
P101912,Peshawar,Apartment,1456.0,3.0,2.0,1992,No,1,4200000.0,Hassan Ahmed,2025-03-08 00:00:00,3,4.7,Excellent,nan,1913
P101303,Karachi,House,438.0,2.0,1.0,1995,Yes,1,2600000.0,Omar Qureshi,2024-08-23 00:00:00,2,8.4,Good,urgent,1304
P101229,Karachi,Villa,2548.0,4.0,4.0,2008,No,2,20300000.0,Fatima Shah,2024-04-08 00:00:00,2,6.9,Average,call later,1230
P100192,Karachi,Villa,1668.0,3.0,2.0,2021,Yes,3,12750000.0,Fatima Qureshi,2025-09-21 00:00:00,2,3.6,Excellent,owner waiting,193
P100174,Karachi,Apartment,1225.0,3.0,2.0,2021,No,1,5400000.0,Bilal Qureshi,2023-09-17 00:00:00,3,5.7,Excellent,VIP,175
P101690,Multan, House ,892.0,1.0,,1983,No,4,2750000.0,Sara Khan,2025-05-17 00:00:00,2,17.5,Excellent,VIP,1691
P101690,Multan, House ,892.0,1.0,,1983,No,4,2750000.0,Sara Khan,2025-05-17 00:00:00,2,17.5,Excellent,VIP,1691
P100610,Islamabad,House,1231.0,2.0,2.0,2006,Yes,3,8150000.0,Ahmed Sheikh,2024-11-05 00:00:00,3,8.7,Excellent,nan,611
P101505, Lahore ,House,2033.0,4.0,4.0,1997,No,1,10800000.0,Hassan Malik,2024-01-05 00:00:00,2,8.6,Average,VIP,1506
P101964,Rawalpindi,House,1661.0,3.0,3.0,2005,Yes,1,7550000.0,Ayesha Raza,2023-12-13 00:00:00,3,4.4,Good,,1965
P100736,Karachi,Townhouse,1446.0,2.0,1.0,2004,No,3,7800000.0,Bilal Malik,2022-07-04 00:00:00,3,2.1,Average,urgent,737
P100128,Karachi,House,1976.0,3.0,3.0,1998,No,2,11300000.0,Ali Ahmed,2024-10-29 00:00:00,3,27.2,Excellent,,129
P100340,Karachi,Villa,,3.0,2.0,2008,No,1,18350000.0,Hassan Siddiqui,2022-11-21 00:00:00,2,3.9,Good,VIP,341
P102333,Karachi,Apartment,1815.0,2.0,2.0,1987,No,2,8350000.0,Ali Raza,2024-05-23 00:00:00,2,5.4,New,call later,2334
P100916,Karachi,Apartment,1955.0,3.0,3.0,1980,No,1,8700000.0,Fatima Butt,2025-01-03 00:00:00,2,2.4,New,follow up,917
P101192,Faisalabad, House ,834.0,2.0,1.0,1980,No,1,2650000.0,Zain Butt,2024-01-13 00:00:00,3,6.5,New,VIP,1193
P100307,Islamabad,Apartment,2101.0,4.0,3.0,1985,No,2,14500000.0,Maham Shah,2024-12-13 00:00:00,2,8.1,Good,call later,308
P100383,Lahore,House,2023.0,3.0,2.0,1986,No,2,10750000.0,Ayesha Sheikh,2023-06-05 00:00:00,2,11.9,Good,follow up,384
P101313,Karachi,House,838.0,1.0,1.0,1999,No,1,4300000.0,Ahmed Iqbal,2025-10-20 00:00:00,3,8.5,Average,call later,1314
P102348,Karachi,House,2051.0,5.0,4.0,2014,,2,13950000.0,Saad Malik,2025-02-13 00:00:00,2,14.7,New,,2349
P100790,Karachi,house,2040.0,3.0,3.0,1990,Yes,2,11250000.0,Sara Qureshi,2025-10-10 00:00:00,2,1.4,Good,,791
P100177,Hyderabad,Villa,1523.0,3.0,3.0,2004,Yes,1,6300000.0,Maham Butt,2023-03-17 00:00:00,2,6.6,Excellent,follow up,178
P100426,Karachi,Apartment,2873.0,6.0,6.0,2024,Yes,2,15200000.0,Ali Butt,2022-12-26 00:00:00,2,3.6,Needs Renovation,,427
P100834,Rawalpindi,House,3371.0,5.0,4.0,2020,Yes,2,20050000.0,Fatima Butt,2023-08-10 00:00:00,2,3.3,Good,nan,835
P101803,Rawalpindi,House,800.0,2.0,1.0,2002,No,0,2600000.0,Maham Sheikh,2023-06-24 00:00:00,2,2.2,Excellent,owner waiting,1804
P100782,Lahore,House,1859.0,4.0,3.0,1993,Yes,2,9200000.0,Hamza Khan,2023-10-30 00:00:00,1,15.3,Good,VIP,783
P102002,Peshawar,Apartment,1550.0,3.0,3.0,1993,No,1,3750000.0,,2025-02-18 00:00:00,2,5.4,Good,urgent,2003
P100184,Multan,House,1558.0,3.0,2.0,1998,No,1,5250000.0,Danish Sheikh,2024-09-08 00:00:00,2,5.7,Good,,185
P101414,Karachi,House,1337.0,3.0,3.0,2007,Yes,2,6650000.0,  Usman Iqbal  ,2024-09-02 00:00:00,3,5.7,Needs Renovation,follow up,2517
P102050,Hyderabad,House,1833.0,2.0,0.0,1988,Yes,4,6100000.0,Danish Qureshi,2022-07-27 00:00:00,3,4.3,New,owner waiting,2051
P101691,Peshawar,Apartment,1242.0,3.0,2.0,2015,No,0,4250000.0,Ayesha Khan,2025-10-16 00:00:00,2,13.6,Good,,1692
P100637,Rawalpindi,House,1749.0,4.0,4.0,2004,No,2,8050000.0,Ahmed Malik,2023-05-17 00:00:00,3,2.7,Good,urgent,638
P101041,Islamabad,Apartment,1542.0,3.0,2.0,1995, yes ,1,11450000.0,Danish Malik,2023-12-19 00:00:00,2,4.4,New,VIP,1042
P101097,Multan,Villa,1443.0,3.0,3.0,1981,Yes,1,7600000.0,Zain Iqbal,2022-05-15 00:00:00,2,7.4,New,urgent,1098
P101602,Rawalpindi,Apartment,1270.0,2.0,1.0,2021,No,2,4900000.0,Ali Raza,2023-10-23 00:00:00,2,2.2,Good,,1603
P100489,Islamabad, Apartment ,1703.0,4.0,3.0,1981,No,2,10850000.0,Bilal Qureshi,2023-02-03 00:00:00,3,10.2,New,,490
P101221,Karachi,Apartment,1489.0,3.0,3.0,2009,No,1,7200000.0,Bilal Qureshi,2023-01-02 00:00:00,4,6.2,Good,call later,1222
P100859,Lahore,Apartment,542.0,1.0,1.0,2001,Yes,1,2650000.0,Danish Shah,2023-09-22 00:00:00,2,5.3,Average,VIP,860
P102287,Rawalpindi,Apartment,2131.0,3.0,3.0,2018,Yes,1,8200000.0,Hina Malik,2022-08-03 00:00:00,1,22.2,Good,,2288
P101446,Peshawar,House,3367.0,5.0,4.0,2001,No,1,12400000.0,Maham Siddiqui,2023-11-26 00:00:00,1,1.9,Good,,1447
P101989,Karachi,Apartment,762.0,,1.0,1980,Yes,2,4250000.0,Sara Sheikh,2024-03-03 00:00:00,3,5.8,Excellent,,1990
P101530,Lahore,Apartment,1279.0,1.0,1.0,2024,No,4,5550000.0,Hamza Qureshi,2023-03-06 00:00:00,1,3.3,New,VIP,1531
P101937,Islamabad,House,1349.0,2.0,1.0,1996,No,1,10000000.0,Usman Khan,2025-07-08 00:00:00,3,4.5,Good,owner waiting,1938
P100118,Lahore,Villa,2207.0,4.0,4.0,2003,No,3,15000000.0,Hina Qureshi,2024-06-09 00:00:00,2,5.8,Good,,119
P101604,Karachi,Townhouse,2821.0,5.0,5.0,2008,No,3,12700000.0,Maham Iqbal,2025-07-12 00:00:00,2,16.5,Excellent,,1605
P100281,Karachi,House,1665.0,2.0,2.0,2005,No,2,10200000.0,Usman Malik,2022-04-16 00:00:00,2,19.1,Good,call later,282
P102217,Peshawar,Apartment,849.0,3.0,3.0,2003,Y,1,2600000.0,Zain Malik,2024-10-24 00:00:00,3,7.8,Good,owner waiting,2218
P101900,Islamabad,Villa,2712.0,5.0,4.0,1992,Yes,2,21550000.0,Hina Sheikh,2025-04-29 00:00:00,3,1.2,New,nan,1901
P101894,Lahore,House,1528.0,3.0,3.0,1991,Yes,2,10150000.0,Hina Ahmed,2024-05-21 00:00:00,3,8.5,Good,owner waiting,1895
P101922,Lahore,Apartment,2383.0,4.0,4.0,1988,No,2,10150000.0,Fatima Iqbal,2023-01-23 00:00:00,1,6.4,Good,follow up,1923
P102155,Faisalabad,Villa,1401.0,2.0,2.0,1994,No,4,5100000.0,Saad Siddiqui,2022-01-26 00:00:00,2,6.8,Excellent,nan,2156
P102048,Karachi,Apartment,1551.0,3.0,3.0,1982,No,2,7050000.0,Ayesha Sheikh,2024-04-04 00:00:00,3,10.4,Excellent,urgent,2049
P100366,Multan,House,1791.0,3.0,3.0,1992,No,3,5600000.0,Maham Butt,2022-07-22 00:00:00,1,1.8,Good,call later,367
P101976,Lahore,Apartment,1707.0,3.0,3.0,2023,No,2,7350000.0,Saad Iqbal,2022-03-18 00:00:00,3,5.7,Average,nan,1977
P100555,Karachi,Apartment,1090.0,3.0,3.0,2000,,1,4750000.0,Ali Ahmed,2025-08-06 00:00:00,3,15.6,Good,urgent,556
P101285,Peshawar,Townhouse,2749.0,5.0,4.0,2011,No,1,9200000.0,Ahmed Sheikh,2025-11-28 00:00:00,3,10.8,Average,owner waiting,1286
P101939,Karachi,House,1787.0,4.0,4.0,1992,No,1,7200000.0,Bilal Khan,2022-09-08 00:00:00,2,2.6,Excellent,urgent,1940
P100789,Islamabad,House,1280.0,1.0,,2006,Yes,1,11000000.0,Ahmed Iqbal,2024-12-09 00:00:00,4,7.8,Good,,790
P101615,Karachi,House,1777.0,3.0,2.0,2004,No,4,11350000.0,Ahmed Siddiqui,2023-12-03 00:00:00,2,5.1,Excellent,call later,1616
P100203,Karachi,Villa,1765.0,4.0,3.0,2003,No,2,11250000.0,Zain Sheikh,2022-12-02 00:00:00,4,3.4,Good,urgent,204
P101742,Karachi,Apartment,992.0,1.0,1.0,2021,,1,4250000.0,N/A,2022-09-12 00:00:00,3,9.0,Needs Renovation,VIP,1743
P100120,Islamabad,Villa,1120.0,1.0,1.0,1995,No,2,13600000.0,  Hamza Sheikh  ,2023-11-12 00:00:00,2,15.2,New,nan,121
P100283,Karachi,House,2751.0,5.0,5.0,1986,No,1,16600000.0,Omar Qureshi,2022-02-05 00:00:00,2,5.7,Good,VIP,284
P100575,Lahore,Townhouse,1228.0,,1.0,1995,No,2,5750000.0,Sara Ahmed,2022-04-06 00:00:00,1,3.6,Good,VIP,576
P102129,Karachi,House,1483.0,3.0,3.0,2002,No,3,8800000.0,Hamza Raza,2023-05-09 00:00:00,2,4.2,Good,call later,2130
P102103,Peshawar,Apartment,1409.0,3.0,3.0,1998,No,2,4300000.0,Zain Butt,2025-08-10 00:00:00,1,12.0,Good,call later,2104
P100275,Lahore,House,2130.0,4.0,4.0,1995,no,2,11000000.0,Saad Qureshi,2022-06-24 00:00:00,2,4.5,Average,urgent,276
P101027,Lahore,House,1734.0,3.0,3.0,1988, no ,4,11050000.0,Hassan Siddiqui,2025-03-30 00:00:00,1,15.6,Good,nan,1028
P102164,Faisalabad,Apartment,3012.0,5.0,4.0,2024,No,1,8100000.0,Ali Khan,2025-12-16 00:00:00,2,2.0,New,owner waiting,2165
P100360,Peshawar,House,1579.0,3.0,2.0,1988,No,1,6900000.0,Omar Khan,2024-11-27 00:00:00,3,9.1,New,VIP,361
P102291,Rawalpindi,House,1608.0,2.0,2.0,1999,No,1,6150000.0,Omar Ahmed,2025-12-23 00:00:00,3,5.1,Excellent,owner waiting,2292
P101453,Peshawar,Apartment,1539.0,2.0,2.0,2011,No,2,6100000.0,Hamza Iqbal,2023-01-02 00:00:00,2,4.1,Good,urgent,1454
P102408,Lahore,Apartment,2701.0,5.0,5.0,2013,No,2,12300000.0,Ayesha Shah,,2,2.8,New,urgent,2409
P100629,Multan,Townhouse,1811.0,3.0,,2008,No,1,5197608.80462012,Hamza Qureshi,2022-02-06 00:00:00,3,12.6,Average,,630
P101593,Lahore,House,1806.0,3.0,3.0,1985,No,1,9650000.0,Bilal Shah,2023-08-12 00:00:00,1,1.7,Excellent,owner waiting,1594
P102404,Multan,Apartment,1728.0,3.0,3.0,2015,No,1,5050000.0,Hamza Butt,2022-05-26 00:00:00,3,6.7,Average,urgent,2405
P100286,Karachi,Apartment,1246.0,3.0,2.0,1984,No,3,5450000.0,Maham Butt,2023-02-05 00:00:00,2,5.7,Good,owner waiting,287
P101293,Lahore,House,1496.0,4.0,4.0,1982,No,2,8650000.0,Fatima Malik,2024-05-27 00:00:00,3,6.8,Excellent,call later,1294
P102029,Islamabad,Apartment,1734.0,4.0,4.0,2012,No,1,10200000.0,Saad Sheikh,2025-12-14 00:00:00,3,3.6,Good,nan,2030
P100945,Karachi,House,471.0,1.0,1.0,2001, yes ,3,2650000.0,Ali Siddiqui,2022-02-22 00:00:00,2,3.5,Excellent,owner waiting,946
P100423,Karachi,Apartment,2342.0,4.0,4.0,2008,Yes,2,11750000.0,Danish Shah,2022-08-18 00:00:00,1,6.5,Excellent,,424
P101866,Peshawar,Apartment,1914.0,3.0,3.0,2008,No,0,5250000.0,Sara Raza,2023-07-04 00:00:00,2,15.7,Excellent,nan,1867
P101706,Karachi,House,1462.0,3.0,3.0,1988,Yes,3,8950000.0,Saad Khan,2024-03-24 00:00:00,2,2.7,Excellent,call later,1707
P101427,Karachi,Villa,555.0,1.0,1.0,2006,Yes,1,5200000.0,Sara Raza,2022-02-09 00:00:00,3,1.4,Needs Renovation,call later,2531
P102021,Karachi,House,1007.0,,1.0,2015,No,2,5100000.0,Hamza Sheikh,2022-01-13 00:00:00,2,4.0,Good,urgent,2022
P100065,Islamabad,House,1595.0,-3.0,2.0,1998,Yes,1,10850000.0,Ayesha Iqbal,2022-02-07 00:00:00,2,11.6,Good,nan,66
P102445,Islamabad,Villa,2557.0,5.0,5.0,2013,No,0,"23,400,000",Sara Sheikh,2025-02-28 00:00:00,2,3.0,New,call later,2446
P101537,Rawalpindi,Villa,2584.0,5.0,4.0,1991,Yes,1,15700000.0,Saad Siddiqui,2023-10-11 00:00:00,2,4.5,Good,call later,1538
P100964,Peshawar,Villa,2012.0,3.0,3.0,2003,No,3,12500000.0,Sara Sheikh,2024-07-30 00:00:00,1,3.0,Excellent,nan,965
P100767,Karachi,Villa,715.0,1.0,1.0,1997,No,1,4300000.0,Ali Ahmed,2024-12-22 00:00:00,2,15.4,Excellent,owner waiting,768
P100230,Karachi,House,2096.0,4.0,4.0,1986,No,1,8800000.0,Maham Siddiqui,2023-10-13 00:00:00,2,5.9,New,VIP,231
P101626,Lahore,Apartment,2333.0,6.0,6.0,1985,,2,12200000.0,Zain Malik,2022-10-30 00:00:00,2,13.8,Average,VIP,1627
P101735,Rawalpindi,House,2794.0,6.0,6.0,2022,Yes,2,15300000.0,Zain Shah,2023-05-04 00:00:00,2,9.1,Excellent,nan,1736
P101223,Islamabad,House,1336.0,2.0,2.0,1989,False,4,9700000.0,Hamza Siddiqui,2024-02-07 00:00:00,3,6.9,Excellent,owner waiting,1224
P101356,Islamabad,Villa,1546.0,2.0,1.0,2006,Yes,1,18450000.0,Hina Malik,2024-10-23 00:00:00,3,11.7,Good,call later,1357
P101361,Lahore,House,2438.0,5.0,5.0,2009,No,1,11600000.0,Usman Raza,2024-08-24 00:00:00,2,18.3,Good,call later,1362
P100923,Islamabad,House,2156.0,4.0,3.0,1990,Yes,1,18600000.0,Saad Qureshi,2024-11-26 00:00:00,2,20.7,Excellent,,924
P102326,Karachi,House,1170.0,2.0,2.0,2013,No,2,7050000.0,Bilal Qureshi,2023-10-08 00:00:00,2,4.6,Good,VIP,2327
P101173,Rawalpindi,House,922.0,1.0,1.0,1980,Yes,2,4850000.0,Usman Qureshi,2025-04-23 00:00:00,2,6.5,Good,follow up,1174
P100374,Karachi,House,2661.0,5.0,5.0,1991,No,2,16250000.0,Zain Butt,2025-12-28 00:00:00,2,2.4,Good,urgent,375
P101502, Lahore ,Villa,1118.0,2.0,1.0,1998,No,3,7800000.0,Danish Khan,2023-03-20 00:00:00,1,10.3,Good,nan,1503
P101576,Multan,Apartment,1268.0,1.0,1.0,1980,No,1,"3,000,000",Fatima Iqbal,2025-05-11 00:00:00,1,8.4,New,VIP,1577
P101278,Faisalabad,villa,1470.0,2.0,2.0,2005,No,2,6500000.0,Usman Iqbal,2025-07-07 00:00:00,2,6.1,New,urgent,1279
P100297,Multan,House,3075.0,5.0,5.0,2016,No,2,11950000.0,Maham Sheikh,2024-10-25 00:00:00,3,6.2,New,owner waiting,298
P100598,Hyderabad,House,2113.0,3.0,2.0,1989,No,3,6500000.0,Hina Malik,2023-08-08 00:00:00,3,10.4,Good,VIP,599
P101521,Islamabad,House,2404.0,6.0,6.0,1981,No,0,18450000.0,Fatima Khan,2022-04-09 00:00:00,4,5.3,Average,follow up,1522
P100099,Hyderabad,Townhouse,2432.0,3.0,3.0,1994,Yes,3,6900000.0,Sara Butt,2024-10-08 00:00:00,3,10.5,New,follow up,100
P101411,Hyderabad,Apartment,1345.0,1.0,1.0,1994,No,1,"3,900,000",Ahmed Khan,2022-12-04 00:00:00,3,5.1,Average,follow up,1412
P100962,,House,1518.0,3.0,2.0,1995,No,1,"7,550,000",Maham Qureshi,2024-07-31 00:00:00,1,12.2,Excellent,nan,963
P101732,Rawalpindi,Apartment,997.0,2.0,2.0,2003,No,1,4000000.0,Maham Raza,2024-07-31 00:00:00,3,7.0,Good,,1733
P100529,Lahore,House,,1.0,1.0,2015,Yes,1,6050000.0,Zain Siddiqui,2025-12-09 00:00:00,2,23.7,Excellent,urgent,530
P102045,Karachi,House,1680.0,,1.0,2013,Yes,2,9700000.0,Saad Shah,2024-12-09 00:00:00,2,3.4,Excellent,follow up,2046
P100932,Lahore,Townhouse,2003.0,4.0,4.0,2021,Yes,0,14350000.0,Omar Siddiqui,2025-11-28 00:00:00,2,3.0,Good,nan,2535
P102439,Rawalpindi,House,1091.0,2.0,2.0,1981,No,0,5000000.0,Ayesha Qureshi,2024-02-04 00:00:00,1,8.8,New,follow up,2440
P100636,Rawalpindi, Villa ,1438.0,3.0,3.0,2003,No,1,9400000.0,Bilal Qureshi,2024-06-16 00:00:00,3,9.5,New,owner waiting,637
P102228,Karachi,Apartment,1924.0,4.0,4.0,2019,Yes,1,8950000.0,Usman Qureshi,2024-05-26 00:00:00,2,3.0,Average,nan,2229
P100185,Islamabad,Apartment,1508.0,2.0,2.0,1997,No,2,9950000.0,Saad Sheikh,2023-02-17 00:00:00,1,6.2,Average,follow up,186
P102035,Multan,House,641.0,3.0,2.0,2000,Yes,2,2750000.0,Ali Ahmed,2025-99-99,3,7.6,Average,,2036
P101005,Lahore,Apartment,2209.0,4.0,4.0,1984,Yes,0,10800000.0,Ali Qureshi,2024-06-01 00:00:00,2,4.9,Good,urgent,1006
P102492,Karachi,Apartment,2094.0,4.0,4.0,1992,No,2,8950000.0,nan,2023-04-04 00:00:00,3,4.2,Excellent,owner waiting,2493
P100978,Islamabad,Townhouse,,4.0,4.0,2014,Yes,2,12600000.0,Ali Iqbal,2022-10-21 00:00:00,1,8.0,Average,nan,979
P101835,Karachi,House,1055.0,1.0,1.0,2006, yes ,0,6200000.0,Hina Shah,2022-11-08 00:00:00,2,6.3,New,urgent,1836
P100511,Faisalabad,Villa,2743.0,5.0,5.0,2010,Yes,4,15750000.0,Usman Malik,2023-07-13 00:00:00,2,1.2,Good,owner waiting,512
P101582,Lahore,Apartment,2330.0,4.0,4.0,1985,No,2,10400000.0,Fatima Qureshi,2023-09-09 00:00:00,1,14.6,Good,VIP,1583
P102016,Karachi,house,1147.0,2.0,2.0,1994,No,3,7000000.0,Fatima Shah,2022-04-27 00:00:00,3,1.7,Good,nan,2017
P102355,MULTAN,Townhouse,1948.0,3.0,3.0,2008,Yes,1,7400000.0,Hamza Ahmed,2022-10-13 00:00:00,2,4.3,Excellent,VIP,2356
P102112,Karachi,Apartment,1919.0,3.0,3.0,1996,No,2,9350000.0,Bilal Raza,2024-09-21 00:00:00,2,1.8,Good,VIP,2113
P100607,Karachi,Apartment,2941.0,5.0,5.0,2022,No,2,16350000.0,Ahmed Shah,2024-07-21 00:00:00,1,8.1,Good,call later,608
P101080,Karachi,Villa,2507.0,5.0,4.0,1999,No,2,19350000.0,Ali Qureshi,2022-06-07 00:00:00,2,6.0,Excellent,,1081
P102486,Multan,Apartment,1751.0,3.0,3.0,1980,No,3,4900000.0,Ahmed Malik,2024-08-06 00:00:00,2,2.0,New,follow up,2487
P100151,Faisalabad,House,2455.0,4.0,4.0,1993,No,2,10300000.0,Danish Raza,2024-08-17 00:00:00,2,9.3,Good,follow up,152
P101608,Lahore,Townhouse,1682.0,1.0,1.0,1984,Yes,2,11250000.0,Saad Qureshi,2024-11-05 00:00:00,2,6.9,Good,,1609
P101831,Hyderabad,Townhouse,2474.0,4.0,4.0,1984,No,1,7150000.0,Ahmed Siddiqui,2022-07-28 00:00:00,3,2.0,Excellent,urgent,1832
P101146,Rawalpindi,House,2024.0,3.0,3.0,1981,Yes,2,8750000.0,Usman Qureshi,2024-03-22 00:00:00,2,3.0,Good,nan,1147
P100929,Rawalpindi,Villa,1334.0,2.0,2.0,2002,No,1,9750000.0,Usman Siddiqui,2024-01-24 00:00:00,2,15.7,Average,call later,930
P102307,Lahore,Apartment,,3.0,3.0,2007,No,2,5000000.0,Hassan Butt,2022-09-09 00:00:00,1,7.7,Good,owner waiting,2308
P100023,Faisalabad,Apartment,1717.0,2.0,2.0,2006,No,1,5000000.0,Ayesha Qureshi,2025-08-11 00:00:00,1,15.9,New,owner waiting,24
P100158,RAWALPINDI,House,1199.0,2.0,1.0,2021, no ,3,5700000.0,Omar Iqbal,2023-05-17 00:00:00,3,15.1,Excellent,follow up,159
P101560,Hyderabad,Townhouse,2623.0,4.0,4.0,2003,No,3,8050000.0,Fatima Malik,2025-07-20 00:00:00,2,5.9,Good,owner waiting,1561
P100331,Karachi,Apartment,1947.0,3.0,3.0,1980,No,1,10600000.0,Hina Iqbal,2025-08-09 00:00:00,4,3.7,New,,332
P101524,Rawalpindi,Villa,802.0,2.0,1.0,1996,Yes,2,5400000.0,Omar Khan,2023-06-27 00:00:00,2,1.4,Good,nan,1525
P102421,Karachi,House,1807.0,3.0,3.0,1993,No,0,9300000.0,  Hamza Iqbal  ,2022-05-23 00:00:00,2,9.9,Excellent,urgent,2422
P101772,Islamabad,Villa,,2.0,2.0,2000,No,4,15700000.0,Sara Butt,2023-07-14 00:00:00,2,2.8,New,urgent,1773
P102042,Islamabad,Townhouse,775.0,1.0,1.0,2018,False,1,5150000.0,Hamza Ahmed,2025-01-22 00:00:00,3,1.1,New,follow up,2043
P102484,Multan,House,2503.0,5.0,4.0,2003,Yes,3,10350000.0,Maham Khan,2022-12-31 00:00:00,2,4.2,Good,follow up,2485
P100807,Karachi,House,2696.0,6.0,,1987,Yes,1,14250000.0,Bilal Khan,2023-01-04 00:00:00,2,9.1,Needs Renovation,owner waiting,808
P100642,Karachi,Townhouse,2116.0,3.0,3.0,2010,,2,9100000.0,Omar Iqbal,2022-07-05 00:00:00,2,6.8,Good,owner waiting,643
P101494,Lahore,House,1782.0,4.0,4.0,1998,Yes,2,13100000.0,Ali Butt,2024-07-21 00:00:00,2,14.5,Good,urgent,1495
P100311,Lahore,Villa,1769.0,3.0,3.0,1994,No,1,13900000.0,N/A,,1,13.2,Excellent,,312
P100351,Karachi,House,2264.0,4.0,3.0,2015,Yes,2,14900000.0,Saad Sheikh,2025-07-03 00:00:00,4,13.1,Good,owner waiting,352
P100548,Rawalpindi,Townhouse,1764.0,3.0,3.0,1981,Yes,2,6250000.0,Fatima Butt,2023-04-19 00:00:00,2,4.8,Needs Renovation,VIP,549
P101398,Islamabad,House,2769.0,4.0,4.0,2002,Yes,2,26750000.0,Zain Shah,2024-03-15 00:00:00,2,8.0,Average,,1399
P101377,Faisalabad,Townhouse,946.0,2.0,1.0,2009,,2,4100000.0,Ahmed Qureshi,2022-06-23 00:00:00,2,9.0,Good,,1378
P101163,Karachi,Apartment,826.0,1.0,1.0,1995,No,1,3850000.0,Usman Siddiqui,,2,13.4,Good,urgent,1164
P100306,Lahore,House,,2.0,2.0,2005,No,2,11200000.0,Saad Malik,2025-08-22 00:00:00,1,3.9,Needs Renovation,call later,307
P100287,Lahore,Apartment,,1.0,1.0,2015,No,4,2600000.0,Ayesha Butt,2025-09-03 00:00:00,2,6.7,Excellent,owner waiting,288
P100694,Peshawar,Apartment,,4.0,,2013,Yes,3,6800000.0,Ayesha Qureshi,2023-09-17 00:00:00,1,6.6,New,call later,695
P101660,Karachi,Apartment,1493.0,2.0,2.0,1991,Yes,1,8700000.0,Hassan Siddiqui,2025-12-25 00:00:00,3,2.0,Good,,1661
P100630,Peshawar,House,1977.0,2.0,2.0,2005,No,2,8300000.0,Bilal Sheikh,2022-03-03 00:00:00,2,4.5,New,owner waiting,631
P102069,Lahore,Apartment,2599,4.0,3.0,2008,No,2,12000000.0,Sara Butt,2023-02-04 00:00:00,3,5.8,Excellent,follow up,2070
P101870,Lahore,House,1460.0,5.0,5.0,2024,Yes,2,8850000.0,Ali Khan,2024-08-22 00:00:00,3,4.2,Needs Renovation,,1871
P101011,Islamabad,Apartment,2239.0,4.0,4.0,2022,No,2,15300000.0,Danish Siddiqui,2025-10-15 00:00:00,2,1.9,Good,follow up,1012
P101488,Faisalabad,Townhouse,1047.0,3.0,2.0,1995,Yes,2,3200000.0,Ahmed Qureshi,2024-03-31 00:00:00,3,4.2,Excellent,owner waiting,1489
P101566,Karachi,House,2819.0,6.0,6.0,2008,Yes,2,14250000.0,Hamza Iqbal,2022-04-03 00:00:00,2,2.5,Excellent,,1567
P101234,Karachi,House,,2.0,1.0,1984,No,0,"7,450,000",Omar Siddiqui,2025-08-05 00:00:00,3,9.7,Excellent,urgent,1235
P101641,Karachi,Apartment,2392.0,5.0,5.0,1995,No,1,10300000.0,Hamza Qureshi,2024-11-14 00:00:00,2,8.9,Excellent,owner waiting,1642
P100829,Karachi,House,1808.0,3.0,2.0,1996,Yes,2,8750000.0,Hina Malik,2022-04-28 00:00:00,1,5.8,Excellent,owner waiting,830
P101421,Lahore,Villa,2721.0,5.0,4.0,2015,No,4,19100000.0,Bilal Ahmed,2024-04-17 00:00:00,1,7.9,Good,,1422
P101455,Karachi,Apartment,647.0,1.0,1.0,1981,Yes,1,3150000.0,Omar Butt,2024-07-27 00:00:00,4,9.4,Excellent,VIP,1456
P102138,Rawalpindi,House,2017.0,4.0,4.0,1989,No,1,9003574.390580095,Danish Ahmed,2022-02-05 00:00:00,1,3.1,Good,follow up,2139
P101190,Lahore,House,1074.0,1.0,1.0,2005,No,1,4200000.0,Sara Malik,2023-05-17 00:00:00,3,3.1,Good,nan,1191
P100013,Multan,House,984.0,1.0,1.0,1992,,3,4050000.0,Danish Khan,2024-01-08 00:00:00,2,7.1,New,,14
P100993,Karachi,Apartment,1815.0,3.0,3.0,2016,No,4,7250000.0,Hamza Qureshi,2025-01-28 00:00:00,1,1.3,Average,urgent,994
P101454,Lahore,House,541.0,2.0,2.0,1989,No,2,3100000.0,Hassan Shah,2025-05-04 00:00:00,2,2.9,Good,owner waiting,1455
P100514,Lahore,House,1161.0,2.0,2.0,2001,Yes,2,6300000.0,Sara Sheikh,2023-08-01 00:00:00,2,5.8,Good,call later,515
P100409,Hyderabad,Apartment,2303.0,4.0,3.0,2022,No,3,6200000.0,Sara Ahmed,2022-09-25 00:00:00,1,7.0,Good,,410
P101310,Lahore,Apartment,1550.0,3.0,2.0,2014,True,1,6800000.0,Fatima Malik,2022-07-10 00:00:00,2,13.1,Excellent,nan,1311
P100313,Lahore,House,1913.0,3.0,3.0,2007,No,3,11050000.0,,2022-11-09 00:00:00,2,2.9,Excellent,nan,314
P102345,Karachi,House,1188.0,2.0,2.0,2017,True,1,6700000.0,Saad Sheikh,2022-11-05 00:00:00,2,6.2,Good,owner waiting,2346
P102127,Lahore,House,657.0,1.0,1.0,2024,No,1,2950000.0,Hassan Siddiqui,2025-03-06 00:00:00,2,7.4,Good,nan,2128
P101561,Islamabad,Apartment,2096.0,2.0,1.0,2014,Yes,2,14750000.0,Danish Sheikh,2025-12-30 00:00:00,2,9.1,Average,,1562
P101054,Karachi,House,1687.0,3.0,3.0,2008,No,1,10550000.0,Zain Khan,2022-10-02 00:00:00,3,9.1,Average,call later,1055
P100944,Lahore,Villa,1567.0,3.0,,1982,No,1,11350000.0,Saad Butt,2023-06-30 00:00:00,2,5.7,Excellent,call later,945
P100382,Multan,Apartment,2287.0,3.0,2.0,2007,Yes,0,7900000.0,Usman Ahmed,2023-01-04 00:00:00,1,8.7,Good,follow up,383
P101114,Hyderabad,Apartment,1496.0,3.0,3.0,2011,Yes,2,4050000.0,Ayesha Iqbal,2024-02-13 00:00:00,3,4.9,Good,VIP,2502
P102063,Karachi,Villa,1335.0,2.0,2.0,1986,No,1,8800000.0,Hassan Siddiqui,2023-11-17 00:00:00,2,4.5,Excellent,follow up,2064
P102116,Karachi,Residential House,2404.0,5.0,4.0,2004,Yes,2,15850000.0,Maham Qureshi,2025-03-06 00:00:00,2,20.5,Good,urgent,2117
P100902,Karachi,Apartment,701.0,1.0,1.0,2004,Yes,2,2950000.0,Omar Malik,2025-09-27 00:00:00,2,4.3,Good,urgent,903
P102239,Islamabad,Apartment,1466.0,2.0,2.0,1998,No,1,9350000.0,Bilal Khan,2024-10-02 00:00:00,2,3.0,New,urgent,2240
P101952,Rawalpindi,Apartment,1834.0,3.0,3.0,2021,Yes,0,7500000.0,Hassan Shah,2022-08-12 00:00:00,2,1.0,Excellent,VIP,1953
P100263,Karachi,House,1385.0,2.0,1.0,2006,No,2,7900000.0,Hamza Qureshi,2022-11-04 00:00:00,2,14.1,Good,owner waiting,264
P101510,Karachi,House,1974.0,3.0,3.0,1994,No,1,8050000.0,Fatima Khan,2023-06-12 00:00:00,1,11.1,Good,call later,1511
P102190,Karachi,Apartment,1967.0,3.0,2.0,2005,No,1,8150000.0,Usman Qureshi,2023-02-24 00:00:00,3,5.4,New,call later,2191
P100819,Karachi,House,1302.0,2.0,1.0,1999,No,1,6000000.0,Omar Sheikh,2024-11-12 00:00:00,3,6.4,Good,follow up,820
P100819,Karachi,House,1302.0,2.0,1.0,1999,No,1,6000000.0,Omar Sheikh,2024-11-12 00:00:00,3,6.4,Good,follow up,820
P100415,Karachi,House,1767.0,4.0,3.0,2003,Yes,2,12650000.0,Ali Shah,2025-09-23 00:00:00,1,11.7,Good,owner waiting,416
P102471,Faisalabad,House,2591.0,5.0,4.0,1989,No,2,9750000.0,Hina Sheikh,2022-07-11 00:00:00,1,8.3,Good,owner waiting,2472
P100358,Lahore,Apartment,1918.0,3.0,3.0,2013,Yes,1,7800000.0,Ali Qureshi,2025-11-07 00:00:00,1,2.1,Needs Renovation,VIP,359
P101211,Multan,Villa,1842,3.0,2.0,2006,No,2,7500000.0,Usman Qureshi,2023-05-07 00:00:00,2,10.7,Average,urgent,1212
P102306,Islamabad,House,2092.0,3.0,3.0,1996,Yes,2,15900000.0,Usman Sheikh,2025-11-24 00:00:00,3,7.9,Good,owner waiting,2307
P100008,Karachi,APARTMENT,2735.0,5.0,5.0,1984,Yes,1,13450000.0,Zain Sheikh,2025-07-18 00:00:00,1,2.9,Average,call later,9
P102123,Karachi,Villa,1233.0,1.0,1.0,1988,Yes,1,8300000.0,Sara Iqbal,2022-07-21 00:00:00,1,11.9,Good,nan,2124
P100316,Lahore,House,2309.0,5.0,5.0,2005,No,3,11950000.0,Hina Siddiqui,2025-05-08 00:00:00,1,9.1,Excellent,call later,317
P100304,Faisalabad,House,,5.0,5.0,2019,No,2,12100000.0,Ayesha Siddiqui,2024-05-01 00:00:00,3,8.8,Good,,305
P100427,Faisalabad,Apartment,1788.0,2.0,1.0,2017,Yes,1,5350000.0,Ayesha Raza,2022-10-27 00:00:00,2,2.5,Good,follow up,428
P100105,Rawalpindi,House,,1.0,1.0,1988,No,4,3850000.0,Omar Shah,2024-07-17 00:00:00,2,5.1,New,nan,106
P102059,Karachi,Apartment,1575.0,4.0,3.0,2013,No,0,8050000.0,Omar Malik,2022-05-01 00:00:00,1,2.9,Good,call later,2060
P100121,Islamabad,Townhouse,1532.0,3.0,3.0,1986,No,1,10900000.0,Usman Sheikh,2025-07-15 00:00:00,3,6.9,Needs Renovation,nan,122
P101565,Lahore,Villa,1722.0,3.0,2.0,1982,No,3,11950000.0,Maham Raza,2022-02-12 00:00:00,3,6.2,Good,call later,1566
P101684,,Townhouse,1407.0,3.0,3.0,1994,No,1,6300000.0,Hina Ahmed,2025-10-17 00:00:00,2,7.4,New,,1685
P101344,Hyderabad,Townhouse,2193.0,4.0,4.0,1991,,2,6000000.0,Hamza Iqbal,2024-01-20 00:00:00,3,9.2,Excellent,urgent,1345
P101362,Islamabad,Apartment,1678.0,3.0,3.0,1992,No,1,10600000.0,  Ali Ahmed  ,2024-01-04 00:00:00,2,4.5,New,urgent,1363
P101832,Lahore,House,1437.0,2.0,2.0,1985,No,1,8550000.0,Hassan Sheikh,2025-09-15 00:00:00,1,12.0,Excellent,nan,1833
P101270,Hyderabad,Townhouse,2537.0,4.0,4.0,1982,No,1,8250000.0,Ayesha Qureshi,2024-11-05 00:00:00,1,2.9,Excellent,call later,1271
P100115,Faisalabad,Apartment,1979.0,3.0,3.0,2020,No,2,6000000.0,Omar Malik,2024-03-30 00:00:00,3,11.3,Good,urgent,116
P101452,Faisalabad,Townhouse,1807.0,3.0,3.0,1981,Yes,3,5900000.0,Zain Raza,2023-10-01 00:00:00,3,10.3,Needs Renovation,urgent,1453
P100744,Lahore,House,604.0,1.0,1.0,2024,Yes,3,4350000.0,Ahmed Ahmed,2022-07-03 00:00:00,3,2.2,Excellent,nan,745
P101456,Karachi,Townhouse,507.0,1.0,1.0,2018,No,2,3200000.0,Usman Shah,2025-01-26 00:00:00,3,14.7,Average,,1457
P101609,Lahore,Apartment,1201.0,1.0,1.0,2019,Yes,2,6150000.0,Sara Malik,2024-11-06 00:00:00,2,1.8,New,owner waiting,1610
P102367,,House,847.0,1.0,1.0,2008,No,2,4100000.0,Ayesha Shah,2025-04-23 00:00:00,1,2.5,Excellent,,2368
P101970,Lahore,Townhouse,,4.0,4.0,1999,No,1,9550000.0,Sara Raza,2023-03-25 00:00:00,1,11.7,Good,follow up,1971
P101429,,Townhouse,2522.0,5.0,5.0,2020,Yes,0,14050000.0,Saad Raza,2024-10-26 00:00:00,2,2.2,Excellent,call later,1430
P100672,Hyderabad,Apartment,1597.0,4.0,3.0,1989,No,1,4250000.0,Unknown,2025-08-15 00:00:00,2,26.7,Good,VIP,673
P102339,Karachi,House,1645.0,3.0,2.0,2024,no,2,8350000.0,Hina Siddiqui,2025-02-24 00:00:00,3,5.4,Good,owner waiting,2340
P101177,Lahore,Apartment,1351.0,2.0,2.0,2017,No,2,7700000.0,Hamza Raza,2023-07-07 00:00:00,2,0.9,Needs Renovation,,1178
P102187,Islamabad,Apartment,2308.0,3.0,3.0,2014,No,2,12400000.0,Sara Malik,2024-07-21 00:00:00,2,10.2,Good,owner waiting,2188
P100309,Karachi,House,1772.0,3.0,3.0,1984,Yes,3,10450000.0,Usman Khan,2024-05-26 00:00:00,1,5.0,Average,owner waiting,310
P100591,Lahore,Townhouse,1507.0,3.0,2.0,2011,,3,8350000.0,Hina Shah,2025-07-03 00:00:00,3,2.2,New,,592
P100462,Peshawar,House,,,1.0,2012,No,0,6250000.0,Hina Iqbal,2022-12-19 00:00:00,1,1.3,Excellent,follow up,463
P101018,Karachi,Apartment,2788.0,5.0,5.0,2000,Yes,3,12300000.0,Fatima Qureshi,2025-08-12 00:00:00,2,6.4,Good,urgent,1019
P101001,Lahore,Apartment,2436.0,3.0,3.0,1982,Yes,1,11250000.0,Hina Ahmed,2025-11-01 00:00:00,2,3.3,New,owner waiting,1002
P101253,Islamabad, Villa ,2280.0,4.0,3.0,1990,No,2,26650000.0,Omar Butt,2023-10-07 00:00:00,1,9.2,Average,nan,1254
P101102,Multan,Apartment,2674.0,5.0,5.0,1985,No,2,7450000.0,Ayesha Malik,2025-03-21 00:00:00,3,5.7,Excellent,,1103
P100552,Karachi,Flat,1905.0,2.0,2.0,2024,Yes,2,11650000.0,Ahmed Qureshi,2024-01-23 00:00:00,1,12.4,Average,follow up,553
P100087,Lahore,House,1434.0,2.0,1.0,2001,Yes,1,7650000.0,Ayesha Iqbal,2023-01-27 00:00:00,2,6.9,Average,call later,88
P100690,Karachi,House,1827.0,4.0,4.0,1996,Yes,2,10450000.0,Hina Butt,2023-08-24 00:00:00,2,5.9,New,follow up,691
P101746,Rawalpindi,Villa,1626.0,3.0,3.0,2007,Yes,2,"10,700,000",Zain Qureshi,2022-11-14 00:00:00,3,13.1,Good,follow up,1747
P101444,Karachi,House,1373.0,2.0,2.0,1986,Yes,1,9150000.0,Usman Shah,2024-05-08 00:00:00,2,9.6,Good,follow up,1445
P102446,Karachi,Apartment,2602.0,7.0,6.0,1995,No,3,12500000.0,Ahmed Siddiqui,2025-06-01 00:00:00,1,17.7,Excellent,owner waiting,2447
P101887,Karachi,House,2917.0,4.0,4.0,1985,Yes,1,13100000.0,Sara Ahmed,2022-12-06 00:00:00,3,8.1,Excellent,call later,1888
P101199,Rawalpindi,House,3034.0,7.0,6.0,1995,No,3,12900000.0,Bilal Iqbal,2023-04-14 00:00:00,2,11.3,Excellent,,1200
P100800,Rawalpindi,Townhouse,2252.0,5.0,4.0,2019,No,1,11050000.0,Danish Iqbal,2024-12-03 00:00:00,3,5.4,Excellent,call later,801
P102092,Islamabad,Apartment,2626.0,4.0,4.0,2023,Yes,3,19400000.0,Not Available,2025-06-15 00:00:00,3,10.5,New,VIP,2093
P100300,Multan,Townhouse,1267.0,2.0,2.0,2016,No,1,4350000.0,Saad Malik,2022-03-02 00:00:00,4,9.8,Good,owner waiting,301
P100402,Multan,House,1949.0,3.0,2.0,2019,No,3,9250000.0,Sara Ahmed,2025-10-20 00:00:00,2,10.1,Average,,2519
P100543,Hyderabad,House,1584.0,2.0,2.0,2018,No,1,5450000.0,Unknown,2024-08-07 00:00:00,3,4.1,Average,,544
P101817,Lahore,Villa,1512.0,2.0,1.0,2007,No,3,10700000.0,Hamza Sheikh,2025-09-14 00:00:00,2,4.5,Good,owner waiting,1818
P102248,Lahore,Villa,1179.0,2.0,2.0,2010,No,2,8250000.0,Omar Khan,2023-02-08 00:00:00,3,15.5,Good,,2249
P100494,Multan,Apartment,1294.0,2.0,2.0,1988,Yes,1,3350000.0,Ali Raza,,1,2.7,Excellent,owner waiting,495
P100365,Lahore,House,2386.0,3.0,3.0,1988,Yes,1,13700000.0,Ali Qureshi,2025-01-04 00:00:00,1,3.4,Average,owner waiting,366
P102290,Hyderabad,Apartment,2864.0,6.0,5.0,1997,Yes,3,8400000.0,Zain Malik,2022-04-09 00:00:00,2,6.7,Good,owner waiting,2291
P101601,Karachi,Apartment,1560.0,3.0,3.0,2013,Yes,3,8600000.0,Zain Raza,2025-04-11 00:00:00,2,7.6,Average,,1602
P100273,Islamabad,House,1730.0,3.0,3.0,1998,No,1,11300000.0,Fatima Qureshi,2023-11-01 00:00:00,2,2.7,Good,,274
P100788,Multan, House ,1579.0,2.0,2.0,2002,No,3,6100000.0,Saad Ahmed,2024-09-08 00:00:00,2,9.0,Average,nan,789
P100071,Lahore,Apartment,2434.0,3.0,3.0,1994,No,3,11400000.0,Usman Butt,2022-06-19 00:00:00,1,4.8,Good,,72
P101281,Lahore,Villa,1886.0,3.0,3.0,1998,yes,3,15500000.0,  Hina Khan  ,2022-06-26 00:00:00,2,7.7,New,follow up,1282
P101869,Multan,House,1690.0,4.0,4.0,2024,No,1,5650000.0,Usman Ahmed,2025-05-07 00:00:00,1,15.2,New,VIP,1870
P100063,Rawalpindi,Apartment,1528,3.0,,1992,No,1,4300000.0,Maham Khan,2024-12-30 00:00:00,1,7.7,Needs Renovation,owner waiting,64
P100394,Karachi,Townhouse,2084.0,5.0,5.0,2017,Yes,1,13400000.0,  Hamza Iqbal  ,2023-02-10 00:00:00,2,8.7,Good,nan,395
P100881,Islamabad,Villa,3267.0,5.0,5.0,1986,N,2,31800000.0,Zain Siddiqui,2025-10-17 00:00:00,3,1.4,Good,call later,882
P100343,Islamabad,House,2580.0,5.0,4.0,2002,Yes,1,23950000.0,Zain Siddiqui,2025-01-26 00:00:00,2,14.5,Average,urgent,344
P101419,Hyderabad,House,2337.0,5.0,5.0,1981,Yes,3,5900000.0,Hassan Malik,2022-07-08 00:00:00,3,7.3,Excellent,,1420
P101984,Islamabad,Villa,1750.0,3.0,3.0,1984,Yes,2,20050000.0,Maham Sheikh,2024-01-25 00:00:00,2,17.0,Excellent,follow up,1985
P100500,Rawalpindi,Villa,2345.0,5.0,4.0,2017,No,1,10800000.0,Ayesha Qureshi,2025-07-19 00:00:00,2,4.4,Average,VIP,501
P101726,Lahore,Apartment,826.0,2.0,,1992,Yes,1,3150000.0,Bilal Qureshi,2022-08-17 00:00:00,2,-4.6,Average,call later,1727
P102315,Karachi,House,1246.0,2.0,1.0,1995,No,1,6900000.0,Hamza Malik,2024-02-23 00:00:00,2,5.3,Excellent,follow up,2316
P100677,Lahore,House,1860.0,3.0,3.0,1997,NO,2,10800000.0,Maham Qureshi,2024-02-13 00:00:00,2,10.0,Excellent,urgent,678
P101061,Islamabad,Apartment,504.0,1.0,1.0,1988,Yes,0,3450000.0,N/A,2025-04-14 00:00:00,1,2.2,New,owner waiting,1062
P101946,Karachi,House,2462.0,6.0,6.0,2022,Yes,1,14250000.0,Fatima Iqbal,2025-02-07 00:00:00,2,6.6,New,owner waiting,1947
P102132,Hyderabad,House,1306.0,2.0,1.0,1991,No,1,4200000.0,Hamza Raza,2025-03-01 00:00:00,2,11.2,Good,follow up,2133
P101669,Faisalabad,Apartment,400,1.0,1.0,2022,No,4,1050000.0,Omar Sheikh,2022-12-31 00:00:00,1,7.9,Good,urgent,1670
P100272,Karachi,Villa,1646.0,2.0,1.0,2014,No,2,11050000.0,Maham Shah,2022-05-03 00:00:00,1,6.3,Good,follow up,273
P102033,Lahore,Apartment,,3.0,3.0,2020,No,3,10000000.0,Hina Raza,2022-02-09 00:00:00,2,4.1,New,owner waiting,2034
P100205,Karachi,Apartment,2162.0,5.0,5.0,1986,No,2,8700000.0,Hassan Ahmed,2023-01-11 00:00:00,1,11.6,Good,urgent,206
P100733,Lahore,House,1256.0,2.0,1.0,1986,No,2,300000000.0,Hassan Iqbal,2025-02-23 00:00:00,2,4.4,Excellent,urgent,734
P100152,Karachi,Villa,2233.0,4.0,4.0,1985,No,1,16550000.0,Hassan Raza,2023-11-24 00:00:00,3,10.3,Good,VIP,153
P101137,Lahore,House,2367.0,3.0,3.0,2000,No,1,12900000.0,Zain Iqbal,2023-06-08 00:00:00,2,12.2,Good,VIP,1138
P100557,Lahore,House,1317.0,2.0,2.0,2011,Yes,1,8600000.0,Bilal Ahmed,2023-08-24 00:00:00,2,5.8,New,,558
P100377,Lahore,House,2017.0,4.0,4.0,2021,Yes,3,11500000.0,Sara Shah,2025-01-17 00:00:00,1,17.5,Good,VIP,378
P101462,Karachi,Apartment,1151.0,1.0,1.0,2017,No,2,4250000.0,Ayesha Shah,2024-04-04 00:00:00,1,8.6,Good,VIP,1463
P100535,Karachi,Apartment,2585.0,4.0,3.0,1994,Yes,4,14300000.0,Omar Sheikh,2025-06-28 00:00:00,1,1.9,Needs Renovation,owner waiting,536
P101786,LAHORE,TOWNHOUSE,1528.0,3.0,3.0,1987,No,3,8150000.0,Ahmed Ahmed,2023-03-20 00:00:00,3,2.8,Good,,1787
P102272,Rawalpindi,House,2097.0,5.0,,2014,Yes,3,8650000.0,Sara Shah,2025-04-19 00:00:00,2,2.3,Good,urgent,2273
P101642,Lahore,House,2189.0,4.0,3.0,2002, yes ,3,13300000.0,Fatima Ahmed,2024-09-01 00:00:00,2,5.1,Excellent,urgent,1643
P100198,Karachi,House,1745.0,3.0,3.0,2001,Yes,2,11000000.0,Ayesha Qureshi,2022-03-23 00:00:00,2,3.0,Good,,199
P100561,Karachi,House,1696.0,3.0,2.0,1992,No,2,9450000.0,Saad Khan,2025-07-20 00:00:00,2,2.3,Average,VIP,562
P100685,Lahore,house,1197.0,,2.0,2021,Yes,3,7200000.0,nan,2022-10-31 00:00:00,2,12.4,Excellent,follow up,686
P101251,Karachi,Apartment,1608.0,3.0,3.0,2010,No,2,6450000.0,Hassan Siddiqui,2023-12-21 00:00:00,1,9.9,Good,VIP,1252
P100590,Peshawar,Villa,2301.0,5.0,5.0,2008,Yes,4,10450000.0,Zain Raza,2023-02-12 00:00:00,1,3.8,Good,VIP,591
P100519,Multan,House,30000.0,1.0,1.0,1985,Yes,0,2150000.0,Usman Siddiqui,2022-08-07 00:00:00,2,3.3,Average,VIP,520
P100308,Karachi,House,1699.0,3.0,3.0,1985,No,3,9450000.0,Bilal Malik,2024-06-29 00:00:00,3,2.1,Average,VIP,309
P100604,Hyderabad,Apartment,2621.0,4.0,4.0,2010,Yes,1,8650000.0,Hina Khan,2025-05-05 00:00:00,2,4.2,Average,nan,605
P102185,Karachi,House,2726.0,4.0,4.0,1985,Yes,3,18000000.0,Hamza Raza,2024-09-14 00:00:00,1,1.8,Excellent,call later,2186
P100932,Lahore,Townhouse,2003.0,4.0,4.0,2021,Yes,0,14350000.0,Omar Siddiqui,2025-11-28 00:00:00,2,3.0,Good,VIP,933
P100059,Karachi,House,2155.0,3.0,3.0,2003,No,2,12950000.0,Hamza Ahmed,2022-06-05 00:00:00,4,5.8,Good,urgent,60
P100583,Lahore,Villa,1009.0,3.0,3.0,2022,YES,3,7850000.0,Fatima Qureshi,2025-02-22 00:00:00,2,9.4,Average,owner waiting,584
P100912,Peshawar,Apartment,,4.0,4.0,1986,No,1,5600000.0,Ali Raza,2022-11-29 00:00:00,2,10.5,Average,urgent,913
P100207,Rawalpindi,House,1066.0,2.0,2.0,1991,No,0,4600000.0,Danish Shah,2023-01-19 00:00:00,2,0.3,Good,urgent,208
P100491,Islamabad,Villa,2188.0,5.0,4.0,1983,,2,25400000.0,Usman Qureshi,2023-02-20 00:00:00,2,2.5,Good,owner waiting,492
P101801,Islamabad,Apartment,2077.0,3.0,3.0,2013,No,2,13550000.0,Hassan Siddiqui,,1,5.1,Excellent,follow up,1802
P100785,Lahore, Apartment ,2351.0,6.0,5.0,1999,No,1,12000000.0,Zain Shah,2025-07-29 00:00:00,3,2.9,New,owner waiting,786
P100965,Lahore,Villa,2635.0,4.0,4.0,1997,Yes,2,19800000.0,Bilal Malik,2025-01-01 00:00:00,4,3.9,Good,urgent,966
P102461,Rawalpindi,House,901.0,1.0,1.0,2012,No,2,4600000.0,  Maham Siddiqui  ,2022-10-22 00:00:00,3,5.3,Good,follow up,2462
P100792,Lahore,Apartment,1951.0,3.0,3.0,1993,Yes,4,9650000.0,Omar Khan,2022-05-24 00:00:00,1,4.1,Good,follow up,793
P100831,Islamabad,House,2264.0,4.0,4.0,2001,Yes,1,12900000.0,Hina Sheikh,2025-10-26 00:00:00,1,11.1,Good,follow up,832
P100162,Karachi,House,1164.0,2.0,2.0,1988,False,2,5200000.0,Ayesha Raza,2024-07-16 00:00:00,1,4.3,Good,urgent,163
P101349,Karachi,House,1269.0,3.0,3.0,2020,Yes,2,10050000.0,Fatima Raza,2023-12-29 00:00:00,1,4.0,New,,1350
P100526,Peshawar,House,2451.0,5.0,5.0,1997,Yes,1,10100000.0,Maham Qureshi,2023-08-14 00:00:00,2,17.5,Good,urgent,527
P100891,,Apartment,2482.0,5.0,4.0,2005,No,1,7050000.0,Ahmed Shah,2025-05-12 00:00:00,2,9.5,Good,follow up,892
P102175,Islamabad,House,2286.0,4.0,3.0,1982,Yes,2,17150000.0,Ahmed Raza,2023-10-11 00:00:00,3,9.8,Good,,2176
P100256,Multan,Villa,1490.0,3.0,3.0,2016,No,2,"6,950,000",Hassan Malik,2023-07-08 00:00:00,2,8.4,Average,call later,257
P100506,Lahore,Apartment,2445.0,3.0,2.0,2009,No,0,9950000.0,Hina Siddiqui,2025-08-26 00:00:00,1,6.4,Good,nan,507
P102017,Karachi,House,1760.0,5.0,4.0,2007,No,3,9900000.0,Hassan Butt,2025-06-22 00:00:00,3,12.4,Good,VIP,2018
P102150,Islamabad,Villa,2029.0,3.0,3.0,2012,N,4,17800000.0,Bilal Khan,2023-07-09 00:00:00,2,9.8,Good,urgent,2151
P102260,Rawalpindi,Apartment,1974.0,4.0,4.0,2002,Yes,0,7450000.0,Maham Raza,2024-11-07 00:00:00,1,22.8,Excellent,nan,2261
P102195,Multan,Apartment,2468.0,5.0,4.0,1987,No,1,6600000.0,Danish Malik,2022-09-20 00:00:00,2,6.9,Excellent,,2196
P100973, Peshawar ,House,2122.0,4.0,3.0,2015,Yes,3,10100000.0,Sara Siddiqui,2022-07-20 00:00:00,3,26.5,New,owner waiting,974
P101948,Karachi,Apartment,400.0,1.0,0.0,1999,No,1,1650000.0,Zain Iqbal,2023-07-15 00:00:00,3,9.7,Average,nan,1949
P101729,Lahore,House,2105.0,4.0,3.0,2000,Yes,2,13300000.0,  Hassan Ahmed  ,2024-05-06 00:00:00,2,16.1,New,nan,1730
P100020,Rawalpindi,House,1410.0,3.0,3.0,1998,No,3,6900000.0,Usman Qureshi,2023-11-18 00:00:00,1,14.4,Average,owner waiting,21
P101451,Islamabad,Townhouse,2636.0,4.0,4.0,2019,No,1,16550000.0,Fatima Raza,2025-07-21 00:00:00,4,2.8,Excellent,call later,1452
P100439,Islamabad,House,445.0,1.0,1.0,2003,No,2,3700000.0,Usman Siddiqui,2023-09-15 00:00:00,2,7.3,New,call later,440
P101123,Karachi,Villa,12000.0,4.0,4.0,2001,No,0,15750000.0,Fatima Shah,2024-12-23 00:00:00,1,5.4,Excellent,,1124
P100381,Peshawar,House,2040.0,4.0,4.0,1984,Y,2,8300000.0,Zain Iqbal,2022-11-06 00:00:00,3,4.6,Excellent,,382
P101393,Karachi,Apartment,,4.0,4.0,1986,Yes,2,9150000.0,Bilal Qureshi,2022-04-08 00:00:00,3,5.7,Average,VIP,1394
P101301,Islamabad,House,1724.0,3.0,3.0,1990,Yes,2,16200000.0,Usman Qureshi,2024-05-19 00:00:00,2,6.0,Average,owner waiting,1302
P100538,Karachi,House,2323.0,4.0,3.0,2000,Yes,1,13250000.0,Usman Ahmed,2024-09-27 00:00:00,1,1.0,New,nan,539
P101087,Rawalpindi,Apartment,1181.0,2.0,2.0,2016,Yes,1,5050000.0,Zain Iqbal,2024-10-30 00:00:00,2,8.8,New,owner waiting,1088
P102460,Faisalabad,House,1029.0,2.0,2.0,1982,Yes,3,3650000.0,Hamza Siddiqui,2023-08-03 00:00:00,1,1.9,Average,urgent,2461
P100083,Karachi,House,1865.0,4.0,3.0,2009,No,2,"11,500,000",Zain Butt,2024-04-10 00:00:00,4,4.3,Good,follow up,84
P100952,Karachi,House,1836.0,5.0,5.0,2014,Yes,2,10400000.0,Zain Butt,2022-08-25 00:00:00,3,14.6,Good,call later,953
P102143,Multan,House,1310.0,3.0,2.0,2012,,2,4400000.0,Ayesha Sheikh,2025-03-05 00:00:00,1,20.5,Excellent,nan,2144
P101351,Multan,Residential House,,4.0,4.0,2023,No,2,6850000.0,Hassan Shah,2022-04-25 00:00:00,1,3.2,Good,follow up,1352
P100883,Lahore,Apartment,1313.0,2.0,1.0,1997,No,1,6100000.0,Ayesha Sheikh,2024-04-04 00:00:00,2,16.2,Needs Renovation,call later,884
P101264,Islamabad,House,1672.0,2.0,1.0,2012,No,1,0.0,Saad Raza,2023-08-04 00:00:00,2,9.3,Good,nan,1265
P101517,Peshawar,Apartment,,5.0,4.0,1981,No,2,7650000.0,Sara Butt,2023-01-12 00:00:00,2,4.2,Average,call later,1518
P100668,Karachi,House,2342.0,4.0,4.0,2000,Yes,2,13000000.0,Usman Qureshi,2024-04-24 00:00:00,2,6.6,Needs Renovation,owner waiting,2506
P100886,Lahore,Apartment,1786.0,3.0,3.0,2002,No,1,7100000.0,Fatima Ahmed,2024-05-07 00:00:00,3,5.3,Good,call later,887
P100270,Karachi,House,852.0,1.0,1.0,2024,No,0,5550000.0,Hina Iqbal,2023-07-27 00:00:00,1,7.8,Excellent,owner waiting,271
P100270,Karachi,House,852.0,1.0,1.0,2024,No,0,5550000.0,Hina Iqbal,2023-07-27 00:00:00,1,7.8,Excellent,owner waiting,271
P102019,Lahore,House,1028.0,1.0,1.0,2004,YES,0,5350000.0,Danish Ahmed,2025-01-14 00:00:00,3,2.9,Good,owner waiting,2020
P101675,Peshawar,APARTMENT,1273.0,3.0,3.0,1982,Yes,2,3250000.0,Sara Qureshi,2024-10-28 00:00:00,2,7.3,Good,,1676
P102090,Lahore,House,2407.0,3.0,3.0,1994,No,2,13300000.0,Hassan Iqbal,2024-04-06 00:00:00,2,14.3,Good,urgent,2091
P102295,Karachi,House,2704.0,6.0,6.0,1998,No,0,11150000.0,Bilal Sheikh,2022-09-02 00:00:00,1,3.5,Needs Renovation,follow up,2296
P101651,Karachi,Apartment,1511.0,3.0,3.0,1993,Yes,0,8050000.0,Ahmed Malik,2022-06-10 00:00:00,1,1.6,Good,urgent,1652
P101195,Karachi,House,1752.0,2.0,1.0,2020,No,3,12250000.0,Usman Khan,2025-01-17 00:00:00,2,2.7,Good,owner waiting,1196
P101639,Rawalpindi,Villa,1969,3.0,3.0,1999,No,2,11200000.0,Hamza Butt,2024-03-01 00:00:00,1,5.7,Good,,1640
P100429,Multan,Apartment,2578.0,5.0,5.0,2019,Yes,2,8550000.0,Hassan Iqbal,2025-07-21 00:00:00,1,3.8,Average,urgent,430
P102012,Karachi,Villa,1457.0,5.0,4.0,2000,No,0,10400000.0,Ali Qureshi,2025-04-19 00:00:00,3,15.4,Good,,2013
P102225,Karachi,House,1579.0,4.0,4.0,2018,Yes,0,6400000.0,Bilal Shah,2023-02-20 00:00:00,2,12.0,Excellent,follow up,2226
P102236,Karachi,Apartment,,4.0,3.0,2015,Yes,1,8200000.0,Maham Siddiqui,2022-04-25 00:00:00,2,6.1,Good,nan,2237
P100458,Multan,House,2280.0,5.0,5.0,1981,No,1,6700000.0,Ayesha Ahmed,2023-05-28 00:00:00,2,5.6,Average,VIP,459
P100927,faisalabad,Villa,1075.0,1.0,1.0,2019,No,2,4850000.0,Danish Siddiqui,2023-08-23 00:00:00,2,2.5,Good,VIP,928
P100078,Islamabad,House,400.0,1.0,1.0,2009,No,1,3400000.0,Ahmed Ahmed,2025-01-23 00:00:00,1,7.9,Excellent,,79
P102463,Islamabad,House,1572.0,2.0,2.0,2007,NO,2,13500000.0,Usman Shah,2023-10-30 00:00:00,2,6.9,Needs Renovation,owner waiting,2464
P101988,Hyderabad,House,1795.0,4.0,4.0,2006,Yes,1,7300000.0,Zain Sheikh,2025-06-29 00:00:00,2,5.3,Excellent,owner waiting,1989
P100032,Lahore,Apartment,2025.0,3.0,3.0,2017,Yes,0,11050000.0,Saad Iqbal,2023-01-15 00:00:00,1,2.8,Average,,33
P100906,Lahore,Apartment,2850.0,6.0,6.0,1981,Yes,2,14950000.0,Hamza Iqbal,2023-06-09 00:00:00,1,6.3,New,VIP,907
P101128,Islamabad,Apartment,776.0,1.0,1.0,1982,no,2,3750000.0,Sara Malik,2024-02-22 00:00:00,3,2.5,New,follow up,1129
P101766,Hyderabad,House,,4.0,4.0,2008,No,4,6000000.0,Usman Sheikh,2025-09-05 00:00:00,3,3.2,Needs Renovation,VIP,1767
P102275,KARACHI,House,2871.0,7.0,6.0,2005,Yes,2,19100000.0,Ayesha Iqbal,2022-01-12 00:00:00,2,6.5,New,VIP,2276
P100380,Islamabad,House,1855.0,2.0,1.0,2003,No,3,12850000.0,Fatima Siddiqui,2023-01-06 00:00:00,2,9.3,Excellent,owner waiting,381
P100226,Karachi,Villa,1169.0,3.0,3.0,2022,No,2,7750000.0,Bilal Butt,2022-07-29 00:00:00,1,7.7,Good,follow up,227
P101410,Multan,Apartment,1142.0,2.0,1.0,2023,Yes,2,3550000.0,  Maham Butt  ,2024-05-20 00:00:00,2,10.4,Average,owner waiting,1411
P101925,Karachi,House,2136.0,3.0,3.0,2004,Yes,3,16050000.0,Sara Khan,2025-08-20 00:00:00,2,15.9,New,nan,1926
P100715,Karachi,Apartment,2000.0,3.0,3.0,1996,Yes,2,8650000.0,Sara Qureshi,2023-09-11 00:00:00,2,5.9,Average,VIP,716
P101650,Karachi,House,400.0,,1.0,2019,No,2,2050000.0,Ali Qureshi,2024-02-27 00:00:00,2,4.6,Good,follow up,1651
P100686,Lahore,Apartment,2031.0,3.0,2.0,2016,Yes,1,8700000.0,Usman Shah,2025-12-25 00:00:00,3,5.2,Excellent,follow up,687
P102162,Lahore,Apartment,2448.0,4.0,3.0,2004,No,2,8650000.0,Ahmed Sheikh,2022-12-13 00:00:00,2,0.6,Good,urgent,2163
P101563,Peshawar,Apartment,2505.0,5.0,5.0,1984,Yes,1,7600000.0,Hina Khan,2025-11-05 00:00:00,2,7.3,Needs Renovation,follow up,1564
P100305,Lahore,House,1000.0,1.0,1.0,2000,No,2,5000000.0,Hamza Qureshi,2022-01-10 00:00:00,2,4.9,Needs Renovation,,306
P100209,Lahore,Apartment,766.0,1.0,1.0,2003,No,2,3550000.0,Zain Qureshi,2025-10-09 00:00:00,2,1.6,New,follow up,210
P102184,Islamabad,Townhouse,1535.0,3.0,2.0,2015,No,1,12000000.0,Ahmed Shah,2022-02-20 00:00:00,2,11.1,Good,owner waiting,2185
P101724,Lahore,House,1845.0,3.0,3.0,1991,Yes,1,12100000.0,Ayesha Iqbal,2023-05-09 00:00:00,2,4.0,Good,follow up,1725
P100923,Islamabad,House,2156.0,4.0,3.0,1990,Yes,1,18600000.0,Saad Qureshi,2024-11-26 00:00:00,2,20.7,Excellent,nan,2513
P101672,Rawalpindi,Townhouse,994.0,2.0,2.0,1988,No,1,3700000.0,Sara Iqbal,2022-06-30 00:00:00,2,7.9,Good,owner waiting,1673
P101994,Lahore,House,1611.0,3.0,2.0,2007,No,0,8100000.0,Ali Siddiqui,2022-10-09 00:00:00,1,7.6,New,,1995
P102028,Islamabad,House,1725.0,2.0,2.0,2019,Yes,1,13000000.0,Bilal Ahmed,2025-12-26 00:00:00,2,4.9,Good,nan,2029
P101175,Rawalpindi,Villa,1637.0,4.0,3.0,1998,Yes,1,10350000.0,Usman Qureshi,2025-12-04 00:00:00,3,11.1,Good,call later,1176
P101567,Karachi,Apartment,,3.0,3.0,2021,No,2,10950000.0,Danish Raza,2024-11-25 00:00:00,3,4.0,Average,VIP,1568
P101333,,Apartment,2346.0,5.0,5.0,1993,No,3,5900000.0,Danish Malik,2024-10-31 00:00:00,2,2.5,Excellent,urgent,1334
P102373,Karachi,Apartment,1072.0,2.0,1.0,1987,Yes,0,5250000.0,Ahmed Khan,2022-06-15 00:00:00,1,4.6,Good,,2374
P100191,karachi,House,1389.0,1.0,1.0,1987,No,4,8700000.0,Maham Shah,2023-04-30 00:00:00,2,3.1,Needs Renovation,,192
P101292,Islamabad,House,499.0,1.0,1.0,1987,No,1,3200000.0,Fatima Khan,2023-10-01 00:00:00,2,9.6,Average,call later,1293
P101330,Multan,Apartment,1296.0,2.0,2.0,2016,Yes,4,5150000.0,Bilal Qureshi,2024-05-01 00:00:00,3,8.5,New,call later,1331
P102491,Lahore,Villa,2146.0,3.0,3.0,1994,No,2,12850000.0,Hassan Siddiqui,2025-01-21 00:00:00,1,5.5,New,urgent,2492
P100483,Lahore,Apartment,2950.0,5.0,5.0,1991,Yes,1,13900000.0,Hina Siddiqui,2022-11-19 00:00:00,2,6.0,Good,,484
P102417,Islamabad,Apartment,1554.0,3.0,3.0,2024,Yes,1,11650000.0,Bilal Khan,2025-04-15 00:00:00,1,9.0,Average,nan,2418
P100915,Peshawar,House,1054.0,2.0,1.0,2008,Yes,1,3500000.0,Maham Sheikh,2022-07-03 00:00:00,2,4.1,Excellent,call later,916
P101507,Lahore,House,2666.0,5.0,5.0,1990,,2,17900000.0,Bilal Raza,2022-07-23 00:00:00,2,9.1,Good,follow up,1508
P100277,Lahore,Apartment,1279.0,2.0,2.0,2021,No,1,6250000.0,Hassan Siddiqui,2025-12-06 00:00:00,2,4.9,Average,nan,278
P101447,Islamabad,House,1621.0,3.0,3.0,1997,Yes,2,13300000.0,Hamza Khan,2023-05-05 00:00:00,1,7.2,Excellent,,1448
P100221,Lahore,Villa,1129.0,2.0,2.0,1981,Yes,3,8750000.0,Danish Iqbal,2023-05-20 00:00:00,3,2.3,Good,,222
P101170,Lahore,House,1597.0,4.0,4.0,2001,Yes,1,8000000.0,Ayesha Siddiqui,2025-10-16 00:00:00,3,9.7,Good,urgent,1171
P100571,Faisalabad,TOWNHOUSE,1570.0,2.0,1.0,2006,No,2,5050000.0,Omar Ahmed,2024-04-01 00:00:00,2,8.9,Needs Renovation,nan,572
P100411,Islamabad,House,2012.0,3.0,3.0,2018,No,1,18700000.0,Hassan Khan,2022-05-04 00:00:00,2,0.8,Excellent,owner waiting,412
P101355,Karachi,House,1598.0,3.0,3.0,2024,No,2,9300000.0,Danish Khan,2025-08-09 00:00:00,3,14.6,Excellent,,1356
P101657,Faisalabad,House,939,1.0,1.0,2015,No,2,3400000.0,Omar Sheikh,2022-11-05 00:00:00,3,2.4,Good,call later,1658
P100998,Hyderabad,House,1279.0,2.0,2.0,1995,Yes,3,4200000.0,Maham Malik,2024-05-16 00:00:00,2,3.6,Excellent,,999
P100585,Islamabad,House,1066.0,3.0,3.0,1986,,1,7400000.0,Ali Sheikh,2022-11-18 00:00:00,2,6.0,Good,call later,586
P101244,Lahore,House,1528,3.0,3.0,1994,No,3,9350000.0,Zain Iqbal,2022-06-27 00:00:00,2,3.2,Good,follow up,1245
P101133,Rawalpindi,House,2196.0,4.0,4.0,1990,No,1,5950000.0,Zain Butt,2023-02-02 00:00:00,1,20.5,New,owner waiting,1134
P101325,Faisalabad,Apartment,1659.0,3.0,3.0,2007,No,1,4300000.0,Hina Qureshi,2023-03-12 00:00:00,2,8.1,Good,urgent,2529
P101614,Multan,Villa,1672.0,4.0,4.0,1992,Yes,2,7900000.0,Usman Shah,2022-01-18 00:00:00,2,4.7,Excellent,nan,1615
P100674,Islamabad,Apartment,1289.0,3.0,2.0,1999,Yes,4,7450000.0,Ahmed Raza,2022-07-16 00:00:00,2,3.5,Good,follow up,675
P101701,Hyderabad,Villa,433.0,1.0,1.0,2005,No,1,1850000.0,Saad Ahmed,2023-07-06 00:00:00,2,1.8,Good,follow up,1702
P100855,lahore,House,1482.0,3.0,2.0,2024,No,3,8450000.0,Ayesha Malik,2025-11-28 00:00:00,1,3.0,New,call later,856
P100447,Islamabad,Villa,3015.0,6.0,5.0,1985,Yes,1,28100000.0,Danish Malik,2025-07-06 00:00:00,2,4.5,Good,VIP,448
P101029,Lahore,Apartment,2166.0,5.0,5.0,2007,Yes,1,9450000.0,Danish Malik,2023-12-27 00:00:00,2,8.3,Needs Renovation,nan,1030
P101364,Lahore,Townhouse,2497.0,4.0,4.0,1992,Yes,1,14250000.0,Usman Ahmed,2025-11-11 00:00:00,3,2.2,Good,follow up,1365
P100222,Islamabad,House,2744.0,4.0,4.0,2016,No,4,25000000.0,Hassan Siddiqui,,2,1.5,New,VIP,223
P101779,Lahore,Apartment,2397.0,4.0,4.0,1993, yes ,2,11100000.0,Ayesha Khan,2025-09-01 00:00:00,3,11.7,Average,,1780
P102257,Multan,Townhouse,1199.0,2.0,2.0,2004,No,3,3450000.0,Ali Shah,2022-06-22 00:00:00,3,4.0,Average,owner waiting,2258
P101681,Multan,House,,4.0,4.0,1996,,1,6300000.0,Maham Malik,2025-07-10 00:00:00,4,9.6,Excellent,owner waiting,1682
P101607,,Apartment,1656.0,3.0,2.0,1993,Yes,0,7500000.0,Omar Raza,2023-02-06 00:00:00,2,7.2,Good,urgent,1608
P102152,Multan,House,2792.0,4.0,3.0,1994,No,1,8800000.0,Zain Khan,2025-12-06 00:00:00,2,3.9,New,VIP,2153
P100045,Multan,House,780.0,2.0,1.0,1984,Yes,1,2800000.0,Fatima Siddiqui,2024-12-27 00:00:00,4,15.2,New,VIP,46
P102221,Lahore,Apartment,2505.0,5.0,5.0,2010,No,4,11250000.0,Fatima Iqbal,2025-05-16 00:00:00,2,9.2,Needs Renovation,call later,2222
P101047,Multan,Townhouse,1633.0,3.0,3.0,2021,No,2,5600000.0,Hassan Siddiqui,2022-04-19 00:00:00,2,7.8,Good,VIP,1048
P100961,Lahore,Villa,1321.0,3.0,3.0,2002,No,1,7300000.0,Ahmed Siddiqui,2023-01-08 00:00:00,2,10.8,Average,follow up,962
P100294,Faisalabad,Villa,1078.0,2.0,1.0,2007,No,1,5100000.0,Hina Iqbal,2022-12-28 00:00:00,2,7.4,Excellent,owner waiting,295
P102064,Lahore,House,1934.0,3.0,3.0,1982,No,3,10650000.0,Usman Khan,2023-09-15 00:00:00,1,3.3,Excellent,urgent,2065
P100988,LAHORE,House,2561.0,4.0,3.0,1998,No,1,15150000.0,Usman Qureshi,2022-05-07 00:00:00,2,9.2,Good,call later,989
P100588,Karachi,Apartment,2660.0,5.0,4.0,1992,No,3,13750000.0,Hamza Raza,2024-01-06 00:00:00,2,2.3,Needs Renovation,VIP,589
P102083,Karachi,Townhouse,1557.0,3.0,3.0,1997,Yes,0,9200000.0,Saad Raza,2023-05-30 00:00:00,2,4.7,Good,follow up,2084
P100257,Karachi,Apartment,1969.0,5.0,4.0,2019,Yes,2,10050000.0,Omar Ahmed,2025-11-30 00:00:00,2,3.5,Excellent,owner waiting,258
P101032,Lahore,Apartment,1832.0,4.0,4.0,1985,Yes,2,7850000.0,Sara Ahmed,2024-09-18 00:00:00,3,15.1,Good,urgent,1033
P101307,Islamabad,Apartment,1849.0,2.0,1.0,2002,No,2,8500000.0,Ahmed Qureshi,2025-01-18 00:00:00,2,9.8,Excellent,owner waiting,1308
P100926,Karachi,House,1455.0,,3.0,2011,No,1,9100000.0,Omar Khan,2023-08-31 00:00:00,3,14.3,Excellent,owner waiting,927
P102148,Multan,House,1828.0,3.0,3.0,2024,Yes,2,7150000.0,Fatima Siddiqui,2024-10-22 00:00:00,4,3.9,New,,2149
P101374,HYDERABAD,Townhouse,1329.0,2.0,1.0,2000,No,1,3600000.0,Saad Butt,2023-04-11 00:00:00,3,8.8,Good,urgent,1375
P100436,Karachi,House,2397.0,2.0,2.0,2001,Yes,2,15350000.0,Bilal Ahmed,2022-12-30 00:00:00,3,4.0,New,nan,437
P101034,Lahore,Apartment,1600.0,2.0,2.0,2014,Yes,0,6650000.0,Omar Malik,2024-09-23 00:00:00,3,5.9,Good,call later,1035
P101771,Multan,Apartment,2233.0,4.0,3.0,1999,No,1,6300000.0,Maham Iqbal,2023-06-15 00:00:00,2,5.0,New,follow up,1772
P100393,Rawalpindi,Apartment,1297.0,2.0,1.0,2022,No,2,5350000.0,Maham Sheikh,2025-04-14 00:00:00,1,7.4,Good,follow up,394
P100425,Multan,Apartment,2683.0,4.0,3.0,2009,Yes,0,8100000.0,Ahmed Shah,2022-11-20 00:00:00,2,10.5,New,follow up,426
P100534,Karachi,Townhouse,2303.0,3.0,3.0,2012,No,2,11000000.0,Saad Ahmed,2025-06-25 00:00:00,2,3.5,Good,VIP,535
P100030,RAWALPINDI,Apartment,1638.0,3.0,3.0,2015,No,2,6550000.0,Maham Ahmed,2022-04-14 00:00:00,2,2.4,Good,,31
P101010,Islamabad,Townhouse,1547.0,4.0,3.0,1985,No,2,10350000.0,Omar Iqbal,2024-06-29 00:00:00,3,8.4,Average,owner waiting,1011
P101338,Faisalabad,Villa,1270.0,3.0,2.0,1981,Yes,2,5750000.0,Unknown,2023-07-11 00:00:00,2,2.2,New,call later,1339
P102111,Islamabad,House,1357.0,3.0,2.0,2021,No,2,7400000.0,Hamza Sheikh,2023-03-27 00:00:00,2,3.9,Good,urgent,2112
P101033,Peshawar,House,2073.0,3.0,2.0,2005,No,3,9750000.0,Saad Raza,2023-08-06 00:00:00,2,8.2,Excellent,nan,1034
P101807,Lahore,House,2233.0,4.0,4.0,2018,Yes,2,10750000.0,Ayesha Iqbal,2025-12-20 00:00:00,2,7.0,Good,call later,1808
P101316,ISLAMABAD,House,1610.0,3.0,3.0,2011,No,2,10450000.0,Hassan Ahmed,2025-10-31 00:00:00,3,9.3,New,urgent,1317
P101309,Peshawar,Villa,2814.0,5.0,5.0,2008,No,2,16050000.0,Sara Butt,2024-07-04 00:00:00,2,2.4,Excellent,urgent,1310
P102153,Multan,House,1751.0,2.0,2.0,1997,Yes,2,7700000.0,Fatima Ahmed,2023-07-29 00:00:00,2,1.8,Good,nan,2154
P102244,Lahore,House,1928.0,4.0,3.0,1997,Yes,2,11550000.0,Bilal Shah,2023-09-23 00:00:00,2,5.0,New,VIP,2245
P101459,Lahore,House,2516.0,4.0,3.0,1984,No,1,11900000.0,Hamza Siddiqui,2025-10-22 00:00:00,1,3.7,New,call later,1460
P100556,Karachi,Apartment,1261.0,2.0,2.0,2014,Yes,0,6050000.0,Omar Sheikh,2023-10-17 00:00:00,2,6.7,Good,,557
P102161,Karachi,Townhouse,1783.0,3.0,3.0,1984,No,1,8600000.0,Ayesha Khan,2023-08-03 00:00:00,2,17.4,Good,owner waiting,2162
P101071, Islamabad ,House,,1.0,1.0,1986,Yes,1,2950000.0,Saad Butt,2025-05-01 00:00:00,2,1.9,Excellent,call later,1072
P102261,Hyderabad,Apartment,803.0,1.0,1.0,2008,Yes,2,2150000.0,Zain Ahmed,2022-06-08 00:00:00,2,9.8,New,follow up,2262
P100570,Lahore,House,1805.0,4.0,3.0,1984,No,1,"8,200,000",Danish Khan,2022-10-13 00:00:00,2,11.6,Good,nan,571
P100352,Islamabad,Villa,669.0,1.0,1.0,2009,Yes,1,7900000.0,Ayesha Shah,2024-12-21 00:00:00,2,5.2,Excellent,call later,353
P100091,Rawalpindi,Villa,1584.0,3.0,3.0,2012,No,2,8750000.0,Zain Raza,2023-12-25 00:00:00,1,3.8,Average,urgent,92
P102136,Lahore,House,1270.0,1.0,1.0,1984,No,3,6300000.0,Maham Ahmed,2025-03-18 00:00:00,2,9.6,New,,2137
P101334,Hyderabad,House,1836.0,3.0,2.0,1995,No,1,5500000.0,Fatima Siddiqui,2023-12-24 00:00:00,3,5.7,Average,urgent,1335
P102251,Multan,Apartment,1712.0,4.0,4.0,1996,No,3,4800000.0,Ali Iqbal,2023-01-29 00:00:00,2,13.3,Average,nan,2252
P101953,Hyderabad,Apartment,2298.0,4.0,4.0,2009,No,2,6400000.0,Ali Khan,2024-10-11 00:00:00,3,11.6,Good,urgent,1954
P102113,Islamabad,Apartment,1520.0,1.0,1.0,2008,No,1,7950000.0,Zain Qureshi,2025-08-17 00:00:00,2,26.8,Good,VIP,2114
P100348,islamabad,Villa,1521.0,4.0,3.0,2002,No,1,11750000.0,Fatima Iqbal,2025-02-14 00:00:00,1,4.5,Excellent,owner waiting,349
P101125,Islamabad,Apartment,400.0,1.0,1.0,1985,Yes,1,"2,600,000",Usman Iqbal,2025-03-24 00:00:00,2,1.9,Average,urgent,1126
P101910,Karachi,House,1295.0,2.0,2.0,1984,no,1,6300000.0,Maham Shah,2023-10-27 00:00:00,4,7.8,New,,1911
P101288,Lahore,House,400.0,1.0,1.0,1995,,0,2400000.0,Zain Iqbal,2024-02-27 00:00:00,2,12.0,Good,follow up,1289
P102402,Rawalpindi,House,1409.0,2.0,2.0,1996,No,1,"7,150,000",Hina Butt,2025-05-21 00:00:00,2,4.8,Excellent,call later,2403
P102403,Faisalabad,Villa,2512.0,5.0,4.0,2010,Yes,2,9600000.0,Saad Iqbal,2024-04-23 00:00:00,2,-2.9,Good,owner waiting,2404
P102389,Karachi,Townhouse,2911.0,6.0,6.0,1981,No,3,12800000.0,Bilal Sheikh,2025-01-24 00:00:00,2,2.9,New,nan,2390
P102099,Karachi,House,2980.0,7.0,6.0,2004,No,1,17850000.0,Maham Khan,2024-11-27 00:00:00,2,1.8,Average,call later,2100
P100453,Karachi,Townhouse,1897.0,4.0,4.0,2002,Yes,2,11700000.0,Hamza Qureshi,2025-04-30 00:00:00,2,4.7,Average,VIP,454
P100913,Hyderabad,House,1412.0,2.0,1.0,1982,Yes,2,4950000.0,Bilal Qureshi,2023-07-08 00:00:00,1,2.8,New,nan,914
P101340,Karachi,Apartment,1249.0,2.0,2.0,2000,No,1,4950000.0,Hassan Sheikh,2022-09-19 00:00:00,2,17.5,Excellent,VIP,1341
P100037,Lahore,House,576.0,1.0,1.0,1995,No,2,2900000.0,Saad Qureshi,2023-08-07 00:00:00,2,7.9,Excellent,urgent,38
P100974,Lahore,Apartment,754.0,1.0,1.0,1989,No,3,3700000.0,Fatima Malik,2024-04-29 00:00:00,1,2.3,Excellent,owner waiting,975
P101798,Islamabad,Apartment,1441.0,3.0,2.0,2014,No,2,9950000.0,Usman Qureshi,2025-03-18 00:00:00,2,3.1,Average,VIP,1799
P101412,Faisalabad,Villa,2666.0,6.0,5.0,1999,No,2,7950000.0,Maham Qureshi,2022-04-18 00:00:00,3,7.7,Good,,1413
P100039,Islamabad,Apartment,,3.0,2.0,2012,No,1,13400000.0,Maham Siddiqui,2023-12-12 00:00:00,1,1.5,Good,nan,40
P102385,Rawalpindi,Villa,2061.0,4.0,4.0,2006,Yes,1,12200000.0,Ali Khan,2023-09-17 00:00:00,2,10.3,Good,owner waiting,2386
P100169,Peshawar,Apartment,1698.0,4.0,,2011,No,1,4600000.0,Ayesha Sheikh,2025-02-03 00:00:00,3,3.1,Good,follow up,170
P101828,Peshawar,Villa,1477.0,3.0,3.0,2007,Yes,3,9100000.0,Ahmed Malik,2025-99-99,1,0.5,Good,,1829
P101117,Multan,House,1846.0,4.0,3.0,2024,No,2,6800000.0,Saad Khan,2024-08-05 00:00:00,3,10.7,Needs Renovation,nan,1118
P101360,Islamabad,Apartment,1355.0,3.0,3.0,1995,No,2,8750000.0,Ali Raza,2025-03-05 00:00:00,2,6.3,Good,call later,1361
P100634,Karachi,Apartment,1297.0,1.0,1.0,2007,No,3,5400000.0,Hamza Siddiqui,2023-03-11 00:00:00,4,6.3,Excellent,follow up,635
P101378,Islamabad,House,1708.0,4.0,4.0,2001,No,1,12850000.0,Zain Malik,2024-04-06 00:00:00,2,5.9,Good,nan,1379
P100579,Lahore,House,2106.0,4.0,4.0,2012,No,2,12200000.0,Sara Sheikh,2025-10-24 00:00:00,3,16.1,Good,follow up,580
P102481,Karachi,House,1334.0,,3.0,1992,Yes,1,7100000.0,Hamza Shah,2022-12-28 00:00:00,2,22.4,Good,owner waiting,2482
P100892,Karachi,Townhouse,,4.0,3.0,2017,No,2,12200000.0,Hina Shah,2023-08-06 00:00:00,3,2.9,Average,,893
P100780,Karachi,Apartment,1810.0,3.0,2.0,2021,No,2,8400000.0,Ali Raza,2023-07-02 00:00:00,2,18.0,Excellent,follow up,781
P100159,Rawalpindi,House,627.0,1.0,1.0,2005,Yes,1,2600000.0,Hina Malik,2022-07-31 00:00:00,2,5.7,Excellent,owner waiting,160
P101113,Peshawar,Villa,1858.0,4.0,4.0,2001,No,2,7650000.0,Maham Malik,2023-11-30 00:00:00,1,16.3,Good,VIP,1114
P101189,Islamabad,House,951.0,1.0,1.0,1997,No,1,7050000.0,Hina Butt,2024-11-02 00:00:00,2,8.2,Average,nan,1190
P100061,Lahore,Apartment,1941.0,3.0,3.0,1994,No,2,8800000.0,Omar Ahmed,2022-10-28 00:00:00,2,8.4,Excellent,nan,62
P100849,Hyderabad,House,2446.0,4.0,4.0,2021,No,2,7800000.0,Ali Shah,2025-09-11 00:00:00,2,3.4,Excellent,follow up,850
P101594,Multan,House,1048.0,1.0,1.0,1997,No,2,4150000.0,Zain Malik,2024-06-12 00:00:00,2,10.6,Average,VIP,1595
P102444,Lahore,Apartment,2240.0,4.0,4.0,1995,No,3,8300000.0,Fatima Khan,2025-08-15 00:00:00,2,1.8,Good,urgent,2445
P101043,Islamabad,House,3462.0,6.0,6.0,2003,No,2,24550000.0,Ayesha Shah,2022-05-11 00:00:00,3,2.2,Good,follow up,1044
P102081,Karachi,Villa,400.0,1.0,1.0,1987,No,2,3250000.0,Hina Sheikh,2022-08-24 00:00:00,2,5.6,Good,nan,2082
P101382,Islamabad,Apartment,2010.0,4.0,3.0,1984,No,2,11900000.0,Ali Malik,2025-08-09 00:00:00,2,6.6,Excellent,call later,1383
P101070,Faisalabad,Villa,3785.0,8.0,6.0,1987,No,1,17750000.0,Saad Ahmed,2022-01-31 00:00:00,2,5.7,New,,1071
P100053,Islamabad,Townhouse,2825.0,6.0,5.0,2003,No,2,21350000.0,Ali Khan,2022-02-03 00:00:00,1,19.0,Excellent,nan,54
P101739,Multan,Apartment,2418.0,4.0,0.0,1987,Yes,2,6800000.0,Hamza Siddiqui,2025-01-13 00:00:00,3,13.4,Good,,1740
P100505,Multan,Villa,2693.0,4.0,3.0,2007,No,2,16400000.0,Ali Malik,2022-10-25 00:00:00,4,0.7,New,call later,506
P100752,Karachi,House,2688.0,5.0,5.0,1988,No,1,11750000.0,Hassan Shah,2023-12-31 00:00:00,3,7.1,Excellent,owner waiting,753
P100752,Karachi,House,2688.0,5.0,5.0,1988,No,1,11750000.0,Hassan Shah,2023-12-31 00:00:00,3,7.1,Excellent,owner waiting,753
P101907,Karachi,House,555.0,1.0,1.0,2013,No,2,3400000.0,Usman Butt,2023-02-01 00:00:00,3,1.1,Good,VIP,1908
P101468,Rawalpindi,House,1547.0,1.0,1.0,2008,No,2,7450000.0,Hassan Khan,2024-11-27 00:00:00,2,14.3,Good,,1469
P101436,Karachi,House,2966.0,5.0,5.0,2010,Yes,0,14300000.0,Ahmed Qureshi,2025-08-17 00:00:00,4,3.6,Excellent,owner waiting,1437
P101094,Islamabad,House,1667.0,4.0,4.0,2011,Yes,2,14950000.0,Omar Qureshi,2025-11-09 00:00:00,2,8.0,New,urgent,1095
P102079,Karachi,House,1232.0,2.0,2.0,1991,No,1,6800000.0,Hassan Khan,2024-06-01 00:00:00,2,2.7,Good,nan,2080
P100771,Islamabad,Apartment,1956.0,4.0,3.0,1995,No,1,10700000.0,  Usman Qureshi  ,2022-04-27 00:00:00,3,5.9,New,VIP,772
P102372,Lahore,Apartment,1392.0,4.0,4.0,2008,No,3,5750000.0,Hamza Ahmed,2022-03-03 00:00:00,2,14.8,Excellent,,2373
P102266,Rawalpindi,Apartment,1414.0,2.0,1.0,2014,Yes,1,6300000.0,nan,2023-08-30 00:00:00,2,16.7,Average,urgent,2267
P101085,Rawalpindi,Villa,2940.0,6.0,0.0,2020,No,1,16900000.0,Omar Malik,2025-04-27 00:00:00,1,6.2,Excellent,,1086
P101231,Islamabad,Townhouse,1522.0,4.0,4.0,2004,No,2,13700000.0,Usman Malik,2023-07-27 00:00:00,3,16.4,Excellent,follow up,1232
P102149,Karachi,Apartment,,3.0,3.0,2003,Yes,2,6600000.0,Bilal Khan,2025-11-22 00:00:00,2,3.9,Good,urgent,2150
P102312,Lahore,Apartment,1003.0,3.0,3.0,2019,,4,4350000.0,Hina Malik,2023-07-31 00:00:00,1,3.9,Good,,2313
P102142,Rawalpindi,Apartment,2490.0,4.0,4.0,1995,Yes,2,11150000.0,Ahmed Khan,2023-12-09 00:00:00,2,5.2,Excellent,follow up,2143
P101207,Lahore,Apartment,2205.0,4.0,4.0,1988,No,2,8400000.0,  Saad Khan  ,2025-06-08 00:00:00,3,11.8,Average,owner waiting,1208
P101228,Peshawar,Apartment,3290.0,5.0,5.0,2024,Yes,2,12300000.0,  Zain Butt  ,2023-09-16 00:00:00,3,12.1,Good,VIP,1229
P100963,Karachi,House,1693.0,,2.0,2014,No,2,8100000.0,Zain Raza,2022-01-12 00:00:00,2,4.0,Good,,964
P101194,Faisalabad,Villa,1889.0,3.0,3.0,2011,No,3,9200000.0,Ali Raza,2022-09-30 00:00:00,2,3.4,Good,call later,1195
P100398,Lahore,Apartment,1394.0,2.0,2.0,1983,No,3,5600000.0,Fatima Butt,2025-05-17 00:00:00,2,10.6,Excellent,owner waiting,399
P100584,Peshawar,Villa,1609.0,2.0,2.0,2015,No,3,8350000.0,Hamza Qureshi,2024-01-16 00:00:00,1,12.9,New,call later,585
P100948,Faisalabad,House,3343.0,6.0,6.0,2000,No,2,12250000.0,Fatima Raza,2022-11-17 00:00:00,1,4.1,Average,nan,949
P100704,Karachi,Townhouse,1014.0,1.0,1.0,2019,No,1,5550000.0,Ahmed Butt,2024-02-20 00:00:00,4,0.8,Good,follow up,705
P100431,Multan,House,1061.0,2.0,1.0,1987,No,2,3850000.0,Maham Ahmed,2022-01-30 00:00:00,3,3.0,Excellent,nan,432
P100292,Peshawar,Apartment,1640.0,4.0,4.0,2003,Yes,1,4650000.0,Ali Ahmed,2024-02-19 00:00:00,2,15.4,Excellent,call later,293
P101911,Karachi,House,2184,3.0,3.0,1986,,1,11700000.0,Usman Ahmed,2024-09-18 00:00:00,2,4.1,Good,urgent,1912
P101491,Multan,House,2106.0,5.0,4.0,1983,No,1,8100000.0,Bilal Sheikh,2024-10-13 00:00:00,4,0.6,Good,call later,1492
P101575,Karachi,House,1686.0,3.0,0.0,1989,No,2,11750000.0,Zain Malik,2025-04-28 00:00:00,3,10.4,Good,urgent,1576
P100002,Faisalabad,TOWNHOUSE,1877.0,3.0,3.0,2013,Yes,1,6600000.0,Ahmed Qureshi,2024-09-05 00:00:00,2,5.2,Good,call later,3
P100576,Peshawar,House,2071.0,3.0,3.0,1981,Yes,3,9450000.0,nan,2024-01-27 00:00:00,1,4.7,Average,urgent,577
P101847,Islamabad,Villa,2422.0,4.0,4.0,2000,Yes,0,24200000.0,Sara Sheikh,2022-12-27 00:00:00,2,2.9,Needs Renovation,owner waiting,1848
P100339,Peshawar,House,2275.0,4.0,3.0,2013,No,0,9150000.0,Omar Shah,2024-07-06 00:00:00,1,6.5,Excellent,VIP,340
P101299,Lahore,House,400.0,,1.0,1987,Yes,1,2550000.0,Sara Butt,2022-03-10 00:00:00,3,18.2,Good,VIP,1300
P100925,Karachi,Apartment,1498.0,2.0,2.0,1980,No,2,8000000.0,Hassan Shah,2022-07-05 00:00:00,3,8.5,Good,follow up,926
P100265,Karachi,Townhouse,607.0,1.0,1.0,2017,No,2,3650000.0,N/A,2023-04-09 00:00:00,2,4.7,Average,,266
P100376,Peshawar,House,884.0,1.0,1.0,1991,No,3,3400000.0,Saad Iqbal,2022-11-10 00:00:00,2,11.7,Average,,377
P100271,Karachi,Villa,2758.0,3.0,2.0,1995,No,1,19450000.0,Ahmed Iqbal,2025-12-24 00:00:00,2,7.8,Good,,272
P100696,Rawalpindi,Apartment,1646.0,2.0,2.0,1985,Yes,1,7800000.0,  Ahmed Khan  ,2023-12-29 00:00:00,2,8.3,New,follow up,697
P101954,Peshawar,Apartment,960.0,1.0,1.0,1989,No,0,2500000.0,Ali Ahmed,2022-04-21 00:00:00,2,4.7,Excellent,call later,1955
P100244, Islamabad ,House,1646.0,3.0,3.0,1981,No,4,15350000.0,Ayesha Qureshi,2022-04-13 00:00:00,2,3.3,Excellent,VIP,245
P101578,Hyderabad,House,1873.0,4.0,4.0,1988,Yes,2,6050000.0,Maham Iqbal,2025-11-19 00:00:00,2,7.8,Good,follow up,1579
P100476,Lahore,Apartment,2264.0,4.0,4.0,2011,Yes,1,11400000.0,Ahmed Qureshi,2024-05-28 00:00:00,1,4.6,Good,nan,477
P101216,Lahore,Apartment,2361.0,4.0,3.0,2009,No,2,11300000.0,Hassan Malik,2023-10-02 00:00:00,2,11.7,Good,owner waiting,1217
P101418,FAISALABAD,Apartment,1773.0,4.0,4.0,2019,No,1,4900000.0,Fatima Shah,2022-07-26 00:00:00,1,2.7,Good,,1419
P101840,Karachi,House,1670.0,3.0,3.0,1996,Yes,1,11050000.0,Hassan Sheikh,2024-11-26 00:00:00,2,16.7,New,,1841
P101405,Karachi,Apartment,1883.0,3.0,3.0,1987,Yes,2,7850000.0,Usman Raza,2022-10-14 00:00:00,1,6.7,New,nan,1406
P101809,Karachi,Apartment,2671.0,5.0,4.0,1995,Yes,2,12000000.0,Ali Malik,2024-11-19 00:00:00,2,13.1,Excellent,nan,1810
P100250,Islamabad,House,1753.0,3.0,3.0,1986,No,1,11950000.0,Zain Butt,2023-07-30 00:00:00,2,7.2,Good,urgent,251
P100413,Faisalabad,Apartment,1920.0,3.0,3.0,1993,No,3,4850000.0,Usman Qureshi,2022-11-30 00:00:00,3,15.0,Excellent,call later,414
P101753,MULTAN,Apartment,1405.0,2.0,2.0,2003,,0,2550000.0,Saad Iqbal,2025-11-24 00:00:00,4,2.3,Average,urgent,1754
P101703,Islamabad,Apartment,1805.0,3.0,2.0,1991,No,2,10450000.0,Hina Ahmed,2025-11-22 00:00:00,2,8.7,New,follow up,1704
P100310,,House,1021.0,1.0,1.0,2008,No,1,4350000.0,Hamza Siddiqui,2024-09-05 00:00:00,2,7.4,Good,owner waiting,311
P100893,Karachi,House,1665.0,5.0,5.0,1998,No,2,8650000.0,Hassan Raza,2025-02-23 00:00:00,2,5.7,Excellent,urgent,894
P101131,Lahore,Townhouse,634,1.0,1.0,1995,,0,3100000.0,Ali Khan,2023-06-02 00:00:00,2,1.8,Average,nan,1132
P102456,Islamabad,Villa,2568.0,4.0,3.0,2019,Yes,2,30100000.0,Hassan Shah,2023-08-28 00:00:00,3,11.1,New,urgent,2457
P100015,Karachi,Villa,1144.0,1.0,1.0,2024,Yes,1,8000000.0,Usman Siddiqui,2023-09-05 00:00:00,2,8.5,Average,VIP,16
P100721,Lahore,Villa,2798.0,6.0,5.0,2017,No,3,15750000.0,  Ayesha Ahmed  ,2025-10-27 00:00:00,2,2.4,Good,nan,722
P102222,Lahore,House,,2.0,2.0,2009,No,1,4200000.0,Hina Butt,2024-06-12 00:00:00,4,11.4,Good,urgent,2223
P100981,Multan,Apartment,2479.0,4.0,4.0,1998,No,2,7050000.0,Hina Siddiqui,2023-03-16 00:00:00,1,1.3,Average,urgent,982
P102134,Lahore,Apartment,1444,-2.0,2.0,2017,No,1,6850000.0,Fatima Malik,2024-01-22 00:00:00,2,13.6,New,owner waiting,2135
P102034,Karachi,Apartment,3090.0,5.0,5.0,2003,Yes,2,17250000.0,Hina Raza,2024-08-31 00:00:00,2,3.6,Good,nan,2035
P100363,Karachi,House,2213.0,3.0,3.0,1980,No,2,12050000.0,Usman Qureshi,2023-08-07 00:00:00,2,5.5,Average,urgent,364
P101437,Lahore,Apartment,1660.0,3.0,2.0,1991,No,2,7450000.0,Hina Sheikh,2023-08-07 00:00:00,1,12.5,Good,call later,1438
P100182,Lahore,House,2221.0,4.0,4.0,1999,No,3,10050000.0,N/A,2023-10-29 00:00:00,2,8.4,Excellent,owner waiting,183
P100985,Peshawar,Apartment,1305.0,3.0,2.0,1996,Yes,2,3200000.0,Zain Butt,2025-05-08 00:00:00,2,9.3,Average,VIP,986
P102009,Rawalpindi,House,1676.0,3.0,2.0,1983,No,1,6650000.0,Ali Malik,2022-01-11 00:00:00,2,4.5,Good,,2010
P101920,Lahore,House,2688.0,5.0,4.0,1996,No,3,12750000.0,Saad Siddiqui,2024-12-16 00:00:00,3,7.8,Excellent,VIP,1921
P101720,Karachi,House,2523.0,5.0,5.0,2011,No,4,15350000.0,Ahmed Iqbal,2023-06-11 00:00:00,2,6.5,Good,call later,1721
P101121,Karachi,House,1846.0,3.0,2.0,2018,No,2,8400000.0,Ahmed Malik,2024-04-02 00:00:00,2,7.8,New,,1122
P100187,Karachi,Apartment,400.0,1.0,1.0,2017,Yes,2,2050000.0,Hamza Sheikh,2025-03-18 00:00:00,2,6.5,Excellent,nan,188
P100619,Karachi,House,2170.0,4.0,4.0,2021,No,1,11100000.0,Omar Qureshi,2024-03-31 00:00:00,2,12.9,Needs Renovation,nan,620
P101159,,House,1175.0,3.0,3.0,2024,No,2,3727688.476016597,Usman Qureshi,2024-12-25 00:00:00,2,20.3,Good,,1160
P100614,Karachi,Apartment,1346.0,1.0,1.0,2002,No,0,6100000.0,Ayesha Iqbal,2025-05-10 00:00:00,3,2.2,Excellent,,615
P102100,Rawalpindi,Apartment,671.0,2.0,1.0,2023,No,1,2700000.0,Saad Sheikh,2025-02-26 00:00:00,2,2.1,Good,urgent,2101
P100994,Peshawar,House,1715.0,4.0,3.0,2009,No,2,8250000.0,Hamza Qureshi,not available,2,7.9,Excellent,nan,995
P100934,Multan,House,2274.0,4.0,3.0,2021,False,1,"9,050,000",Zain Ahmed,2024-09-03 00:00:00,1,7.3,Good,owner waiting,935
P100371,Karachi,APARTMENT,1637.0,2.0,2.0,1982,Yes,2,6800000.0,Maham Qureshi,2023-04-26 00:00:00,2,3.3,Good,follow up,372
P101381,Karachi,Townhouse,1334.0,3.0,3.0,2023,No,3,8300000.0,Ayesha Iqbal,2025-02-24 00:00:00,3,1.2,Good,,1382
P100593,Islamabad,Townhouse,2008.0,3.0,3.0,1994,Yes,1,10600000.0,Danish Siddiqui,2023-02-26 00:00:00,4,10.9,Good,call later,594
P100726,Karachi,Apartment,880.0,1.0,1.0,2018,No,2,200000000.0,Maham Shah,2024-08-08 00:00:00,3,8.8,Good,call later,727
P101901,Karachi,Apartment,2451.0,4.0,4.0,2015,No,2,10450000.0,Bilal Butt,2023-04-21 00:00:00,3,10.4,Good,owner waiting,1902
P100687,Peshawar,Villa,2572.0,5.0,4.0,1993,Yes,0,13750000.0,Usman Raza,2022-02-17 00:00:00,3,3.7,Good,owner waiting,688
P101714,Lahore,Apartment,2489.0,3.0,3.0,2018,No,2,7950000.0,Fatima Siddiqui,2025-07-16 00:00:00,1,8.8,Good,call later,1715
P100136,Peshawar,Apartment,1427.0,3.0,3.0,2010,Yes,4,4100000.0,Hassan Shah,2024-01-06 00:00:00,3,3.7,New,call later,137
P100628,Islamabad,Apartment,904.0,1.0,,2019,No,1,5950000.0,Fatima Siddiqui,2023-09-21 00:00:00,3,2.4,Average,call later,629
P100334,Karachi,Apartment,1416.0,2.0,1.0,2008,Yes,1,6800000.0,Omar Shah,2022-03-21 00:00:00,4,5.3,Excellent,call later,335
P101447,Islamabad,House,1621.0,3.0,3.0,1997,Yes,2,13300000.0,Hamza Khan,2023-05-05 00:00:00,1,7.2,Excellent,urgent,2501
P102055,Lahore,Apartment,2637.0,5.0,4.0,1986,Yes,2,11250000.0,Maham Malik,2022-01-06 00:00:00,2,1.5,Good,follow up,2056
P101109,Karachi,House,1818.0,3.0,3.0,1988,No,1,10250000.0,Omar Raza,2022-08-04 00:00:00,3,1.4,New,call later,1110
P101241,Lahore,House,2999.0,6.0,6.0,2010,Yes,1,15549796.867547812,Danish Raza,2024-01-01 00:00:00,2,2.2,Good,follow up,1242
P102332,Multan,Apartment,967.0,2.0,2.0,1993,No,2,2700000.0,Ayesha Sheikh,2023-11-22 00:00:00,2,4.4,Average,owner waiting,2333
P100710,Hyderabad,House,1055.0,2.0,2.0,1993,Yes,0,3300000.0,Ahmed Khan,2022-03-31 00:00:00,4,20.2,Good,nan,711
P101039,Karachi,House,1994.0,4.0,4.0,2015,Yes,2,9950000.0,Hassan Siddiqui,2025-08-17 00:00:00,2,5.1,Good,VIP,1040
P101350,Multan,House,1618.0,2.0,1.0,1988,No,4,6500000.0,Hina Siddiqui,2023-04-29 00:00:00,3,4.3,New,,1351
P102077,Karachi,House,1480,2.0,2.0,2015,Yes,1,8900000.0,Fatima Shah,2024-03-03 00:00:00,1,13.8,Good,follow up,2078
P102331,Lahore,House,1505.0,2.0,2.0,2017,No,2,8750000.0,  Ahmed Khan  ,2022-01-24 00:00:00,2,12.7,Good,VIP,2332
P101112,Islamabad,Apartment,2299.0,6.0,6.0,1983,Yes,2,16350000.0,Saad Khan,2025-10-17 00:00:00,3,2.7,Good,urgent,1113
P100465,Rawalpindi,Apartment,1648.0,4.0,4.0,1988,Yes,0,6300000.0,Hina Sheikh,2022-12-14 00:00:00,3,14.6,Excellent,call later,466
P101404,Karachi,House,950.0,,1.0,2002,Yes,1,5450000.0,Usman Sheikh,2022-05-25 00:00:00,2,6.3,New,nan,1405
P101583,Karachi,House,1520.0,3.0,2.0,2010,Yes,3,10200000.0,Ahmed Iqbal,2023-10-18 00:00:00,1,10.8,Good,follow up,2507
P101913,Islamabad,House,1931.0,2.0,2.0,1997,No,1,11600000.0,Omar Siddiqui,2024-12-16 00:00:00,2,9.3,Good,VIP,1914
P101104, Karachi ,Townhouse,2158.0,5.0,4.0,1983,No,1,11200000.0,  Zain Ahmed  ,2022-04-26 00:00:00,2,9.0,Excellent,call later,1105
P101962,Islamabad,Residential House,1186.0,2.0,2.0,2020,Yes,1,10950000.0,Bilal Sheikh,2025-12-01 00:00:00,3,4.6,Excellent,urgent,1963
P100338,Karachi,House,2478.0,5.0,5.0,1997,No,1,13950000.0,Ahmed Raza,2023-10-01 00:00:00,2,5.5,New,owner waiting,339
P101498,Lahore,House,2145.0,3.0,3.0,2018,,3,11800000.0,Hamza Iqbal,2024-08-30 00:00:00,2,6.7,Good,follow up,1499
P102121,Karachi,Townhouse,751.0,1.0,1.0,1989,Yes,2,3500000.0,Maham Khan,2024-05-27 00:00:00,2,8.9,Good,call later,2122
P101898,Karachi,House,1638.0,2.0,1.0,2008,Yes,2,9500000.0,Ali Siddiqui,2023-01-03 00:00:00,3,10.7,Excellent,owner waiting,1899
P101208,Karachi,House,2162.0,3.0,3.0,2019,Yes,2,13350000.0,Danish Malik,2022-08-27 00:00:00,3,21.7,Good,call later,1209
P102128,Karachi,House,673.0,1.0,1.0,2010,Yes,1,4000000.0,Ayesha Siddiqui,2023-01-25 00:00:00,2,2.4,Good,urgent,2129
P100816,Faisalabad,Apartment,3131.0,,4.0,1987,Yes,3,9300000.0,Ali Siddiqui,2025-10-29 00:00:00,3,13.7,Good,nan,817
P101067,Rawalpindi,Apartment,2248.0,5.0,5.0,1981,Yes,1,9700000.0,Hassan Siddiqui,2025-10-29 00:00:00,4,12.4,Good,call later,1068
P100274,Rawalpindi,Villa,2580.0,5.0,5.0,1987,No,4,16150000.0,Maham Ahmed,2024-06-15 00:00:00,1,10.0,New,owner waiting,275
P101756,Karachi,House,,3.0,,2020,Yes,1,9600000.0,Bilal Iqbal,2022-09-10 00:00:00,2,7.2,Average,call later,1757
P100865,Peshawar,House,2038.0,4.0,4.0,2023,Yes,2,7350000.0,Omar Shah,2022-08-22 00:00:00,2,2.1,Good,call later,866
P100101,Rawalpindi,Apartment,2081.0,4.0,4.0,2005,No,0,6900000.0,Ayesha Iqbal,2023-12-09 00:00:00,3,14.5,Good,owner waiting,102
P101591,Karachi,Villa,2162.0,4.0,4.0,2007,Yes,2,15100000.0,Hassan Sheikh,2025-09-26 00:00:00,3,8.2,Excellent,VIP,1592
P100107,Karachi,House,1953.0,4.0,3.0,2000,No,1,"9,850,000",Omar Shah,2022-12-12 00:00:00,2,5.5,Excellent,nan,108
P102436,Islamabad,House,1690.0,3.0,3.0,2023,Yes,3,18600000.0,Fatima Sheikh,2024-07-16 00:00:00,2,7.4,New,nan,2524
P102358, Hyderabad ,House,1727.0,3.0,2.0,2007,Yes,3,5300000.0,Sara Khan,2023-12-23 00:00:00,4,9.4,Good,VIP,2359
P101406,Hyderabad,Villa,868.0,2.0,2.0,1980,Yes,1,4100000.0,Ahmed Qureshi,2024-07-08 00:00:00,1,5.3,Average,follow up,1407
P101260,Karachi,Townhouse,2641.0,4.0,4.0,2023,Yes,3,15300000.0,Saad Sheikh,2024-09-03 00:00:00,2,5.8,Average,call later,1261
P101413,Peshawar,House,1767.0,4.0,3.0,2014,No,1,8500000.0,Omar Khan,2022-12-08 00:00:00,3,0.6,Excellent,nan,1414
P101791,Lahore,House,1588,2.0,2.0,2015,Yes,1,8950000.0,Ali Siddiqui,2022-12-03 00:00:00,2,1.6,Needs Renovation,,1792
P102209,Karachi,House,2245.0,4.0,4.0,2008,Yes,2,12950000.0,Ayesha Siddiqui,2025-09-20 00:00:00,1,16.3,Excellent,,2210
P101547,Rawalpindi,House,2327.0,4.0,3.0,1999,Yes,3,"12,350,000",Ayesha Ahmed,2024-11-12 00:00:00,3,7.3,New,nan,1548
P100712,Multan,Villa,1811.0,6.0,6.0,1995,No,1,8150000.0,Ayesha Raza,2024-09-28 00:00:00,2,8.1,Good,VIP,713
P100072,Faisalabad,Villa,1161.0,1.0,1.0,1982,No,1,3950000.0,Unknown,2023-12-11 00:00:00,2,9.8,Good,,73
P101857,Karachi,House,2860.0,6.0,6.0,1984,No,1,11900000.0,Ahmed Iqbal,2025-02-01 00:00:00,3,10.6,Good,call later,1858
P102437,Islamabad,Apartment,910.0,,2.0,1990,Yes,1,6400000.0,Bilal Qureshi,2025-06-16 00:00:00,2,5.7,Excellent,VIP,2438
P100481,Karachi,House,1374.0,2.0,2.0,1986,Yes,2,8300000.0,Sara Shah,2024-12-10 00:00:00,2,4.8,Needs Renovation,follow up,482
P101777,Lahore,Villa,1438.0,3.0,3.0,2017,Yes,1,10350000.0,Omar Qureshi,2022-01-05 00:00:00,2,13.2,Average,follow up,1778
P101662,Multan,Villa,2122.0,5.0,5.0,1981,No,3,11050000.0,Ayesha Qureshi,2024-10-22 00:00:00,1,1.4,Good,,1663
P101171,Rawalpindi,Apartment,1224.0,2.0,2.0,2017,Yes,1,4300000.0,Hina Butt,2024-01-27 00:00:00,2,6.3,Needs Renovation,call later,1172
P102067,Hyderabad,House,2971.0,5.0,5.0,2015,Yes,2,10600000.0,Omar Malik,2022-06-04 00:00:00,2,14.8,Good,nan,2068
P101878,Islamabad,Villa,914.0,2.0,1.0,1994,No,2,9500000.0,Bilal Khan,2025-10-29 00:00:00,2,5.4,Good,owner waiting,1879
P100405,Faisalabad,Apartment,1894.0,3.0,2.0,1989,no,2,5100000.0,Ayesha Butt,2023-07-09 00:00:00,2,9.4,Average,VIP,406
P100757,Peshawar,House,1990,3.0,2.0,2001,Yes,2,10400000.0,Fatima Khan,2024-04-26 00:00:00,4,10.0,Excellent,call later,758
P100757,Peshawar,House,1990,3.0,2.0,2001,Yes,2,10400000.0,Fatima Khan,2024-04-26 00:00:00,4,10.0,Excellent,call later,758
P101407,Karachi,Villa,2501.0,6.0,6.0,1993,True,2,18750000.0,Hamza Shah,2023-06-24 00:00:00,2,8.8,Good,nan,1408
P101673,Karachi,House,1532.0,2.0,2.0,2019,Yes,0,7800000.0,N/A,2024-12-06 00:00:00,2,6.3,Average,owner waiting,1674
P101457,Lahore,Townhouse,1947.0,4.0,4.0,1985,Yes,1,8750000.0,Sara Siddiqui,2023-04-23 00:00:00,3,6.6,Excellent,VIP,1458
P101825,karachi,Apartment,1039.0,2.0,1.0,1991,Yes,2,5300000.0,Danish Sheikh,2022-08-15 00:00:00,2,2.2,Good,call later,1826
P100743,Karachi,House,2131.0,4.0,4.0,2007,No,2,12550000.0,Ali Raza,2024-08-02 00:00:00,4,4.0,Excellent,follow up,744
P100806,Rawalpindi,House,573.0,1.0,1.0,2013,Yes,2,2550000.0,Usman Khan,2022-08-07 00:00:00,2,11.7,Good,VIP,807
P102341,Karachi,House,2123.0,5.0,4.0,2012,No,1,13750000.0,Bilal Khan,2022-08-15 00:00:00,3,7.3,Good,follow up,2342
P101359,Karachi,House,1026.0,1.0,1.0,2003,No,0,5550000.0,Hina Sheikh,2024-09-09 00:00:00,2,4.6,Good,,1360
P101956,Islamabad,House,1709.0,2.0,2.0,2015,Yes,1,11300000.0,Hamza Qureshi,2025-11-29 00:00:00,3,6.1,Average,owner waiting,1957
P101480,LAHORE,House,1154.0,1.0,1.0,2013,No,2,6550000.0,Hamza Sheikh,2022-10-19 00:00:00,1,10.9,Excellent,nan,1481
P100148,Lahore,Apartment,1589.0,3.0,2.0,2008,No,1,6550000.0,Hassan Iqbal,2023-07-21 00:00:00,2,3.3,Average,VIP,149
P101268,Lahore,Apartment,1260.0,3.0,3.0,1987,No,2,5600000.0,Omar Butt,2024-04-11 00:00:00,4,5.0,Good,VIP,1269
P101483,Karachi,House,1532.0,3.0,3.0,2013,No,1,10050000.0,Ayesha Qureshi,2025-03-13 00:00:00,2,11.0,Excellent,call later,1484
P100692,Karachi,Apartment,1477.0,3.0,3.0,2017,No,2,5200000.0,Danish Iqbal,2023-06-09 00:00:00,2,8.1,Average,follow up,693
P100818,Islamabad,House,1442.0,2.0,2.0,2013,No,2,11250000.0,Hamza Butt,2022-12-06 00:00:00,2,5.3,Average,,819
P101813,Karachi,Villa,899.0,1.0,1.0,1998,Yes,0,6850000.0,Zain Ahmed,2025-01-04 00:00:00,2,7.7,Average,,1814
P101765,Karachi,Apartment,1314.0,3.0,3.0,2007,N,1,"7,000,000",Ahmed Malik,2022-10-17 00:00:00,3,9.2,Average,VIP,1766
P101769,,Villa,1072.0,2.0,1.0,1991,No,0,5200000.0,Fatima Malik,2023-03-17 00:00:00,2,5.9,Average,follow up,1770
P100701,Lahore,Townhouse,1952.0,3.0,2.0,2015,No,2,6700000.0,Maham Shah,2023-08-17 00:00:00,3,6.0,Average,,702
P102243,Karachi,House,630.0,1.0,1.0,2014,Yes,0,3650000.0,Hassan Butt,2025-06-10 00:00:00,3,3.9,Excellent,VIP,2244
P100921,Faisalabad,House,1394.0,3.0,3.0,2004,No,0,4400000.0,Hassan Sheikh,2022-07-09 00:00:00,1,6.4,Average,owner waiting,922
P100905,Islamabad,Villa,1664.0,4.0,4.0,1995,No,1,12350000.0,Saad Malik,2025-10-29 00:00:00,2,4.5,Average,,906
P100454,Karachi,Apartment,2797.0,5.0,5.0,1990,No,3,14400000.0,Ali Iqbal,2023-08-12 00:00:00,1,4.3,Excellent,follow up,455
P101533,Rawalpindi,Apartment,1048.0,1.0,1.0,2015,No,3,5300000.0,Ali Siddiqui,2023-09-28 00:00:00,3,3.8,Needs Renovation,owner waiting,1534
P101850,Karachi,House,577.0,1.0,1.0,1983,Yes,1,2700000.0,Ayesha Butt,2024-10-07 00:00:00,3,8.7,Excellent,owner waiting,1851
P101266,Karachi,Apartment,1407.0,2.0,2.0,2008,Yes,3,9050000.0,Fatima Qureshi,2024-05-21 00:00:00,2,4.2,Excellent,owner waiting,1267
P100167,Multan,House,2287.0,4.0,3.0,2016,No,0,7550000.0,Bilal Qureshi,2023-10-10 00:00:00,2,10.4,Needs Renovation,nan,168
P100730,Lahore,House,2005.0,3.0,3.0,2016,No,2,11350000.0,Hassan Siddiqui,2022-10-16 00:00:00,2,7.5,Good,follow up,731
P101629,Lahore,Townhouse,1279.0,1.0,1.0,2023,Yes,1,8550000.0,  Usman Shah  ,2025-05-20 00:00:00,4,13.3,New,urgent,1630
P100026,Lahore,Townhouse,2506.0,4.0,4.0,2012,No,2,11100000.0,Hina Khan,2023-08-19 00:00:00,1,7.3,Average,follow up,27
P102311,Karachi,Apartment,1356.0,3.0,3.0,1996,,2,7000000.0,Hina Khan,2023-04-19 00:00:00,2,12.2,Good,,2312
P101572,Islamabad,House,1905.0,4.0,3.0,1984,Yes,1,17200000.0,Zain Sheikh,2025-11-25 00:00:00,4,1.8,Excellent,,1573
P100997,Karachi,Villa,1374.0,1.0,1.0,1998,No,3,9600000.0,Ali Siddiqui,2025-03-03 00:00:00,3,3.9,Average,,998
P101176,Lahore,House,2119.0,3.0,3.0,2023,Yes,2,13300000.0,Usman Khan,2023-11-27 00:00:00,2,8.1,Good,,1177
P101040,Karachi,Villa,1509.0,3.0,3.0,1985,Yes,2,150000000.0,Ali Khan,2024-07-13 00:00:00,2,10.8,New,follow up,1041
P101674,Multan,Villa,1618.0,3.0,3.0,1998,No,2,6150000.0,  Sara Iqbal  ,2023-09-04 00:00:00,2,4.1,Excellent,VIP,1675
P101295,Lahore,Apartment,2812.0,5.0,5.0,2020,Yes,1,13150000.0,Ahmed Shah,2025-05-12 00:00:00,2,5.8,New,owner waiting,1296
P101947,Peshawar,Apartment,413.0,1.0,,2023,Yes,1,1450000.0,Hassan Shah,2022-03-05 00:00:00,3,2.0,Good,,1948
P100041,Multan,House,1481.0,3.0,3.0,2022,No,2,4800000.0,Hassan Shah,2024-10-08 00:00:00,3,10.7,Good,follow up,42
P101283,Islamabad,House,1747.0,,2.0,1991,Yes,1,13150000.0,Ayesha Shah,2022-05-30 00:00:00,3,9.4,Average,nan,1284
P102158,Lahore,Apartment,1167.0,3.0,2.0,2005,Yes,1,5150000.0,Saad Khan,2025-02-15 00:00:00,4,-8.8,Average,,2159
P101760,Lahore,Townhouse,2156.0,3.0,2.0,2003,Yes,2,13450000.0,Usman Khan,2023-06-02 00:00:00,2,14.2,Average,urgent,1761
P101420,Rawalpindi,House,1336.0,2.0,2.0,1983,No,1,5550000.0,Zain Shah,2024-04-02 00:00:00,2,5.2,Good,,1421
P102357,Lahore,Apartment,2783.0,7.0,6.0,1999,No,1,12150000.0,Danish Khan,2024-12-30 00:00:00,2,17.1,Good,nan,2358
P100609,Lahore,Townhouse,1059.0,2.0,2.0,2002,Yes,4,4900000.0,Saad Ahmed,2022-03-16 00:00:00,2,18.4,Good,call later,610
P101132,Karachi,Apartment,2158.0,4.0,3.0,1991,No,2,9350000.0,Omar Siddiqui,2023-12-07 00:00:00,2,4.8,Excellent,VIP,1133
P100028,KHI,Villa,1075.0,2.0,2.0,2000,N,3,100000000.0,Maham Malik,2023-05-04 00:00:00,3,6.0,Good,follow up,29
P100441,Karachi,House,2152.0,4.0,4.0,1982,Yes,2,13650000.0,Zain Ahmed,2022-04-23 00:00:00,4,4.8,Good,urgent,442
P100196,Islamabad,Villa,1725.0,3.0,2.0,1988,Yes,1,19650000.0,Hamza Butt,2022-11-16 00:00:00,1,13.0,Excellent,urgent,2525
P101711,Lahore,House,1949.0,3.0,2.0,2013,No,1,9650000.0,Hina Qureshi,2022-07-29 00:00:00,2,7.3,Excellent,nan,1712
P100493,Lahore,Apartment,1657.0,3.0,,2015,No,1,5750000.0,Danish Khan,2022-04-01 00:00:00,3,0.8,Average,owner waiting,494
P101258,Islamabad,Townhouse,400.0,1.0,1.0,1994,Yes,0,2550000.0,Omar Malik,2022-08-28 00:00:00,2,3.8,Excellent,owner waiting,1259
P101941,Lahore,House,1616.0,3.0,3.0,2009,No,2,8150000.0,Hina Butt,2024-10-18 00:00:00,1,16.2,Average,,1942
P100236,Lahore,House,2081.0,3.0,3.0,1994,No,3,10050000.0,Hina Ahmed,2024-01-15 00:00:00,2,9.2,Needs Renovation,follow up,237
P100551,Karachi,House,720.0,1.0,1.0,1990,No,2,4050000.0,Ayesha Malik,2022-12-10 00:00:00,2,5.2,Good,,552
P100520,Faisalabad,Residential House,2472.0,6.0,5.0,2013,No,2,9000000.0,Sara Khan,2025-10-16 00:00:00,3,7.2,Good,urgent,521
P101717,Islamabad,House,,3.0,3.0,2009,No,4,10000000.0,Ayesha Raza,2025-04-22 00:00:00,3,6.7,New,urgent,1718
P101232,Karachi,Apartment,1561.0,2.0,1.0,1981,No,3,6200000.0,Hamza Malik,2023-02-20 00:00:00,3,7.8,Good,,1233
P101138,Karachi,Villa,718.0,1.0,1.0,1987,Yes,2,5350000.0,Usman Khan,2022-03-20 00:00:00,1,15.2,Good,nan,1139
P100720,Lahore,House,1483.0,4.0,4.0,1983,no,1,7950000.0,Maham Shah,2025-04-21 00:00:00,2,5.3,Excellent,follow up,721
P101967,Faisalabad,Apartment,1506.0,2.0,2.0,2001,Yes,1,4000000.0,Zain Khan,2024-12-29 00:00:00,2,9.5,Good,urgent,1968
P102240,Karachi,House,784.0,2.0,2.0,1997,Yes,1,3350000.0,  Ali Iqbal  ,2025-07-18 00:00:00,2,13.9,Good,urgent,2241
P100058,Karachi,Apartment,614.0,1.0,1.0,2005,No,4,2950000.0,Hina Raza,2023-10-28 00:00:00,3,11.0,Good,nan,59
P100631,Multan,Townhouse,1962.0,4.0,3.0,1982,No,2,7900000.0,Sara Malik,2023-08-28 00:00:00,4,3.7,New,urgent,632
P101181,Karachi,House,1362.0,3.0,3.0,2004,No,1,6900000.0,Usman Shah,2025-02-09 00:00:00,1,10.5,Average,urgent,1182
P101697,Multan,Villa,2081.0,3.0,2.0,1982,No,3,10100000.0,Danish Sheikh,2023-06-12 00:00:00,2,12.1,Excellent,urgent,1698
P100592,Lahore,Villa,1389.0,3.0,3.0,1992,No,2,10900000.0,Ahmed Qureshi,2024-10-24 00:00:00,1,6.8,Excellent,VIP,593
P102208,Karachi,House,1287.0,2.0,2.0,1985,Y,2,7250000.0,Fatima Qureshi,2024-10-27 00:00:00,4,1.2,Good,owner waiting,2209
P100939,Karachi,Apartment,1985.0,5.0,5.0,1999,No,1,8950000.0,Saad Sheikh,2022-11-17 00:00:00,3,2.5,Good,follow up,940
P102359,Karachi,House,2895.0,5.0,5.0,2018,No,2,15050000.0,Sara Khan,2025-01-12 00:00:00,3,4.2,New,call later,2360
P101249,Peshawar,House,2536.0,4.0,4.0,1984,Yes,2,13500000.0,Ayesha Siddiqui,2023-01-27 00:00:00,3,8.2,Excellent,,1250
P100904,Peshawar,Villa,1363.0,2.0,2.0,2022,Yes,0,7650000.0,Ali Siddiqui,2023-06-10 00:00:00,3,6.8,New,nan,905
P101279,Islamabad,Townhouse,1028.0,2.0,2.0,1980,No,3,7150000.0,Sara Qureshi,2025-04-25 00:00:00,2,4.2,Good,nan,1280
P102242,Lahore,Villa,1808.0,3.0,,2008,No,2,11650000.0,Saad Qureshi,2024-08-01 00:00:00,2,8.5,New,,2243
P102432,Islamabad,Villa,2759.0,4.0,4.0,1996,,1,28950000.0,Sara Qureshi,2025-11-18 00:00:00,2,8.9,Good,nan,2433
P101592,Peshawar,Villa,1862.0,2.0,2.0,2001,Yes,4,10900000.0,Maham Raza,2022-03-03 00:00:00,3,7.5,Average,VIP,1593
P102314,Lahore,House,1070.0,4.0,3.0,2011,No,2,5850000.0,Danish Sheikh,2024-03-29 00:00:00,3,3.2,Good,nan,2315
P101916,Islamabad,Apartment,2949.0,6.0,6.0,1985,No,1,17150000.0,Ayesha Raza,2023-04-21 00:00:00,2,6.5,Average,call later,1917
P101971,Hyderabad,House,2500.0,6.0,5.0,2017,No,4,8700000.0,Fatima Sheikh,2022-04-30 00:00:00,1,8.9,Excellent,urgent,1972
P100706,Multan,House,,3.0,3.0,2009,Yes,0,5900000.0,Ali Siddiqui,2023-08-06 00:00:00,2,4.9,Excellent,nan,707
P101022,Hyderabad,House,1487.0,4.0,3.0,2017,No,1,4200000.0,Hassan Khan,2024-01-01 00:00:00,2,12.4,Excellent,urgent,1023
P100745,,Apartment,1385.0,3.0,2.0,1997,No,0,6300000.0,Hamza Butt,2025-07-24 00:00:00,2,4.2,Excellent,urgent,746
P101888,Faisalabad,Apartment,1669.0,3.0,3.0,1998,Yes,1,4750000.0,Fatima Ahmed,2024-02-25 00:00:00,2,4.1,Good,,1889
P102340,Karachi,Villa,1131.0,2.0,1.0,2003,Yes,3,9450000.0,Hina Butt,,3,8.7,Average,,2341
P100513,Karachi,Apartment,648.0,1.0,1.0,1986,Yes,0,2500000.0,Ahmed Raza,2024-03-29 00:00:00,2,19.1,Excellent,follow up,514
P100081,Lahore,Villa,1269.0,3.0,3.0,1984,Yes,3,9900000.0,Hina Sheikh,2023-08-24 00:00:00,3,5.8,Good,owner waiting,82
P102247,Islamabad,Apartment,1446.0,1.0,1.0,2016,No,3,8500000.0,Saad Qureshi,2022-01-04 00:00:00,2,6.7,Good,,2248
P101308,Karachi,Townhouse,1743.0,3.0,2.0,2018,Yes,2,9600000.0,Danish Shah,2024-07-19 00:00:00,2,4.8,Excellent,,1309
P100914,Hyderabad,House,2431.0,5.0,5.0,1987,No,3,7350000.0,Ahmed Raza,2024-06-08 00:00:00,2,13.9,Good,call later,915
P102334,Lahore,House,1430.0,2.0,1.0,1994,No,1,8100000.0,Hina Shah,2022-12-16 00:00:00,2,0.9,Good,nan,2335
P101875,Multan,House,1658.0,2.0,2.0,1992,No,2,5000000.0,Ayesha Raza,2023-06-10 00:00:00,2,5.8,Good,follow up,1876
P100150,Multan,Townhouse,474.0,2.0,2.0,1980,No,1,1250000.0,Ahmed Raza,2022-02-13 00:00:00,1,7.7,Good,,151
P100774,Karachi,Apartment,2091.0,5.0,5.0,2010,No,2,9950000.0,Bilal Raza,2024-04-08 00:00:00,2,6.9,Excellent,owner waiting,775
P100329,Karachi,Apartment,1444.0,2.0,2.0,1994,No,2,5000000.0,Ahmed Shah,2024-05-13 00:00:00,1,6.7,Good,follow up,330
P100006,Rawalpindi,Townhouse,1473.0,3.0,3.0,2023,Yes,1,7650000.0,Usman Malik,2024-01-28 00:00:00,2,10.0,Good,follow up,7
P100943,Lahore,House,1795.0,2.0,1.0,2008,No,3,10250000.0,Maham Raza,2024-08-21 00:00:00,2,11.7,Average,call later,944
P101645,Lahore,House,1836.0,4.0,4.0,2017,No,1,9900000.0,Ahmed Butt,2024-01-21 00:00:00,2,32.2,Average,owner waiting,1646
P100734,Karachi,House,2643.0,4.0,3.0,1985,Yes,1,18350000.0,Saad Siddiqui,2023-03-02 00:00:00,2,1.5,Good,follow up,735
P100909,Karachi,House,1227.0,2.0,1.0,2015,No,2,"7,800,000",Ahmed Shah,2022-05-30 00:00:00,2,9.3,Excellent,nan,910
P100468,Karachi,Apartment,2632.0,5.0,4.0,2002,Yes,1,10250000.0,Hina Sheikh,2023-08-30 00:00:00,3,3.1,New,urgent,469
P100181,Faisalabad,Villa,1019.0,2.0,2.0,2011,No,3,4050000.0,Sara Qureshi,2022-07-19 00:00:00,4,1.8,Average,owner waiting,182
P100164,Islamabad,Apartment,525.0,1.0,1.0,2011,No,1,3650000.0,Hina Qureshi,2024-01-07 00:00:00,3,6.5,Excellent,nan,165
P100451,Faisalabad,Villa,1952,5.0,5.0,1992,No,2,0,Fatima Iqbal,2025-12-05 00:00:00,4,10.3,Average,VIP,452
P100490,Rawalpindi,Villa,2858.0,5.0,4.0,1990,No,0,17700000.0,Ayesha Ahmed,2022-06-04 00:00:00,1,3.2,Excellent,urgent,491
P101580,Faisalabad,House,2287.0,3.0,3.0,1984,No,0,6500000.0,Maham Khan,2025-01-28 00:00:00,2,5.6,New,owner waiting,1581
P101143,Multan,House,1605.0,3.0,3.0,1988,Yes,2,5250000.0,Usman Shah,2024-03-30 00:00:00,3,1.2,Good,urgent,1144
P101311,Peshawar,House,1588.0,2.0,2.0,1999,No,1,5250000.0,Ayesha Shah,2022-01-14 00:00:00,3,3.2,Good,nan,1312
P101752,Faisalabad,House,1467.0,2.0,2.0,1984,No,1,5300000.0,Zain Khan,2023-09-07 00:00:00,2,1.5,Excellent,follow up,1753
P101111,Lahore,House,400.0,1.0,1.0,1993,No,2,1850000.0,Saad Butt,2025-05-23 00:00:00,2,12.8,Good,follow up,1112
P102414,Lahore,House,1953.0,2.0,1.0,1980, yes ,1,10750000.0,Ahmed Ahmed,2025-07-15 00:00:00,4,4.9,Good,,2415
P102398,Karachi,Villa,1535.0,3.0,3.0,2011,Yes,2,"11,150,000",Bilal Butt,2025-08-08 00:00:00,2,4.2,Average,nan,2399
P101535,Lahore,House,662.0,2.0,2.0,2018,Yes,1,3843501.076464368,Hina Ahmed,,1,13.9,Good,nan,1536
P102252,Lahore,House,1796.0,4.0,3.0,1996,Yes,2,10850000.0,Fatima Raza,2023-05-19 00:00:00,1,10.6,Good,urgent,2253
P102226,Rawalpindi,Villa,1611.0,3.0,2.0,1989,No,1,10800000.0,Hina Shah,,1,19.3,Good,VIP,2227
P101564,Multan,House,1641.0,4.0,4.0,1984,No,1,4650000.0,Hamza Shah,2025-08-17 00:00:00,2,5.1,Good,nan,1565
P102180,Multan,Townhouse,1717.0,1.0,1.0,2006,Yes,2,6250000.0,Hina Butt,2025-05-12 00:00:00,3,8.0,New,owner waiting,2181
P102321,Karachi,House,2250.0,4.0,3.0,2007,Yes,2,9950000.0,Ahmed Sheikh,2023-06-22 00:00:00,2,9.3,Average,urgent,2322
P101849,Rawalpindi,Villa,2890.0,4.0,4.0,2013,Yes,2,20100000.0,Omar Khan,2023-11-23 00:00:00,2,6.3,Good,owner waiting,1850
P100327,Islamabad,House,745.0,3.0,3.0,1982,No,2,5450000.0,Sara Iqbal,2024-01-31 00:00:00,2,4.3,Excellent,urgent,328
P100442,Rawalpindi,Villa,708.0,2.0,1.0,1992,No,1,3700000.0,Ali Qureshi,2022-11-26 00:00:00,4,4.5,New,nan,443
P102401,Multan,House,,2.0,1.0,2011,Yes,1,4800000.0,Maham Malik,2023-06-05 00:00:00,1,5.3,Excellent,call later,2402
P101767,Karachi,Villa,1189.0,2.0,2.0,1999,Yes,2,10250000.0,Ayesha Siddiqui,2022-05-05 00:00:00,1,1.3,New,nan,1768
P100832,Lahore,House,,1.0,1.0,1989,No,1,1950000.0,Omar Shah,2022-09-01 00:00:00,2,5.0,Good,call later,833
P102330,Islamabad,Apartment,1726.0,3.0,3.0,2005,No,2,10450000.0,Maham Sheikh,2025-04-22 00:00:00,2,6.3,Excellent,follow up,2331
P101951,Karachi,Townhouse,1546.0,20.0,1.0,2015,No,1,7350000.0,Maham Qureshi,2024-12-19 00:00:00,3,2.2,Excellent,owner waiting,1952
P101352,Karachi,House,2262.0,4.0,3.0,2022,Yes,2,16450000.0,Fatima Qureshi,2024-02-18 00:00:00,4,5.5,Good,call later,1353
P100086,Rawalpindi,House,,4.0,4.0,1980,No,1,7850000.0,Usman Raza,2025-05-01 00:00:00,3,5.6,Excellent,call later,87
P102474,Lahore,Apartment,1737.0,4.0,4.0,1994,Yes,0,7850000.0,Ali Butt,2023-01-26 00:00:00,2,7.7,Excellent,urgent,2475
P100777,Karachi,Apartment,433.0,1.0,1.0,1997,No,1,1900000.0,Maham Khan,2022-05-12 00:00:00,1,22.5,Average,follow up,778
P101544,Lahore,apartment,1833.0,4.0,4.0,1994,Yes,2,8550000.0,Ahmed Butt,2025-04-06 00:00:00,1,17.6,Good,nan,1545
P100054,Rawalpindi,House,2049.0,4.0,3.0,1980,Yes,2,9900000.0,Zain Sheikh,2025-12-09 00:00:00,2,2.0,Good,call later,55
P101935,Karachi,Apartment,1861.0,4.0,4.0,1992,No,1,8150000.0,Bilal Ahmed,2025-05-01 00:00:00,1,10.2,Excellent,call later,1936
P101287,Lahore,House,2135.0,4.0,3.0,1980,No,2,9950000.0,Usman Raza,2023-01-08 00:00:00,1,7.3,Average,follow up,1288
P101741,Karachi,Villa,1609.0,3.0,2.0,1991,Yes,1,11200000.0,Sara Qureshi,2023-05-25 00:00:00,1,7.5,Excellent,,1742
P102115,Peshawar,House,2153.0,3.0,3.0,2012,No,2,6250000.0,Hamza Siddiqui,unknown,2,3.3,Excellent,owner waiting,2116
P101245,Karachi,Apartment,1514.0,2.0,1.0,2013,Yes,1,7650000.0,Ayesha Butt,2023-03-30 00:00:00,2,11.6,New,VIP,1246
P100113,Islamabad,Villa,1333.0,2.0,1.0,1998,,2,11900000.0,Ahmed Butt,2024-06-02 00:00:00,3,2.8,Excellent,,114
P102375,Karachi,Apartment,1766.0,2.0,2.0,2007,No,2,7550000.0,Usman Khan,2022-11-16 00:00:00,2,7.6,Good,urgent,2376
P100987,Karachi,Apartment,1513.0,2.0,2.0,2013,Yes,0,7000000.0,Hina Raza,2025-07-05 00:00:00,3,2.7,Good,nan,988
P101944,Multan,House,2388.0,4.0,4.0,2011,No,2,10200000.0,Ayesha Malik,2024-09-19 00:00:00,3,2.9,Good,call later,1945
P101622,Multan,Villa,2642.0,4.0,3.0,1987,Yes,2,13750000.0,Maham Khan,2024-06-12 00:00:00,1,12.6,Good,owner waiting,1623
P101009,Lahore,House,2283.0,4.0,4.0,2004,No,2,12600000.0,Danish Siddiqui,2025-07-29 00:00:00,2,7.9,Good,VIP,1010
P101198,Karachi,House,1119.0,2.0,2.0,2016,Yes,1,5700000.0,Ahmed Iqbal,2023-12-18 00:00:00,2,6.4,New,call later,1199
P100589,Karachi,Townhouse,1942.0,3.0,3.0,2014,No,3,7900000.0,Hina Raza,2024-03-29 00:00:00,3,2.7,Average,,590
P100768,Karachi,Townhouse,1150.0,2.0,2.0,2018,Yes,3,3700000.0,Ahmed Shah,2022-12-07 00:00:00,3,9.9,Good,,769
P100017,Karachi,House,2100.0,4.0,4.0,2012,Y,1,15750000.0,Sara Malik,2023-06-15 00:00:00,2,16.0,Good,urgent,18
P101042,Islamabad,Villa,2810.0,5.0,5.0,2022,Yes,1,33300000.0,Hamza Khan,2023-04-29 00:00:00,2,1.5,Excellent,,1043
P102076,Hyderabad,Villa,1673.0,4.0,4.0,2004,No,1,5300000.0,Maham Ahmed,2022-04-28 00:00:00,2,3.9,Good,,2077
P100285,Lahore,Apartment,1112.0,,2.0,2021,No,1,4900000.0,Ahmed Iqbal,2023-11-08 00:00:00,1,4.6,New,urgent,286
P100428,Karachi,House,1498.0,3.0,2.0,1999,No,2,8200000.0,Saad Iqbal,2025-07-12 00:00:00,1,23.5,Good,,429
P102399,Islamabad,Villa,1219.0,1.0,1.0,2011,No,0,11200000.0,Hassan Khan,2023-02-13 00:00:00,2,0.2,Good,urgent,2400
P101450,Multan,House,1856.0,4.0,4.0,2020,Yes,2,7450000.0,Hamza Iqbal,2023-07-22 00:00:00,2,8.6,Average,follow up,1451
P100669,Lahore,Apartment,,4.0,4.0,1992,Yes,0,9500000.0,Hamza Qureshi,2024-02-23 00:00:00,2,28.1,Excellent,nan,670
P100031,Hyderabad,Apartment,1196.0,3.0,3.0,1992,No,4,3050000.0,Ahmed Raza,2024-02-12 00:00:00,3,13.0,Good,,32
P101341,Multan,Apartment,2665.0,4.0,4.0,2024,No,0,7600000.0,  Zain Siddiqui  ,2023-02-19 00:00:00,2,5.9,Excellent,VIP,1342
P100722,Karachi,Villa,2572.0,5.0,5.0,2006,No,3,21400000.0,  Ali Iqbal  ,2023-10-04 00:00:00,1,2.2,Excellent,VIP,723
P100951,Karachi,Apartment,979.0,1.0,1.0,1985,Yes,3,4750000.0,Bilal Khan,2022-06-05 00:00:00,2,11.9,Excellent,follow up,952
P102096,Karachi,House,486.0,1.0,1.0,2022,yes,3,2950000.0,  Zain Qureshi  ,2024-10-29 00:00:00,2,15.3,Good,nan,2097
P100214,Rawalpindi,Villa,1699.0,3.0,3.0,2006,Yes,0,8650000.0,Maham Ahmed,2024-01-27 00:00:00,4,9.3,Good,call later,215
P101846,Lahore,Villa,400.0,1.0,1.0,1980,Yes,0,2700000.0,Ahmed Qureshi,2024-12-10 00:00:00,2,9.2,Excellent,VIP,1847
P101164,Karachi,House,826.0,2.0,2.0,2009,Yes,3,"200,000,000",Hamza Khan,2022-02-21 00:00:00,4,1.9,Good,call later,1165
P100326,Multan,Apartment,1547.0,3.0,2.0,2014,No,2,5250000.0,Danish Khan,2025-11-19 00:00:00,4,13.1,New,,327
P100560,Karachi,Apartment,2014.0,4.0,4.0,1988,Yes,3,10650000.0,Ayesha Ahmed,2023-12-21 00:00:00,2,5.0,Average,,561
P101383,Hyderabad,Apartment,,3.0,3.0,2020,No,2,3350000.0,Zain Qureshi,2023-01-09 00:00:00,3,16.6,Excellent,call later,1384
P101086,Rawalpindi,House,2494.0,5.0,5.0,1998,No,2,10900000.0,Hamza Khan,2025-05-27 00:00:00,2,7.4,Good,call later,1087
P101889,Lahore,Apartment,2849.0,4.0,4.0,2003,No,1,10800000.0,Omar Iqbal,2024-08-04 00:00:00,1,2.8,Average,follow up,1890
P100341,Peshawar,House,2302.0,3.0,3.0,2006,No,2,8950000.0,Omar Qureshi,2023-05-02 00:00:00,3,10.3,New,,342
P100147,Islamabad,Villa,1622.0,,2.0,2000,No,1,17950000.0,Saad Sheikh,2025-01-03 00:00:00,1,5.9,Good,urgent,148
P101064,Lahore,Townhouse,400.0,1.0,,2018,No,2,2200000.0,Hina Siddiqui,2025-09-06 00:00:00,2,4.6,Excellent,follow up,2503
P102020,Islamabad,House,751.0,1.0,1.0,2023,Yes,1,5650000.0,Ali Khan,2022-10-05 00:00:00,3,4.5,Excellent,urgent,2021
P101107,Lahore,House,1595.0,3.0,2.0,2008,,1,7200000.0,Sara Ahmed,2024-10-19 00:00:00,3,2.7,Good,VIP,1108
P100848,Karachi,Villa,1347.0,1.0,1.0,2017,Yes,2,11950000.0,Hamza Raza,2024-01-03 00:00:00,2,7.2,Excellent,urgent,849
P100966,Peshawar,Apartment,2176.0,5.0,5.0,2000,Yes,0,6950000.0,Saad Qureshi,2022-03-19 00:00:00,3,6.7,Excellent,nan,967
P101072,Lahore,House,2152.0,4.0,4.0,2011,No,1,9350000.0,Sara Iqbal,2023-05-04 00:00:00,2,10.9,Needs Renovation,follow up,1073
P100155,Rawalpindi,Townhouse,2359.0,5.0,5.0,2008,Yes,2,"12,350,000",Usman Qureshi,2024-03-23 00:00:00,3,5.1,Good,VIP,156
P101718,Islamabad,Townhouse,,4.0,4.0,2017,Yes,3,9950000.0,Sara Butt,2025-12-25 00:00:00,2,6.4,Good,VIP,1719
P101656,Karachi,Townhouse,2617,6.0,6.0,1986,Yes,2,12150000.0,Ayesha Sheikh,2022-01-10 00:00:00,2,4.8,Excellent,,1657
P101002,Karachi,House,1465.0,3.0,2.0,2024,Yes,2,10850000.0,Hamza Khan,2024-04-07 00:00:00,3,6.1,Good,owner waiting,1003
P101904,Islamabad,Apartment,2698.0,4.0,3.0,1993,Yes,1,21650000.0,N/A,2024-04-26 00:00:00,2,14.8,Good,call later,1905
P102122,Karachi,Apartment,1121.0,2.0,1.0,1987,Yes,2,5050000.0,  Danish Siddiqui  ,2025-06-20 00:00:00,3,3.6,New,nan,2123
P101908,Multan,Villa,1280.0,2.0,2.0,1996,No,0,4950000.0,Fatima Qureshi,2023-12-23 00:00:00,3,5.3,Needs Renovation,follow up,1909
P102241,Karachi,Residential House,,3.0,3.0,1999,Yes,2,11600000.0,Maham Qureshi,2023-12-07 00:00:00,1,7.7,New,VIP,2242
P102386,Hyderabad,House,1974.0,3.0,3.0,1998,Yes,1,8050000.0,Bilal Butt,2025-01-23 00:00:00,2,6.8,Excellent,owner waiting,2387
P101203,RAWALPINDI,Apartment,1935.0,3.0,3.0,1997,No,1,7300000.0,Ali Raza,2024-08-24 00:00:00,1,8.3,Good,nan,1204
P102011,Karachi,Apartment,1017.0,2.0,1.0,2024,No,1,4700000.0,Hassan Khan,2022-03-16 00:00:00,1,3.9,New,,2523
P102379,Rawalpindi,House,2604.0,6.0,6.0,2014,No,0,12650000.0,Saad Raza,2024-10-18 00:00:00,4,1.4,Good,follow up,2380
P101978,Rawalpindi,Villa,2772.0,4.0,4.0,1988,No,1,15050000.0,Ayesha Malik,2025-01-18 00:00:00,3,6.1,Good,call later,1979
P102282,Lahore,Townhouse,1844.0,3.0,3.0,2015,False,2,10600000.0,Hassan Raza,2023-05-30 00:00:00,1,4.9,New,urgent,2283
P101844,Karachi,Apartment,792.0,1.0,1.0,1984,No,3,3350000.0,Ayesha Siddiqui,2025-06-25 00:00:00,2,16.9,Good,owner waiting,1845
P102490,Peshawar,House,2121.0,3.0,2.0,2023,Yes,2,"9,650,000",nan,2024-10-02 00:00:00,2,10.0,Good,,2491
P102274,Faisalabad,House,1788.0,4.0,,2011,No,2,5266755.8185092155,Usman Sheikh,2024-02-19 00:00:00,2,8.5,Needs Renovation,call later,2275
P100938,FAISALABAD,House,1525.0,1.0,1.0,1998,Yes,1,"5,400,000",Maham Siddiqui,2023-02-26 00:00:00,2,6.6,Good,urgent,939
P102276,Islamabad,House,2253.0,2.0,1.0,2019,Yes,2,18700000.0,Sara Butt,2022-10-26 00:00:00,1,13.2,Good,owner waiting,2277
P100346,Peshawar,House,1952,5.0,5.0,2006,Yes,2,8350000.0,Ayesha Malik,2024-05-20 00:00:00,2,8.6,Excellent,owner waiting,347
P102114,Karachi,House,1722.0,,3.0,1981,No,3,8650000.0,Not Available,2025-10-20 00:00:00,2,12.5,Good,nan,2115
P102480,Lahore,Townhouse,2136.0,4.0,3.0,2007,Yes,1,12400000.0,Usman Shah,2022-04-13 00:00:00,2,3.9,Excellent,call later,2510
P101465,Rawalpindi,House,1060.0,3.0,3.0,1987,Yes,2,4700000.0,Hina Shah,2024-03-14 00:00:00,2,5.7,Good,call later,1466
P100385,Hyderabad,House,,3.0,2.0,2008,Yes,3,3750000.0,Saad Iqbal,2024-09-07 00:00:00,2,11.9,Good,VIP,386
P102140,Faisalabad,House,1761.0,3.0,2.0,1985,Yes,2,5550000.0,Hina Raza,2025-02-18 00:00:00,2,4.0,Good,follow up,2141
P101689,Lahore,Apartment,1459.0,1.0,1.0,1986,Yes,1,6900000.0,Sara Butt,,2,5.3,New,,1690
P101689,Lahore,Apartment,1459.0,1.0,1.0,1986,Yes,1,6900000.0,Sara Butt,,2,5.3,New,,1690
P100243,Islamabad,Villa,1487.0,3.0,2.0,2018,Yes,1,11650000.0,Maham Siddiqui,2025-03-28 00:00:00,3,1.5,Good,call later,244
P101666,Faisalabad,House,1674.0,3.0,3.0,1989,No,2,6800000.0,Saad Sheikh,2025-12-19 00:00:00,1,21.6,Average,,1667
P100936,Peshawar,House,1431.0,3.0,3.0,2021,No,1,4600000.0,Sara Sheikh,2022-12-26 00:00:00,2,4.0,Good,call later,937
P102177,Multan,House,3397.0,6.0,6.0,2019,Yes,1,13000000.0,Danish Butt,2024-03-10 00:00:00,3,8.9,Good,VIP,2178
P100312,Karachi,Apartment,2032.0,3.0,3.0,1993,Yes,2,"10,850,000",Hina Raza,2025-11-13 00:00:00,1,16.4,Good,follow up,313
P102473,Lahore,Villa,400.0,1.0,1.0,2019,Yes,2,3300000.0,Maham Ahmed,2023-12-05 00:00:00,4,10.0,Good,follow up,2474
P101933,Multan,House,1732.0,2.0,1.0,2018,No,3,6050000.0,Saad Malik,2025-02-07 00:00:00,2,8.9,Needs Renovation,urgent,1934
P101332,Islamabad,House,2489,4.0,4.0,1981,No,2,18750000.0,Ali Sheikh,2024-01-23 00:00:00,3,7.3,Excellent,owner waiting,1333
P100968,Islamabad,House,,5.0,4.0,1986,Yes,1,17150000.0,Fatima Shah,2024-12-13 00:00:00,2,13.9,Excellent,VIP,969
P100660,Karachi,Townhouse,912.0,3.0,3.0,1989,Yes,0,4200000.0,,2022-10-14 00:00:00,1,9.4,Good,urgent,661
P100935,Karachi,Apartment,2201.0,4.0,4.0,2024,Yes,1,10000000.0,Sara Butt,2023-12-03 00:00:00,3,3.9,Average,call later,936
P100370,Rawalpindi,Apartment,1131.0,1.0,,1980,No,2,5150000.0,Omar Malik,2023-11-24 00:00:00,2,6.5,Good,follow up,371
P100566,Rawalpindi,House,1240.0,1.0,1.0,2018,,1,7350000.0,Fatima Shah,2025-01-07 00:00:00,2,12.7,Average,follow up,567
P102018,Islamabad,VILLA,918.0,1.0,1.0,2007,Yes,1,9500000.0,Sara Raza,2023-07-27 00:00:00,1,1.9,Good,nan,2019
P100824,multan,Apartment,1713.0,3.0,2.0,2004,Yes,1,4300000.0,Sara Qureshi,2024-01-07 00:00:00,3,5.1,New,,825
P100982,Rawalpindi,Villa,2484.0,4.0,4.0,1980,Yes,0,17900000.0,Hassan Butt,2023-03-20 00:00:00,3,7.5,Good,owner waiting,983
P102040,Karachi,House,852.0,2.0,1.0,1992,No,1,4400000.0,Omar Qureshi,2025-10-16 00:00:00,1,10.7,Good,call later,2041
P101518,Karachi,House,876.0,3.0,2.0,2019,Yes,2,6500000.0,  Maham Qureshi  ,2024-11-27 00:00:00,2,2.4,Good,follow up,1519
P102179,Hyderabad,Villa,2672.0,5.0,4.0,1993,No,2,10600000.0,Saad Malik,2024-01-06 00:00:00,3,3.1,Excellent,,2180
P101761,Karachi,Villa,2059.0,4.0,4.0,2017,No,1,16300000.0,Bilal Sheikh,2022-12-02 00:00:00,1,2.9,Good,call later,1762
P100813,Islamabad,apartment,1525.0,3.0,3.0,1997,Yes,1,9450000.0,Bilal Shah,2024-10-14 00:00:00,3,13.0,Excellent,follow up,814
P101430,Peshawar,Apartment,759.0,2.0,2.0,1998,No,1,2250000.0,Omar Iqbal,2025-08-06 00:00:00,2,5.0,Good,,1431
P100778,Multan,House,1484.0,1.0,1.0,1981,No,3,4700000.0,Usman Khan,2023-02-13 00:00:00,2,7.4,Good,owner waiting,779
P101320,Lahore,Villa,1789.0,2.0,1.0,2009,No,1,14650000.0,Ahmed Malik,2023-01-21 00:00:00,3,12.9,Good,follow up,1321
P101569,Lahore,House,1405.0,2.0,2.0,1986,No,1,7400000.0,Ali Siddiqui,2023-01-16 00:00:00,3,2.3,New,owner waiting,1570
P101052,Karachi,House,1250.0,2.0,1.0,1985,Yes,2,7200000.0,Saad Ahmed,2023-01-26 00:00:00,3,8.3,Good,call later,1053
P101871,Lahore,House,2152.0,5.0,5.0,1993,No,2,12200000.0,Ali Ahmed,2023-12-24 00:00:00,2,5.0,Good,urgent,1872
P101013,Peshawar,Townhouse,50000.0,5.0,5.0,2004,No,2,13000000.0,Hamza Siddiqui,2023-08-01 00:00:00,2,6.0,Excellent,urgent,1014
P101401,Karachi,Villa,2066.0,4.0,4.0,1980,Yes,1,16650000.0,Hina Qureshi,2024-06-04 00:00:00,4,0.4,Good,VIP,1402
P101764,Karachi,Apartment,1021.0,2.0,,1991,No,1,4800000.0,Usman Raza,2022-06-13 00:00:00,2,12.9,Excellent,call later,1765
P102305,Lahore,Apartment,1833.0,3.0,3.0,2009,No,3,8300000.0,Usman Shah,2025-10-13 00:00:00,1,13.8,Good,owner waiting,2306
P102043,Peshawar,Apartment,1570.0,3.0,3.0,1984,Yes,2,5850000.0,Hina Shah,2025-02-13 00:00:00,2,8.6,Good,VIP,2044
P100126,Lahore,Apartment,666.0,1.0,1.0,1982,No,2,2950000.0,Zain Khan,2023-06-23 00:00:00,2,14.4,Good,VIP,127
P100887,Karachi,Townhouse,1383.0,3.0,2.0,1990,No,3,5000000.0,Hamza Qureshi,2022-06-22 00:00:00,1,13.9,Excellent,nan,888
P102071,Lahore,Villa,2811.0,5.0,5.0,2014,No,2,24550000.0,Ali Iqbal,2025-04-27 00:00:00,1,12.1,Needs Renovation,,2072
P101347,Lahore,Apartment,1680.0,4.0,4.0,2009,No,2,8450000.0,Ahmed Qureshi,2023-04-14 00:00:00,2,5.9,Excellent,nan,1348
P101007,Lahore,Villa,1939.0,4.0,3.0,2017,Yes,1,13500000.0,Ali Butt,2025-03-26 00:00:00,3,8.1,Excellent,,1008
P100355,Islamabad,Townhouse,1293.0,3.0,3.0,1992,No,1,9400000.0,Ayesha Sheikh,2024-01-30 00:00:00,3,8.6,Excellent,nan,356
P101003,Karachi,Apartment,1667.0,4.0,4.0,1982,Yes,0,8550000.0,Ali Ahmed,2023-02-28 00:00:00,3,6.3,Needs Renovation,nan,1004
P100682,Karachi,Apartment,3318.0,5.0,5.0,2016,Yes,2,19200000.0,Ahmed Shah,2022-09-16 00:00:00,4,5.5,Average,urgent,683
P100827, Karachi ,Villa,2358.0,4.0,3.0,1983,No,1,16900000.0,Zain Malik,2024-05-06 00:00:00,3,9.5,Average,,828
P101539,Lahore,Villa,2929.0,5.0,5.0,2000,Yes,2,21200000.0,Zain Butt,2024-02-27 00:00:00,4,5.3,Excellent,VIP,1540
P100984,Karachi,Apartment,2014.0,3.0,3.0,1986,Yes,2,12250000.0,Usman Qureshi,2023-03-02 00:00:00,1,2.2,Good,owner waiting,985
P101233,Rawalpindi,Apartment,1795.0,3.0,3.0,1988,No,1,6700000.0,  Hina Ahmed  ,2023-12-30 00:00:00,2,5.1,Average,call later,1234
P102151,Karachi,Villa,1583.0,3.0,3.0,1994,Yes,1,11200000.0,Ayesha Qureshi,2024-12-05 00:00:00,3,13.5,New,call later,2152
P100140,Lahore,Apartment,2274.0,3.0,2.0,2023,No,1,9850000.0,Hassan Ahmed,2025-02-11 00:00:00,3,20.5,Excellent,owner waiting,141
P100217,Karachi,Townhouse,2399.0,4.0,3.0,1993,No,0,13600000.0,Hamza Raza,2023-06-12 00:00:00,1,12.2,Excellent,follow up,218
P102078,Lahore,Apartment,2104.0,4.0,3.0,2002,Yes,4,11450000.0,Maham Ahmed,2024-11-04 00:00:00,2,13.0,Average,owner waiting,2079
P101708,Faisalabad,House,1885.0,3.0,2.0,2018,Yes,2,6250000.0,Ali Iqbal,2023-10-06 00:00:00,2,3.0,Average,urgent,1709
P102250,Islamabad,House,1350,4.0,4.0,1996,No,1,11500000.0,Ali Raza,2024-07-29 00:00:00,2,7.0,Average,nan,2251
P101755,Islamabad,House,1750.0,2.0,1.0,2024,Yes,1,14550000.0,Saad Butt,2025-04-20 00:00:00,2,6.1,Average,urgent,1756
P102227,Karachi,House,1972.0,4.0,4.0,2024,Yes,0,13650000.0,Hina Khan,2022-08-07 00:00:00,4,4.0,Good,nan,2228
P100022,Hyderabad,House,1746.0,4.0,4.0,1994,No,2,4150000.0,Hassan Malik,2022-02-23 00:00:00,3,7.8,New,,23
P100711,Rawalpindi,Apartment,1743.0,4.0,4.0,1989,Yes,1,5450000.0,Hamza Malik,2022-12-13 00:00:00,1,6.1,Good,follow up,712
P101157,Karachi,House,1503.0,3.0,3.0,1992,Yes,3,10300000.0,Sara Sheikh,2024-09-21 00:00:00,1,11.9,Excellent,VIP,1158
P102109,Karachi,Townhouse,1269.0,3.0,3.0,2006,No,2,6900000.0,Fatima Qureshi,2023-12-09 00:00:00,2,2.8,Good,urgent,2110
P100871,Karachi,House,1952.0,3.0,3.0,2007,No,2,11400000.0,Maham Khan,2023-08-23 00:00:00,2,7.9,Excellent,VIP,872
P101508,Karachi,House,722.0,1.0,1.0,2020,No,3,3750000.0,Maham Butt,2025-12-16 00:00:00,3,16.9,Good,urgent,1509
P100010,Lahore,Apartment,2467.0,-3.0,4.0,2016,No,3,9000000.0,Omar Khan,2024-06-21 00:00:00,2,9.3,Average,owner waiting,11
P101797,Karachi,Apartment,1611.0,3.0,3.0,1996,No,1,6800000.0,Ali Sheikh,2025-03-13 00:00:00,2,11.7,Average,owner waiting,1798
P102390,islamabad,House,2007.0,2.0,2.0,2000,No,3,11900000.0,Zain Iqbal,2023-05-10 00:00:00,2,7.2,Good,nan,2391
P101750,Islamabad,house,1275.0,3.0,2.0,2022,No,2,9500000.0,Ali Sheikh,,1,3.2,Good,owner waiting,1751
P101315,Rawalpindi,House,1404.0,3.0,3.0,2015,Yes,2,8150000.0,Bilal Siddiqui,2023-10-13 00:00:00,2,8.2,Excellent,urgent,1316
P100754,Rawalpindi,House,2310.0,4.0,4.0,2013,Yes,1,14634823.248429904,Omar Butt,2025-08-24 00:00:00,2,9.7,Excellent,urgent,755
P100626,Multan,Apartment,1086.0,1.0,1.0,1999,Yes,2,"3,700,000",Hassan Malik,2025-11-20 00:00:00,2,5.1,New,VIP,627
P101783,Karachi,House,400.0,2.0,2.0,1990,Yes,1,2150000.0,Hina Malik,2022-11-04 00:00:00,2,7.1,Good,VIP,1784
P101511,Karachi,House,1654.0,3.0,2.0,1993,Yes,2,10200000.0,Ayesha Iqbal,2025-05-25 00:00:00,3,6.0,Good,urgent,1512
P100129,Islamabad,House,1170.0,2.0,2.0,1984,Yes,0,8350000.0,Omar Khan,2023-01-11 00:00:00,2,5.5,Excellent,urgent,130
P100843,Lahore,House,1711.0,2.0,1.0,1985,Yes,3,8550000.0,Ahmed Ahmed,2024-04-23 00:00:00,3,12.8,Excellent,nan,844
P100323,Islamabad,Townhouse,1092.0,1.0,1.0,1981,Yes,2,8050000.0,Sara Shah,2022-11-23 00:00:00,2,6.5,New,follow up,324
P101748,Lahore,House,1537.0,3.0,2.0,1985,Yes,2,9800000.0,Hassan Sheikh,2024-01-04 00:00:00,4,6.8,Needs Renovation,follow up,1749
P102376,Faisalabad,House,1501.0,4.0,3.0,1985,Yes,1,"5,350,000",Fatima Butt,2023-05-23 00:00:00,2,4.8,Excellent,,2377
P101284,PESHAWAR,Apartment,1390.0,3.0,2.0,2022,No,2,4200000.0,  Ayesha Sheikh  ,2023-01-02 00:00:00,2,4.7,New,VIP,1285
P102455,Islamabad,House,1598.0,3.0,3.0,2002,No,1,12150000.0,Zain Iqbal,2024-04-26 00:00:00,2,10.8,Excellent,VIP,2456
P100014,Lahore,House,1158.0,2.0,2.0,2003,Yes,1,6900000.0,nan,2023-03-07 00:00:00,2,1.9,Average,urgent,15
P100947,Faisalabad,Villa,2327.0,4.0,4.0,2012,Yes,3,0.0,Omar Iqbal,2022-06-19 00:00:00,3,1.8,Average,,948
P100215,Rawalpindi,House,2031.0,4.0,4.0,1990,Yes,1,10550000.0,Sara Ahmed,2023-05-27 00:00:00,2,5.7,Average,VIP,216
P101677,Lahore,Townhouse,2108.0,5.0,5.0,1998,No,2,10600000.0,Fatima Sheikh,2022-05-11 00:00:00,3,7.1,Good,follow up,1678
P101997,Lahore,Apartment,1131.0,2.0,2.0,2021,No,1,4600000.0,Ali Sheikh,2023-04-04 00:00:00,2,6.9,Good,owner waiting,1998
P101182,Karachi,House,1134.0,3.0,3.0,2013,No,2,7450000.0,Fatima Butt,2023-12-08 00:00:00,2,3.2,New,,1183
P102288,,House,1809.0,4.0,3.0,2018,Yes,2,11200000.0,Ahmed Ahmed,2024-07-31 00:00:00,3,2.4,Good,VIP,2289
P101612,multan,Villa,1427.0,1.0,1.0,2020,No,3,6050000.0,Hina Raza,2022-08-24 00:00:00,2,20.4,New,VIP,1613
P100864,Karachi,house,2125.0,5.0,5.0,1998,No,1,9450000.0,Ahmed Iqbal,2023-09-02 00:00:00,2,6.4,Good,call later,865
P100516, Lahore ,TOWNHOUSE,2103.0,3.0,2.0,2004,No,1,9600000.0,Danish Iqbal,2023-08-30 00:00:00,2,0.8,Average,call later,517
P100597,Islamabad,House,1127.0,3.0,2.0,2002,Yes,1,10400000.0,Fatima Malik,2024-03-15 00:00:00,2,5.1,Good,call later,598
P100195,Karachi,House,2505.0,5.0,5.0,1991,Yes,2,16900000.0,Hamza Ahmed,2022-10-07 00:00:00,2,8.1,Average,nan,196
P101277,Karachi,House,620.0,1.0,1.0,2014,Yes,3,3900000.0,Ayesha Khan,2025-12-01 00:00:00,1,4.3,Excellent,VIP,1278
P100288,,Townhouse,985.0,1.0,1.0,1985,,1,6750000.0,Omar Ahmed,2023-03-23 00:00:00,1,4.5,Average,nan,289
P100950,islamabad,Apartment,1350.0,3.0,3.0,1982,No,1,9300000.0,Hassan Qureshi,2024-08-11 00:00:00,3,6.4,Average,VIP,951
P102384,Karachi,Villa,1427.0,3.0,3.0,2011,No,1,8850000.0,Hassan Iqbal,2025-12-31 00:00:00,1,11.5,Average,VIP,2385
P101882,Lahore,House,1448.0,3.0,3.0,1993,Yes,1,6750000.0,Ahmed Qureshi,2023-06-08 00:00:00,4,2.9,Average,VIP,1883
P102415,Karachi,Villa,1143.0,2.0,2.0,2016,No,1,8400000.0,Hassan Qureshi,2025-08-14 00:00:00,2,5.6,New,VIP,2416
P101120,Islamabad,Apartment,801.0,2.0,2.0,1993,No,1,4450000.0,Ali Raza,2024-06-14 00:00:00,2,3.6,Good,urgent,1121
P101623,Karachi,House,3520.0,6.0,5.0,2003,No,1,16850000.0,Usman Qureshi,2025-06-11 00:00:00,2,11.2,New,follow up,1624
P100549,Lahore,House,2354.0,3.0,2.0,1994,Yes,1,14000000.0,Ali Malik,2025-01-27 00:00:00,2,10.5,Average,,550
P100156,Karachi,House,744.0,2.0,1.0,1989,Yes,2,3600000.0,Ahmed Iqbal,2024-06-27 00:00:00,2,1.3,Average,,157
P100419,Peshawar,Apartment,2103.0,5.0,5.0,1992,Yes,3,7200000.0,Ahmed Qureshi,2023-02-22 00:00:00,3,8.4,Needs Renovation,follow up,420
P100922,Islamabad,Apartment,794.0,1.0,1.0,2022,Yes,3,4200000.0,Zain Malik,2022-06-06 00:00:00,2,11.5,Good,call later,923
P101694,Rawalpindi,House,954.0,2.0,2.0,1981,No,0,5500000.0,Maham Sheikh,2024-02-14 00:00:00,3,14.0,Average,call later,1695
P100477,Islamabad,Apartment,442.0,1.0,1.0,2011,Yes,3,3300000.0,Fatima Khan,2023-03-20 00:00:00,2,6.6,Good,follow up,478
P101658,Lahore,Apartment,958.0,3.0,3.0,1989,Yes,3,4500000.0,Saad Ahmed,2022-04-14 00:00:00,2,4.2,Excellent,call later,1659
P101702,Lahore,House,1410.0,2.0,2.0,2011,No,2,7000000.0,Ali Sheikh,2022-12-03 00:00:00,2,0.5,Good,nan,1703
P101523,Rawalpindi,Townhouse,1716.0,2.0,2.0,2010,N,2,7750000.0,Hassan Khan,2024-11-20 00:00:00,3,4.2,New,urgent,1524
P101471,Karachi,House,1949.0,4.0,4.0,2015,No,1,12650000.0,Zain Khan,2025-03-05 00:00:00,4,7.4,Excellent,follow up,1472
P100553,Peshawar,Villa,994.0,2.0,2.0,2020,No,2,5050000.0,Sara Ahmed,2023-05-17 00:00:00,3,1.8,New,,554
P101202,Multan,Apartment,400.0,1.0,1.0,2009,No,2,1200000.0,Sara Khan,2022-10-12 00:00:00,1,2.9,Good,VIP,1203
P100390,Islamabad,House,1210.0,2.0,2.0,1989,No,1,8450000.0,Zain Ahmed,2025-07-20 00:00:00,3,8.2,Excellent,urgent,391
P100578,Faisalabad,Apartment,2528.0,5.0,4.0,1980,Yes,3,6800000.0,Zain Shah,2022-01-23 00:00:00,2,8.7,Good,,579
P102346,Faisalabad,House,1774.0,2.0,1.0,2003,No,3,5600000.0,Omar Butt,2023-08-19 00:00:00,3,16.9,Excellent,call later,2347
P102304,Lahore,Villa,,4.0,3.0,1993,No,1,11700000.0,Hamza Butt,2025-01-14 00:00:00,1,7.5,Good,owner waiting,2305
P102298,Karachi,Villa,1630.0,3.0,2.0,1989,Yes,2,13650000.0,Danish Malik,2023-06-29 00:00:00,4,2.1,Good,follow up,2299
P100820,Karachi,House,499.0,1.0,1.0,2017,,3,2950000.0,Ali Raza,2025-01-20 00:00:00,2,9.0,Average,nan,821
P102425,Rawalpindi,HOUSE,1671.0,3.0,3.0,1984,No,0,6500000.0,  Hamza Qureshi  ,2024-02-01 00:00:00,2,12.4,Excellent,VIP,2426
P101006,Peshawar,Apartment,2710.0,5.0,5.0,2002,No,2,8900000.0,Ahmed Ahmed,2025-02-17 00:00:00,4,12.5,Average,nan,1007
P101248,Faisalabad,House,2019.0,3.0,2.0,2010,,0,5700000.0,Zain Khan,2025-05-04 00:00:00,2,1.7,Needs Renovation,VIP,1249
P101688,Islamabad,House,1043.0,3.0,2.0,2001,N,3,7450000.0,Hamza Ahmed,2022-07-07 00:00:00,1,7.7,Good,nan,1689
P100664,Lahore,Apartment,917.0,1.0,1.0,1992,No,3,3700000.0,Ali Iqbal,2024-10-12 00:00:00,4,12.5,Good,owner waiting,665
P102246,Karachi,House,2036.0,4.0,3.0,1984,No,4,9400000.0,Zain Raza,2025-04-20 00:00:00,3,19.3,Good,call later,2247
P100142,Peshawar,Apartment,2411.0,5.0,4.0,2023,Yes,2,7500000.0,Hina Raza,2022-11-17 00:00:00,3,1.7,Good,VIP,143
P102206,Rawalpindi,House,1643.0,,3.0,1992,,3,7700000.0,Fatima Malik,2022-03-26 00:00:00,2,13.6,Good,owner waiting,2207
P101883,Rawalpindi, Apartment ,1505.0,4.0,3.0,2023,Yes,2,5500000.0,Hamza Shah,2023-07-09 00:00:00,2,14.7,Excellent,call later,1884
P100421,Karachi,House,1202.0,3.0,2.0,1982,No,1,8050000.0,Sara Siddiqui,2022-10-29 00:00:00,3,11.3,Excellent,,422
P100799,Rawalpindi,House,1851.0,3.0,3.0,2007,No,2,9650000.0,Usman Raza,2025-09-06 00:00:00,3,4.4,New,owner waiting,800
P100615,Rawalpindi,Apartment,2209.0,4.0,4.0,2008,No,2,7600000.0,Saad Sheikh,2025-05-10 00:00:00,1,3.4,Excellent,owner waiting,616
P101318, Rawalpindi ,Apartment,2060.0,4.0,4.0,2006,No,3,8500000.0,Fatima Shah,2024-02-02 00:00:00,2,5.1,Good,owner waiting,1319
P100295,Peshawar,Apartment,3039.0,6.0,5.0,1998,No,1,9650000.0,Danish Siddiqui,2022-11-17 00:00:00,3,12.2,Good,nan,296
P100401,Peshawar,Townhouse,708.0,1.0,1.0,1981,Yes,0,2150000.0,Bilal Siddiqui,2022-05-11 00:00:00,2,8.8,Average,,402
P100088,Karachi,Apartment,979.0,2.0,1.0,1987,No,2,4700000.0,Sara Sheikh,2024-10-30 00:00:00,2,4.8,Good,nan,89
P102365,Rawalpindi,House,971.0,1.0,1.0,1991,No,1,3750000.0,Ali Khan,2023-03-30 00:00:00,1,4.6,Good,owner waiting,2366
P102494,Faisalabad,Apartment,1131.0,2.0,2.0,1989,No,2,3300000.0,Hassan Shah,2024-07-11 00:00:00,3,23.0,Excellent,follow up,2495
P100131,Peshawar,Apartment,2208.0,5.0,5.0,2009,Yes,2,8950000.0,Maham Butt,2024-06-12 00:00:00,1,7.0,Excellent,follow up,132
P101624,Lahore,Townhouse,2193.0,3.0,2.0,1999,Yes,0,10500000.0,Zain Malik,2025-05-09 00:00:00,2,3.2,Average,owner waiting,1625
P101613,Lahore,Apartment,988.0,1.0,1.0,1990,No,3,4600000.0,Bilal Malik,2022-12-22 00:00:00,1,5.9,Average,call later,1614
P102406,Islamabad,Villa,2054.0,4.0,4.0,2015,No,2,21800000.0,Maham Sheikh,2025-10-23 00:00:00,2,8.1,Average,nan,2407
P101402,hyderabad,Apartment,3372.0,6.0,6.0,2006,Yes,1,9900000.0,Zain Iqbal,2025-08-21 00:00:00,2,2.3,Good,follow up,1403
P102118,Karachi,House,1021.0,3.0,3.0,1994,Yes,2,6150000.0,Maham Siddiqui,2025-03-24 00:00:00,2,18.1,New,owner waiting,2119
P102325,Hyderabad,House,1359.0,,3.0,2019,No,2,4650000.0,Sara Siddiqui,2025-06-28 00:00:00,2,0.8,Good,VIP,2326
P101188,Karachi,Apartment,2168.0,4.0,4.0,2022,No,1,9100000.0,Sara Malik,2023-08-19 00:00:00,2,4.7,Good,,1189
P100724,Karachi,house,1946,4.0,4.0,2016,No,2,11800000.0,Omar Butt,2025-02-24 00:00:00,3,3.8,Excellent,urgent,725
P101314,Karachi,House,1556.0,3.0,2.0,2024,Yes,3,150000000.0,Danish Ahmed,2023-06-08 00:00:00,2,2.0,Excellent,call later,1315
P101914,Karachi,House,1230.0,1.0,1.0,2024,Yes,1,7050000.0,N/A,2024-01-12 00:00:00,2,3.7,New,VIP,1915
P100269,Karachi,Townhouse,1701.0,3.0,3.0,2018,No,1,10950000.0,Usman Shah,2023-01-15 00:00:00,4,5.1,Excellent,follow up,270
P101837, Lahore ,House,1416.0,2.0,2.0,2015,Yes,1,9300000.0,Hina Raza,2022-05-18 00:00:00,2,7.0,Excellent,,1838
P102097,Lahore,House,2064.0,3.0,3.0,2007,yes,2,10800000.0,Sara Khan,2024-11-16 00:00:00,2,5.6,New,nan,2098
P101372,Lahore,House,2167.0,4.0,4.0,2016,Yes,3,11300000.0,Usman Iqbal,2025-07-21 00:00:00,2,21.3,Excellent,owner waiting,1373
P100917,Karachi,Villa,3177.0,6.0,5.0,2009,Yes,0,28000000.0,Zain Butt,2025-05-23 00:00:00,2,0.9,Good,,918
P102329,Lahore,Townhouse,1249.0,2.0,2.0,1999,Yes,1,6800000.0,Hassan Raza,2023-04-16 00:00:00,2,6.7,Good,urgent,2330
P101319,Faisalabad,Villa,1213.0,3.0,3.0,2008,No,1,4550000.0,Hina Butt,2022-05-06 00:00:00,1,5.5,Average,owner waiting,1320
P100509,Karachi,Villa,1095.0,1.0,1.0,1991,Yes,2,8800000.0,Saad Khan,2023-07-26 00:00:00,2,5.0,Average,VIP,2530
P101932,Multan,Villa,1400.0,2.0,2.0,2024,Yes,4,8400000.0,Hamza Khan,2025-10-13 00:00:00,3,11.7,Needs Renovation,nan,1933
P100587,Lahore,Apartment,2224.0,4.0,3.0,2020,No,1,10800000.0,Bilal Khan,2022-12-13 00:00:00,2,5.8,Needs Renovation,nan,588
P101644,Karachi,Apartment,2095.0,4.0,3.0,2006,No,3,11600000.0,  Hamza Sheikh  ,2022-11-04 00:00:00,3,11.3,Average,,1645
P100891,,Apartment,2482.0,5.0,4.0,2005,No,1,7050000.0,  Ahmed Shah  ,2025-05-12 00:00:00,2,9.5,Good,,2526
P100375,Karachi,House,2210.0,4.0,4.0,2008,No,4,9300000.0,Ayesha Qureshi,2023-08-20 00:00:00,3,3.2,Good,nan,376
P100333,Faisalabad,Villa,1343.0,3.0,3.0,2001,No,1,6300000.0,nan,2024-03-09 00:00:00,3,1.9,Average,call later,334
P101848,Lahore,apartment,1561.0,2.0,2.0,1987,No,1,6350000.0,Omar Malik,2025-06-22 00:00:00,3,3.8,New,owner waiting,1849
P102382,Karachi,Apartment,2469.0,2.0,2.0,1981,Yes,2,11200000.0,Bilal Ahmed,2023-12-06 00:00:00,2,14.0,Good,nan,2383
P101118,Karachi,House,2749.0,6.0,6.0,1982,Yes,1,16100000.0,  Hassan Siddiqui  ,2023-02-04 00:00:00,1,7.0,Average,urgent,1119
P101442,Karachi, House ,1536.0,,2.0,1993,Yes,1,9300000.0,Usman Iqbal,2025-03-28 00:00:00,2,5.8,Excellent,,1443
P101600,Peshawar,House,1539.0,2.0,2.0,1986,No,1,6400000.0,Ayesha Ahmed,2025-02-06 00:00:00,2,15.2,Good,call later,1601
P100910,Rawalpindi,Apartment,,5.0,4.0,2013,No,2,11600000.0,Hassan Siddiqui,2023-06-01 00:00:00,2,12.2,Average,owner waiting,911
P100776,Islamabad,Apartment,1588.0,2.0,2.0,1990,Yes,2,11850000.0,  Hassan Khan  ,2022-10-02 00:00:00,2,6.5,Good,follow up,777
P101800,Islamabad,Apartment,2852.0,6.0,5.0,1996,No,4,16300000.0,Hassan Sheikh,2023-11-30 00:00:00,2,10.5,Excellent,,1801
P100328,Islamabad,Villa,1050.0,1.0,1.0,2019,Yes,1,13350000.0,Ali Qureshi,2024-02-25 00:00:00,1,16.4,Excellent,owner waiting,329
P101342,Lahore,Apartment,,,3.0,1993,Yes,3,8200000.0,Zain Butt,2024-09-22 00:00:00,2,13.1,Excellent,urgent,1343
P100320,Peshawar,House,1557.0,,3.0,1990,No,1,6200000.0,Saad Khan,2024-06-23 00:00:00,3,4.2,Needs Renovation,nan,321
P102454,,House,2982.0,5.0,5.0,1985,No,2,22800000.0,Fatima Butt,2023-06-21 00:00:00,2,6.6,Needs Renovation,call later,2455
P100012,Islamabad,House,746.0,,1.0,1997,No,2,4550000.0,Bilal Shah,2023-06-13 00:00:00,2,7.1,Good,VIP,13
P100897,Karachi,House,1776.0,3.0,2.0,1993,Yes,2,8850000.0,Maham Iqbal,2023-10-23 00:00:00,2,9.2,Good,nan,898
P100171,Lahore,House,1972.0,4.0,3.0,2013,No,3,10750000.0,  Maham Khan  ,2024-02-26 00:00:00,3,10.0,Good,nan,172
P100260,Karachi,Apartment,2005.0,4.0,4.0,1987,Yes,2,9807317.2850559,Ayesha Shah,2024-04-21 00:00:00,2,6.3,Average,nan,261
P102413,Islamabad,Townhouse,1574.0,2.0,2.0,1991,Yes,1,11350000.0,Hina Khan,2025-07-18 00:00:00,3,8.8,Average,follow up,2414
P100689,Islamabad,House,1619.0,3.0,3.0,1991,Yes,1,11650000.0,Ali Siddiqui,2024-12-19 00:00:00,1,10.1,Good,follow up,690
P100901,Karachi,Villa,1519,3.0,3.0,2006,YES,2,12950000.0,Ahmed Raza,2022-08-12 00:00:00,3,4.4,Good,,902
P100258,Karachi,Apartment,2000.0,4.0,4.0,2019,No,2,8150000.0,Ahmed Sheikh,2025-12-14 00:00:00,1,9.6,Average,nan,259
P100844,Karachi,Apartment,3767.0,,6.0,2009,Yes,3,18600000.0,Hassan Butt,2024-10-18 00:00:00,3,5.9,Good,,845
P102335,Rawalpindi,Villa,1081.0,2.0,2.0,2006,Yes,2,6650000.0,Ahmed Ahmed,2025-02-17 00:00:00,1,6.3,Average,urgent,2336
P100138,Multan,Villa,1368.0,2.0,1.0,2019,No,3,6600000.0,Danish Ahmed,2025-11-03 00:00:00,1,3.1,Excellent,nan,139
P101573,,HOUSE,1491.0,2.0,1.0,2007,Yes,2,6200000.0,Ahmed Sheikh,2022-12-18 00:00:00,1,11.0,Good,VIP,1574
P100319,Peshawar,Townhouse,1310.0,2.0,2.0,1992,No,2,4400000.0,Omar Raza,2024-07-27 00:00:00,1,7.3,Needs Renovation,nan,320
P100653,Karachi,House,1672.0,3.0,3.0,2014,No,0,8700000.0,Zain Malik,2023-02-02 00:00:00,2,2.5,Good,,654
P102338,Islamabad,House,1459.0,3.0,3.0,1991,Yes,2,11200000.0,Danish Raza,2024-07-14 00:00:00,2,8.4,Good,,2339
P101872,Hyderabad,Apartment,1606.0,3.0,3.0,1985,No,2,3800000.0,Maham Malik,2025-09-16 00:00:00,2,15.9,Good,owner waiting,1873
P100558,Islamabad,House,1650.0,3.0,3.0,2001,No,1,14750000.0,Omar Siddiqui,2024-08-18 00:00:00,3,10.6,Excellent,urgent,559
P100139,Karachi,House,926.0,2.0,1.0,1994,No,1,4600000.0,Ali Raza,2023-05-05 00:00:00,3,6.7,Good,follow up,140
P100112,Lahore,Apartment,1657.0,3.0,2.0,1989,Yes,2,7300000.0,Hassan Iqbal,2023-10-20 00:00:00,3,8.7,Good,urgent,113
P100531,Rawalpindi,House,2205.0,4.0,3.0,1988,No,1,10650000.0,Ayesha Butt,2024-04-23 00:00:00,3,5.2,Excellent,nan,532
P100224,Karachi,House,1612.0,3.0,3.0,1985,Yes,2,10350000.0,Zain Iqbal,2024-07-26 00:00:00,3,6.4,Good,nan,225
P100723,Peshawar,Apartment,2111.0,3.0,3.0,2017,Yes,1,8250000.0,Ahmed Sheikh,2024-10-03 00:00:00,3,12.5,New,follow up,724
P102353,Islamabad,House,970.0,,1.0,1986,No,3,7850000.0,Fatima Shah,2023-10-09 00:00:00,3,9.4,Average,call later,2354
P102167,Lahore,House,2071.0,4.0,3.0,1994,No,0,8000000.0,Fatima Qureshi,2024-07-23 00:00:00,3,5.9,Average,urgent,2168
P101433,Karachi,House,1751.0,3.0,2.0,1982,Yes,2,11050000.0,Zain Butt,2024-02-05 00:00:00,3,10.6,Good,owner waiting,1434
P100325,Islamabad,Apartment,627.0,1.0,1.0,2001,Yes,1,4350000.0,Ali Iqbal,2023-12-08 00:00:00,2,5.2,Average,call later,326
P101323,Multan,House,1794.0,3.0,3.0,1989,No,2,6900000.0,Sara Malik,2023-03-26 00:00:00,1,6.9,Good,nan,1324
P101999,Islamabad,Villa,1701.0,4.0,4.0,2001,No,2,16650000.0,Usman Ahmed,2024-04-03 00:00:00,1,8.3,Needs Renovation,,2000
P101458,Peshawar,House,815.0,1.0,1.0,1993,No,2,3950000.0,Ali Sheikh,2025-02-16 00:00:00,2,14.0,Good,owner waiting,1459
P101737,Karachi,Villa,1753.0,2.0,2.0,1995,No,1,11600000.0,Ali Siddiqui,2024-06-28 00:00:00,1,3.6,Good,owner waiting,1738
P102280,Lahore,House,887.0,2.0,1.0,2004,Yes,2,4500000.0,Sara Butt,2022-08-25 00:00:00,2,1.3,Average,,2281
P100714,Multan,House,1956.0,4.0,3.0,2011,No,0,7650000.0,Fatima Shah,2024-06-10 00:00:00,3,5.8,Excellent,call later,715
P100846, Lahore ,Villa,1827.0,3.0,3.0,2016,NO,3,16600000.0,Danish Iqbal,2025-09-20 00:00:00,3,5.1,Good,nan,847
P100193,Multan,Townhouse,,5.0,5.0,1995,Yes,1,0.0,Danish Qureshi,2025-11-18 00:00:00,1,11.5,New,nan,194
P101985,Peshawar,House,1512.0,1.0,1.0,1988,Yes,2,7550000.0,Saad Siddiqui,2023-01-18 00:00:00,3,4.4,Excellent,owner waiting,1986
P100573,Rawalpindi,Apartment,2843.0,5.0,5.0,2015,No,2,9900000.0,Ahmed Khan,2023-12-03 00:00:00,1,16.2,New,call later,574
P100946,Rawalpindi,Apartment,2030.0,4.0,3.0,1988,No,3,6550000.0,Hamza Malik,2023-05-14 00:00:00,4,4.9,Good,follow up,947
P100503,Lahore,Apartment,1265.0,2.0,2.0,1987,No,2,4800000.0,Ali Shah,2024-11-21 00:00:00,2,10.8,Good,urgent,504
P101865,Faisalabad,House,2041.0,4.0,4.0,1984,No,1,7500000.0,Saad Qureshi,2025-09-08 00:00:00,2,6.0,Average,urgent,1866
P102176,LAHORE,House,526.0,1.0,1.0,1982,No,2,3150000.0,Bilal Khan,2023-05-22 00:00:00,2,10.7,Average,follow up,2177
P102176,LAHORE,House,526.0,1.0,1.0,1982,No,2,3150000.0,Bilal Khan,2023-05-22 00:00:00,2,10.7,Average,follow up,2177
P100645,Faisalabad,Apartment,1596.0,2.0,2.0,2024,Yes,2,5400000.0,Maham Malik,2024-09-08 00:00:00,1,3.0,Excellent,nan,646
P100003,Rawalpindi,Villa,1292.0,2.0,2.0,2011,Yes,0,8050000.0,Bilal Shah,2023-10-03 00:00:00,2,18.7,Excellent,,4
P101834,Karachi,Villa,1192.0,3.0,3.0,2018,No,0,8800000.0,Ayesha Sheikh,2022-09-15 00:00:00,2,11.8,Excellent,call later,1835
P100467,Peshawar,House,929.0,2.0,2.0,2004,Yes,2,3650000.0,Omar Siddiqui,2024-08-26 00:00:00,3,0.9,Good,nan,468
P101345,Islamabad,Apartment,1716.0,4.0,4.0,2023,No,1,12250000.0,Usman Shah,2022-02-12 00:00:00,2,2.5,Good,nan,1346
P100005,hyderabad,House,1987.0,4.0,4.0,1987,No,2,6550000.0,Danish Butt,2023-01-21 00:00:00,2,3.6,Good,urgent,6
P101246,Islamabad,House,756.0,2.0,2.0,2021,No,2,6900000.0,Ayesha Siddiqui,2022-06-18 00:00:00,3,13.9,Excellent,follow up,1247
P100919,Islamabad,Villa,1196.0,2.0,2.0,1986,No,3,9950000.0,Bilal Qureshi,2022-10-12 00:00:00,2,14.1,Good,owner waiting,920
P100547,Karachi,Apartment,1255.0,2.0,2.0,2018,No,2,5450000.0,Sara Khan,2022-07-14 00:00:00,3,9.4,Excellent,,548
P100228,Islamabad,House,1453.0,2.0,1.0,1998,No,3,9650000.0,Ayesha Khan,2022-01-05 00:00:00,2,1.1,Good,nan,229
P101063,Islamabad,House,2131.0,5.0,5.0,2013,No,3,15300000.0,Maham Qureshi,2025-09-02 00:00:00,3,8.2,Excellent,nan,1064
P100542,Multan,Villa,920.0,2.0,2.0,2000,,1,4150000.0,Maham Ahmed,2024-04-09 00:00:00,2,8.5,Good,owner waiting,543
P100242,Karachi,House,775.0,1.0,1.0,2008,No,2,4550000.0,Bilal Raza,2022-03-18 00:00:00,3,4.5,Average,nan,243
P100898,Karachi,Apartment,1811.0,3.0,,2021,Yes,2,9950000.0,Ali Qureshi,2025-06-15 00:00:00,2,5.9,Excellent,,899
P101811,Lahore,Villa,1539,2.0,1.0,1984,No,3,9650000.0,Danish Malik,2023-01-09 00:00:00,2,1.8,Good,VIP,1812
P101160,Karachi,House,2192.0,4.0,3.0,2012,No,2,11150000.0,Bilal Qureshi,2022-01-11 00:00:00,1,9.1,Good,nan,1161
P101891,Rawalpindi,Villa,2037.0,4.0,3.0,2024,No,1,12150000.0,Hassan Butt,2023-01-17 00:00:00,1,18.7,Good,follow up,1892
P102120,Karachi,House,2006.0,3.0,3.0,2005,No,2,8250000.0,Ahmed Khan,2023-10-14 00:00:00,2,6.0,Average,,2121
P101743,Peshawar,Apartment,2622.0,4.0,4.0,1986,Yes,2,7350000.0,Ahmed Malik,2022-07-30 00:00:00,3,9.0,Good,nan,1744
P101867,Karachi,Apartment,1501,3.0,2.0,2016,No,2,8650000.0,Ayesha Iqbal,2022-09-29 00:00:00,4,1.1,Average,VIP,1868
P100842,Islamabad,House,2218.0,4.0,3.0,2021,True,1,17400000.0,Omar Khan,2024-06-27 00:00:00,2,5.8,Good,follow up,843
P101373,Multan,House,2355.0,6.0,6.0,2003,No,4,7250000.0,  Zain Raza  ,2024-04-01 00:00:00,2,3.9,Excellent,owner waiting,1374
P102137,Multan,Apartment,2661.0,5.0,5.0,1987,Yes,2,7050000.0,Saad Qureshi,2025-12-30 00:00:00,2,11.2,Average,urgent,2138
P101842,Karachi, Apartment ,2429.0,4.0,3.0,2024,No,0,12050000.0,Fatima Siddiqui,2023-05-30 00:00:00,2,2.5,Average,call later,1843
P101526,Lahore,Apartment,2244.0,4.0,3.0,2009,No,3,11850000.0,Zain Malik,2025-12-01 00:00:00,2,7.4,Average,nan,1527
P101605,Karachi,House,2130.0,4.0,3.0,1990, yes ,2,13450000.0,Usman Qureshi,2024-03-11 00:00:00,2,2.8,Needs Renovation,,1606
P100276,Lahore,Apartment,1131.0,-3.0,2.0,1991,Yes,1,4650000.0,Usman Siddiqui,2022-03-06 00:00:00,2,3.7,Excellent,nan,277
P100661,Faisalabad,Townhouse,1786.0,,3.0,2007,No,2,6650000.0,Maham Raza,2024-02-15 00:00:00,3,3.6,Excellent,VIP,662
P102293,Lahore,Townhouse,1477.0,3.0,2.0,1988,No,2,6000000.0,Omar Iqbal,2022-03-17 00:00:00,2,10.8,Excellent,call later,2294
P102483,Lahore,House,1399.0,3.0,2.0,1996,Yes,2,6050000.0,Fatima Ahmed,2022-04-01 00:00:00,2,2.5,Good,nan,2484
P102072,Karachi,House,2903.0,5.0,5.0,2019,Yes,3,20750000.0,Hina Butt,2024-07-20 00:00:00,2,6.6,New,call later,2521
P101918,Islamabad,House,1950.0,,4.0,1982,Yes,1,11000000.0,Bilal Malik,2024-12-07 00:00:00,2,8.6,Good,urgent,1919
P100314,Lahore,House,2071.0,4.0,4.0,1997,No,3,7750000.0,Hina Butt,2025-03-30 00:00:00,2,7.7,Average,urgent,315
P101466,Lahore,Apartment,2472.0,,4.0,2021,No,2,11900000.0,Hina Sheikh,2022-07-06 00:00:00,3,6.1,Excellent,nan,1467
P101343,Islamabad,Apartment,1713.0,3.0,3.0,1990,No,1,10850000.0,Zain Qureshi,2022-03-27 00:00:00,3,8.6,Good,,1344
P101905,Lahore,Apartment,1462.0,4.0,3.0,2010,No,2,6300000.0,Hina Malik,2022-12-10 00:00:00,4,4.5,Good,nan,1906
P100691,Faisalabad,House,2262.0,5.0,5.0,1998,No,1,6100000.0,Hassan Khan,2025-05-15 00:00:00,1,3.5,Average,follow up,692
P101541,Karachi,Villa,1677.0,3.0,3.0,1989,No,1,"9,400,000",Ali Ahmed,2025-02-04 00:00:00,2,1.5,Excellent,owner waiting,1542
P100612,Hyderabad,Apartment,400.0,1.0,1.0,2020,Yes,4,1100000.0,Usman Iqbal,2024-03-29 00:00:00,3,3.6,New,nan,613
P100424,Islamabad,House,2475.0,4.0,3.0,2003,No,1,17300000.0,Hina Iqbal,2024-08-20 00:00:00,3,14.5,Excellent,owner waiting,425
P101577,Faisalabad,Apartment,1784.0,2.0,1.0,1990,No,2,4600000.0,N/A,2025-07-29 00:00:00,2,6.8,Good,call later,1578
P100594,Karachi,Apartment,1449.0,3.0,2.0,2004,Yes,1,7550000.0,Sara Qureshi,2022-08-17 00:00:00,2,4.1,New,follow up,595
P100471,Lahore,Apartment,1333.0,3.0,3.0,2015,Yes,3,6800000.0,Danish Raza,2022-03-22 00:00:00,2,4.3,Excellent,urgent,2511
P102010,Karachi,Apartment,2346.0,4.0,4.0,1998,Yes,4,10150000.0,Zain Ahmed,2023-10-01 00:00:00,1,13.5,Good,VIP,2011
P100622,Hyderabad,House,400.0,2.0,2.0,1988,No,2,1100000.0,Fatima Qureshi,2024-09-15 00:00:00,3,9.7,Excellent,,623
P101862,Hyderabad,Apartment,2658.0,5.0,5.0,1986,No,2,6400000.0,Usman Siddiqui,2022-07-17 00:00:00,2,9.1,Good,,1863
P101493,Multan,House,1407.0,1.0,1.0,1998,Yes,1,4950000.0,Zain Sheikh,2023-12-04 00:00:00,3,9.3,Needs Renovation,follow up,1494
P102410,Rawalpindi,House,2383.0,5.0,4.0,2002,Yes,1,10350000.0,Usman Raza,2024-06-09 00:00:00,2,4.0,New,owner waiting,2411
P100227,Islamabad,House,2279.0,4.0,3.0,1985,Yes,2,150000000.0,Danish Qureshi,2023-10-07 00:00:00,2,7.1,Good,urgent,228
P101788,Faisalabad,Townhouse,2228.0,4.0,4.0,1986,No,2,5750000.0,Danish Siddiqui,2025-08-13 00:00:00,2,11.5,Average,VIP,1789
P101169,Karachi,Apartment,2240.0,4.0,4.0,2019,No,2,10100000.0,Ayesha Butt,2024-09-15 00:00:00,2,7.2,Good,urgent,1170
P100108,Karachi,Apartment,1879.0,4.0,3.0,1989,No,1,9750000.0,Danish Iqbal,2023-11-27 00:00:00,1,5.5,Average,call later,109
P101845,Islamabad,Townhouse,1999.0,3.0,3.0,2005,No,3,11350000.0,Fatima Raza,2024-04-02 00:00:00,1,2.0,Excellent,,1846
P100066,Islamabad, House ,2928.0,6.0,6.0,2012,No,1,25250000.0,Maham Malik,2022-09-11 00:00:00,2,6.6,Good,call later,67
P101417,Islamabad,APARTMENT,887.0,2.0,2.0,1988,No,1,"5,900,000",Danish Qureshi,2022-08-06 00:00:00,1,6.3,Good,owner waiting,1418
P102286,Faisalabad,House,2203.0,4.0,4.0,1987,Yes,1,7850000.0,Hassan Butt,2024-05-05 00:00:00,2,8.3,Excellent,follow up,2287
P100024,Multan,Townhouse,1819.0,3.0,2.0,1993,No,1,5100000.0,Usman Khan,2024-10-22 00:00:00,1,6.2,Good,call later,25
P101235,karachi,Townhouse,1985.0,4.0,4.0,2013,No,3,11750000.0,Fatima Sheikh,2025-09-25 00:00:00,3,9.4,Good,VIP,1236
P102098,Karachi,House,2046.0,3.0,2.0,1982,No,1,12550000.0,Danish Ahmed,2024-04-17 00:00:00,2,10.5,Average,nan,2099
P100144,Lahore,House,1022.0,2.0,1.0,1985,No,1,4750000.0,Sara Malik,2022-08-25 00:00:00,3,7.3,Average,nan,145
P100536,Islamabad,Apartment,632.0,1.0,1.0,2001,Yes,3,3350000.0,Zain Shah,2023-07-15 00:00:00,3,2.5,Excellent,urgent,537
P100811,Karachi,Townhouse,2877.0,6.0,6.0,2000,No,1,14050000.0,Danish Iqbal,2024-03-10 00:00:00,2,10.4,Excellent,,812
P101792,Karachi,House,2035.0,4.0,4.0,1999,Yes,2,12700000.0,Usman Shah,2022-10-02 00:00:00,3,29.0,Average,call later,1793
P101497,Islamabad,Apartment,547.0,1.0,1.0,1987,Yes,2,3650000.0,Hamza Shah,2024-12-20 00:00:00,2,9.1,Good,owner waiting,1498
P100085,KHI,House,1278.0,2.0,1.0,1992,Yes,1,6750000.0,Sara Qureshi,,2,4.1,New,owner waiting,86
P101254,Karachi,Apartment,744.0,2.0,2.0,1997,Yes,3,3500000.0,Bilal Sheikh,2024-03-05 00:00:00,1,5.2,Good,nan,1255
P102095,Lahore,Townhouse,2639.0,4.0,4.0,1985,no,1,14600000.0,Hassan Iqbal,2024-01-15 00:00:00,2,1.3,Excellent,,2096
P102075,Islamabad,House,1567.0,4.0,4.0,2000,No,3,9850000.0,Maham Sheikh,2025-01-13 00:00:00,1,5.4,Good,urgent,2076
P101879,Islamabad,House,,4.0,4.0,2015,No,0,18750000.0,Bilal Iqbal,2025-05-04 00:00:00,2,5.9,Excellent,urgent,1880
P101723,Islamabad,House,,3.0,2.0,1985,No,1,16950000.0,Saad Ahmed,2025-10-11 00:00:00,3,10.0,Good,follow up,1724
P100484,Karachi,House,,2.0,2.0,2023,Yes,1,7150000.0,Bilal Ahmed,2025-08-23 00:00:00,3,8.6,New,follow up,485
P101654,Peshawar,Apartment,2721.0,6.0,6.0,2010,No,3,8650000.0,Hina Iqbal,2025-99-99,2,5.4,Good,urgent,1655
P102258,Karachi,House,1337.0,2.0,1.0,2008,Yes,1,6800000.0,Ali Butt,2025-09-28 00:00:00,2,2.6,Average,nan,2259
P102420,Karachi,House,1746.0,2.0,2.0,2010,Yes,1,10300000.0,Hassan Qureshi,2022-02-05 00:00:00,1,1.0,Excellent,urgent,2421
P100738,Lahore,House,1633.0,2.0,2.0,1985,No,1,9550000.0,Maham Sheikh,2023-09-25 00:00:00,2,12.5,Good,urgent,739
P102404,Multan,Apartment,1728,3.0,3.0,2015,No,1,5050000.0,Hamza Butt,2022-05-26 00:00:00,3,6.7,Average,urgent,2508
P102220,LAHORE,House,1947.0,2.0,1.0,1988,No,1,7150000.0,Saad Malik,2023-10-20 00:00:00,4,22.5,Good,nan,2221
P102496,Islamabad,House,1228.0,1.0,1.0,1984,No,1,8300000.0,Hassan Iqbal,2022-05-01 00:00:00,4,2.8,Good,call later,2497
P102268,Rawalpindi,House,2068.0,4.0,3.0,1989,yes,1,9900000.0,Ayesha Raza,,2,4.7,Excellent,follow up,2269
P100362,Karachi,House,1246.0,3.0,3.0,2023,Yes,2,"6,900,000",Usman Iqbal,2025-03-20 00:00:00,2,5.6,Excellent,follow up,363
P100749,Faisalabad,Apartment,2138.0,4.0,3.0,2021,Yes,2,5650000.0,Usman Sheikh,2024-03-09 00:00:00,1,14.1,Good,nan,750
P101839,Rawalpindi,Villa,457.0,1.0,1.0,1983,No,1,2900000.0,Hina Iqbal,2024-09-03 00:00:00,1,3.0,Excellent,,1840
P101646, Karachi ,House,2415.0,4.0,4.0,1987,Yes,1,13350000.0,Ayesha Siddiqui,2024-12-20 00:00:00,1,14.7,Needs Renovation,VIP,1647
P101026,Peshawar,House,1544.0,3.0,3.0,2024,No,2,7150000.0,Hamza Raza,2023-02-11 00:00:00,2,2.5,Excellent,follow up,1027
P101030,Islamabad,House,2588.0,5.0,4.0,2018,Yes,2,19400000.0,Hina Malik,2025-10-20 00:00:00,4,8.3,New,call later,1031
P101928,Karachi,House,1207.0,2.0,2.0,2017,No,2,8400000.0,Bilal Khan,2024-05-23 00:00:00,2,12.0,Good,,1929
P101335,Faisalabad,House,2195.0,3.0,3.0,2005,Yes,2,9400000.0,Hamza Raza,2024-11-23 00:00:00,2,13.5,Excellent,call later,1336
P102089,Lahore,Villa,3258.0,5.0,4.0,2022,Yes,3,200000000.0,Hassan Iqbal,2022-10-03 00:00:00,3,4.6,Excellent,,2090
P101725,Karachi,Villa,2168.0,3.0,2.0,2000,Yes,3,14200000.0,Sara Butt,2024-06-12 00:00:00,1,3.5,Excellent,owner waiting,1726
P100665,Rawalpindi,Apartment,1658,3.0,3.0,2003,No,1,6250000.0,Hamza Ahmed,2024-04-09 00:00:00,3,5.8,Excellent,VIP,666
P100364,Islamabad,House,2234.0,4.0,4.0,2019,Yes,3,16100000.0,Sara Butt,2024-11-11 00:00:00,2,1.2,Excellent,urgent,365
P102230,Lahore,House,2065.0,4.0,4.0,2015,Yes,2,12750000.0,Hamza Malik,2025-11-27 00:00:00,3,3.8,Excellent,,2231
P101239,Karachi,House,1386.0,3.0,3.0,2004,Yes,1,9650000.0,Saad Iqbal,2022-12-01 00:00:00,3,18.2,Excellent,,1240
P100077,Islamabad,Villa,1752.0,4.0,4.0,1986,No,1,17400000.0,Fatima Shah,2024-03-08 00:00:00,2,11.3,Average,,78
P100027,Karachi,Townhouse,2210,3.0,3.0,2006,Yes,2,13050000.0,Ali Iqbal,2023-10-13 00:00:00,3,5.1,New,follow up,28
P100473,,Townhouse,2344.0,6.0,5.0,1981,Yes,2,10150000.0,Danish Siddiqui,2025-11-14 00:00:00,2,2.8,Good,owner waiting,474
P100525,Lahore,House,1854.0,3.0,2.0,1996,Yes,3,9100000.0,Fatima Butt,,2,9.7,Excellent,VIP,526
P100725,Karachi,Villa,1643.0,3.0,2.0,1981,Yes,1,7250000.0,Danish Siddiqui,2025-12-13 00:00:00,2,6.4,Good,urgent,726
P100055,Multan,APARTMENT,1449.0,2.0,1.0,2002,No,2,4350000.0,Usman Raza,2022-12-18 00:00:00,2,10.3,Good,urgent,56
P100638,Multan,Villa,2627.0,6.0,6.0,1997,Yes,2,10950000.0,Danish Shah,2023-04-21 00:00:00,2,4.0,Average,nan,639
P100302,Islamabad,House,1648.0,3.0,3.0,2017,Yes,2,14500000.0,Ahmed Qureshi,2025-01-21 00:00:00,2,0.2,New,call later,303
P100718,Islamabad,House,1234.0,2.0,1.0,1994,No,2,8600000.0,Hina Ahmed,2024-01-14 00:00:00,3,11.3,Excellent,owner waiting,719
P102203,Karachi,House,1612.0,3.0,3.0,1997,No,2,7050000.0,Ali Iqbal,2022-06-24 00:00:00,4,5.3,Average,nan,2204
P102130,Karachi,House,1586.0,4.0,4.0,2007,Yes,0,8150000.0,Hassan Ahmed,2025-03-30 00:00:00,2,4.8,Good,nan,2131
P100624,Hyderabad,House,1217,2.0,2.0,2012,Yes,1,"4,050,000",Danish Sheikh,2025-06-15 00:00:00,3,4.1,Good,urgent,625
P100007,Multan,Townhouse,1847.0,4.0,4.0,2015,No,1,6500000.0,Ali Iqbal,2023-12-26 00:00:00,4,8.6,Average,urgent,8
P101280,lahore,House,2342.0,5.0,4.0,2002,Yes,2,13450000.0,Saad Butt,2022-04-20 00:00:00,4,6.8,Excellent,VIP,1281
P100803,Islamabad,Townhouse,1453.0,3.0,2.0,1991,No,2,10350000.0,Sara Sheikh,2022-04-05 00:00:00,4,4.6,Good,,804
P101049,Karachi,Villa,2084.0,5.0,4.0,1984,Yes,3,11350000.0,Ahmed Iqbal,2023-08-02 00:00:00,2,7.3,Good,,1050
P100336,Karachi,Apartment,1236.0,1.0,1.0,2003,No,2,5100000.0,Danish Siddiqui,2024-12-12 00:00:00,2,2.3,Excellent,urgent,337
P101596,Karachi,Apartment,1133.0,3.0,3.0,2021,Yes,2,6450000.0,Omar Siddiqui,2023-04-02 00:00:00,3,13.0,Good,call later,1597
P100047,Karachi,House,2477.0,5.0,4.0,2009,Yes,2,13200000.0,Fatima Shah,2023-06-02 00:00:00,2,2.2,Good,urgent,48
P102183,Karachi,Apartment,50000.0,5.0,,2003,No,2,11100000.0,Hamza Qureshi,2025-06-02 00:00:00,3,6.8,Average,,2184
P100106,Lahore,Apartment,1973.0,4.0,4.0,2012,Yes,1,8100000.0,Saad Qureshi,2023-09-03 00:00:00,3,2.1,Excellent,nan,107
P100349,Karachi,House,1939.0,4.0,3.0,2011,No,2,9850000.0,Hamza Qureshi,2022-12-04 00:00:00,2,0.9,Good,,350
P101079,Lahore,House,759.0,1.0,1.0,2014,No,1,3650000.0,Hina Iqbal,2025-05-20 00:00:00,2,23.6,Good,VIP,1080
P100238,Karachi,Apartment,1570.0,3.0,3.0,2006,Yes,1,8500000.0,Ahmed Ahmed,2023-08-13 00:00:00,2,2.4,Average,nan,239
P100213,Multan,House,829.0,2.0,2.0,1997,Yes,1,2800000.0,Fatima Ahmed,2024-01-15 00:00:00,2,9.9,Excellent,follow up,214
P101144,Lahore,House,2099.0,4.0,4.0,1984,Yes,2,9500000.0,Zain Iqbal,2024-03-09 00:00:00,2,3.0,Good,follow up,1145
P101983,Karachi,House,2705.0,7.0,6.0,1990,Yes,1,16450000.0,Maham Sheikh,2024-03-01 00:00:00,2,12.2,Average,urgent,1984
P101818,Lahore,Villa,1397.0,4.0,3.0,2018,No,1,12650000.0,Saad Iqbal,2023-09-04 00:00:00,3,3.8,Good,nan,1819
P100793,Karachi,Apartment,1718.0,3.0,3.0,2014,Yes,2,8650000.0,Ali Iqbal,2023-08-23 00:00:00,1,1.8,New,owner waiting,794
P101096,Karachi,Villa,1702.0,2.0,1.0,1982,No,2,10850000.0,,2022-04-19 00:00:00,2,1.3,Good,nan,1097
P101874,Peshawar,Apartment,2090.0,4.0,4.0,1991,Yes,2,7200000.0,Omar Sheikh,2024-06-19 00:00:00,4,10.8,New,nan,1875
P102441,Karachi,House,400.0,1.0,1.0,1999,Yes,1,2250000.0,Sara Qureshi,2025-01-05 00:00:00,2,5.8,Excellent,call later,2442
P102254,Hyderabad,Townhouse,1425.0,3.0,2.0,1981,Yes,0,4550000.0,Maham Malik,2023-03-09 00:00:00,2,8.6,Good,VIP,2255
P100345,Multan,Apartment,2357.0,4.0,4.0,2006,No,2,6450000.0,Ahmed Shah,2022-10-05 00:00:00,2,4.0,Good,owner waiting,346
P100523,Islamabad,Apartment,840.0,2.0,2.0,2014,No,1,5650000.0,Sara Butt,2024-08-15 00:00:00,4,10.9,Good,follow up,524
P100232,Hyderabad,Apartment,,3.0,3.0,1997,Yes,2,4400000.0,Omar Qureshi,2024-08-24 00:00:00,2,5.9,New,follow up,233
P100644,Islamabad,Villa,2252.0,4.0,3.0,1986,No,2,21500000.0,Maham Sheikh,2022-10-23 00:00:00,1,11.3,Good,call later,645
P101977,Peshawar,House,1045.0,2.0,2.0,2007,No,2,4050000.0,Saad Khan,2022-08-10 00:00:00,2,3.6,Good,follow up,1978
P102201,Peshawar,House,2498.0,4.0,4.0,2024,Yes,0,10100000.0,Saad Siddiqui,2024-10-26 00:00:00,3,2.2,Excellent,owner waiting,2202
P101428,Multan,House,1475.0,2.0,1.0,1984,No,3,5050000.0,Ali Raza,2022-05-10 00:00:00,2,5.7,Excellent,owner waiting,1429
P100533,Islamabad,House,1352.0,,2.0,2009,Yes,2,11500000.0,Usman Iqbal,,3,6.3,Excellent,,534
P102202,Faisalabad,House,2375.0,4.0,3.0,2003,Yes,2,9550000.0,Danish Butt,2022-08-16 00:00:00,2,4.8,Needs Renovation,call later,2203
P100603,Rawalpindi,Villa,1711.0,3.0,3.0,2021,No,2,12800000.0,Ayesha Qureshi,2024-03-23 00:00:00,2,15.7,Excellent,,604
P101489,Lahore,Townhouse,,2.0,2.0,1989,No,2,5750000.0,Fatima Butt,2023-04-17 00:00:00,2,9.0,New,follow up,1490
P101917,rawalpindi,House,1473.0,3.0,3.0,1994,Yes,1,7000000.0,Maham Butt,2025-12-14 00:00:00,1,6.1,Excellent,follow up,1918
P101426,Karachi,Apartment,3063.0,7.0,6.0,1986,No,3,13250000.0,Hassan Raza,2024-04-12 00:00:00,3,6.9,Excellent,owner waiting,1427
P101074,Faisalabad,Residential House,1977.0,4.0,3.0,2000,No,2,7300000.0,Ali Raza,2024-09-13 00:00:00,2,11.5,New,owner waiting,1075
P102072,Karachi,House,2903.0,5.0,5.0,2019,Yes,3,20750000.0,Hina Butt,2024-07-20 00:00:00,2,6.6,New,urgent,2073
P100060,Islamabad,Apartment,1080.0,3.0,2.0,2004,Yes,2,8000000.0,Sara Iqbal,2022-11-10 00:00:00,2,7.6,Good,nan,61
P102000,Faisalabad,House,1779.0,3.0,2.0,1990,yes,0,5550000.0,Danish Khan,2025-08-12 00:00:00,2,6.5,Average,urgent,2001
P100092,Lahore,Apartment,781.0,2.0,1.0,2002,No,1,2850000.0,Hamza Iqbal,2024-02-06 00:00:00,2,11.1,Average,urgent,93
P100666,MULTAN,House,2786.0,5.0,4.0,2005,Yes,2,9900000.0,Hamza Siddiqui,2022-02-19 00:00:00,2,16.0,Excellent,follow up,667
P101789,Karachi,Apartment,1627.0,4.0,,1986,No,1,6950000.0,Ali Butt,2025-08-17 00:00:00,2,6.2,New,,1790
P102411,Hyderabad,Apartment,2854.0,5.0,5.0,2017,No,2,8350000.0,Usman Qureshi,2025-03-28 00:00:00,2,16.0,New,,2412
P100280,Karachi,House,,1.0,1.0,2006,No,2,1950000.0,Usman Malik,2023-05-25 00:00:00,3,5.9,Excellent,urgent,281
P101719,Multan,Apartment,1045.0,2.0,2.0,2012,Yes,2,4150000.0,  Hamza Sheikh  ,2022-08-12 00:00:00,3,13.7,Good,VIP,1720
P101780,Karachi,House,523.0,2.0,2.0,2009,Yes,3,2550000.0,Saad Sheikh,2022-02-20 00:00:00,2,0.3,Average,VIP,1781
P100359,Islamabad,Apartment,1221.0,2.0,2.0,1986,Yes,2,7250000.0,Hina Khan,2025-09-04 00:00:00,1,5.3,Excellent,urgent,360
P101805,Rawalpindi,House,1526.0,2.0,1.0,1989,No,2,5650000.0,Danish Shah,2023-05-04 00:00:00,3,2.8,Good,call later,1806
P101543,Karachi,Townhouse,,1.0,1.0,1981,No,0,1900000.0,Bilal Shah,2022-12-14 00:00:00,3,1.0,Excellent,urgent,1544
P101397,Peshawar,House,2183.0,4.0,4.0,2005,Yes,0,10000000.0,Maham Raza,2025-12-04 00:00:00,2,6.5,Excellent,nan,1398
P101860,Islamabad, House ,1047.0,2.0,1.0,2001,No,1,7200000.0,nan,2022-05-05 00:00:00,3,8.0,Excellent,follow up,1861
P100847,Rawalpindi,Apartment,588.0,1.0,1.0,2011,No,2,2250000.0,Ayesha Iqbal,2024-01-11 00:00:00,4,8.9,Good,VIP,848
P101206,Islamabad,House,808.0,2.0,1.0,1989,Yes,1,7250000.0,Zain Ahmed,2023-09-11 00:00:00,3,15.5,Average,VIP,1207
P102232,Karachi,House,2344.0,5.0,,2014,No,0,11900000.0,  Omar Ahmed  ,2022-01-03 00:00:00,2,13.6,Excellent,VIP,2233
P100760,Rawalpindi,House,2080.0,5.0,4.0,2000,No,2,9400000.0,Ayesha Siddiqui,2022-07-04 00:00:00,2,10.2,Average,VIP,761
P100110,Lahore,Villa,2238.0,4.0,3.0,2006,Yes,1,15250000.0,Danish Qureshi,2024-04-01 00:00:00,3,6.7,Average,urgent,111
P101775,Islamabad,House,1975.0,4.0,4.0,2011,Yes,4,16450000.0,Saad Sheikh,2023-06-15 00:00:00,2,6.7,Excellent,nan,1776
P101775,Islamabad,House,1975.0,4.0,4.0,2011,Yes,4,16450000.0,Saad Sheikh,2023-06-15 00:00:00,2,6.7,Excellent,nan,1776
P100042,Rawalpindi,House,2238.0,4.0,4.0,2018,Yes,2,10250000.0,Usman Raza,2024-02-19 00:00:00,3,6.7,Excellent,call later,43
P101770,Islamabad,Townhouse,620.0,1.0,1.0,2003,Yes,1,3850000.0,Hamza Ahmed,2023-04-12 00:00:00,2,13.0,Good,call later,1771
P100125,Lahore,House,1853.0,4.0,4.0,1993,No,4,"9,100,000",Ali Sheikh,2022-07-31 00:00:00,4,3.3,Average,urgent,126
P100204,Karachi,Apartment,1556.0,2.0,2.0,2009,No,1,6400000.0,Hassan Iqbal,2025-07-11 00:00:00,3,9.0,New,owner waiting,205
P101473,Lahore,House,3046.0,5.0,4.0,2007,Yes,3,"16,700,000",Hassan Sheikh,2022-06-01 00:00:00,2,3.0,Good,,1474
P100052,Multan,Apartment,1108.0,,3.0,2012,No,2,2700000.0,Danish Siddiqui,2025-02-09 00:00:00,2,5.6,Good,urgent,53
P100545,Lahore,Townhouse,2165.0,4.0,3.0,2021,NO,3,11664919.686311701,  Omar Sheikh  ,2025-09-19 00:00:00,1,7.0,Excellent,follow up,546
P100068,Karachi,Apartment,1930.0,4.0,3.0,2008,No,2,"7,750,000",Hassan Butt,2025-03-18 00:00:00,2,12.8,Excellent,VIP,69
P101815,Islamabad,Apartment,1376.0,1.0,1.0,2005,Yes,2,9557009.649278449,Ahmed Ahmed,2022-07-09 00:00:00,2,7.7,Average,call later,1816
P102011,Karachi,Apartment,1017.0,2.0,1.0,2024,No,1,4700000.0,Hassan Khan,2022-03-16 00:00:00,1,3.9,New,VIP,2012
P102229,Islamabad,House,2079.0,5.0,4.0,2000,No,1,14000000.0,Maham Qureshi,2025-03-25 00:00:00,1,4.5,Good,urgent,2230
P101968,Lahore,Townhouse,400.0,1.0,1.0,2024,No,1,1700000.0,Fatima Shah,2024-01-22 00:00:00,2,1.6,Good,nan,1969
P101424,Lahore,House,998.0,2.0,2.0,1989,No,1,4350000.0,Fatima Malik,2022-03-17 00:00:00,2,2.6,Good,,1425
P100183,Lahore,Apartment,1065.0,1.0,1.0,2010,Yes,2,"5,550,000",Ali Siddiqui,2025-05-04 00:00:00,3,5.3,Good,,184
P100137,,House,1093.0,3.0,2.0,2024,No,1,7000000.0,Hamza Ahmed,2025-02-16 00:00:00,1,2.8,Good,,138
P100899,Islamabad,Apartment,2552.0,5.0,4.0,2022,No,1,"14,800,000",Ayesha Malik,2022-06-18 00:00:00,1,5.1,Good,urgent,900
P100796,Karachi,Villa,1370.0,2.0,1.0,2017,Yes,4,10450000.0,Ahmed Ahmed,2025-12-19 00:00:00,3,11.1,Average,urgent,797
P100132,Islamabad,Villa,874.0,1.0,1.0,2017,Yes,1,7900000.0,Ali Sheikh,2024-05-22 00:00:00,1,4.3,Excellent,follow up,133
P100080,Islamabad,House,1112.0,2.0,2.0,1995,No,1,7905230.275920681,Maham Khan,2025-09-28 00:00:00,3,5.9,Excellent,nan,81
P101586,Lahore,Apartment,897.0,2.0,1.0,1981,No,1,3650000.0,Hamza Malik,2022-11-22 00:00:00,2,8.0,Needs Renovation,call later,1587
P102188,Karachi,Villa,400.0,1.0,1.0,1996,No,2,2850000.0,Ayesha Butt,2023-03-07 00:00:00,3,2.6,Excellent,,2189
P100758,Karachi,Apartment,,5.0,5.0,2010,No,1,12150000.0,Omar Khan,2025-11-09 00:00:00,2,10.2,Excellent,urgent,759
P100541,Islamabad,Townhouse,2313.0,4.0,4.0,1994,No,3,15800000.0,Fatima Butt,2025-10-16 00:00:00,1,7.9,Needs Renovation,call later,542
P101019,Lahore,Villa,1982.0,3.0,3.0,2004,No,2,15200000.0,Hamza Malik,2024-08-06 00:00:00,1,14.9,New,VIP,1020
P102436,Islamabad,House,1690.0,3.0,3.0,2023,Yes,3,18600000.0,Fatima Sheikh,2024-07-16 00:00:00,2,7.4,New,VIP,2437
P100983,Lahore,Apartment,1026.0,2.0,1.0,2012,Yes,1,5100000.0,Zain Malik,2022-05-09 00:00:00,4,7.7,New,VIP,984
P102263,Karachi,Apartment,1108.0,2.0,2.0,2012,No,1,4900000.0,Hassan Malik,2023-06-03 00:00:00,3,14.6,Average,owner waiting,2264
P100165,Lahore,Villa,400.0,1.0,1.0,2003,No,1,2750000.0,Usman Siddiqui,2023-03-27 00:00:00,2,7.3,Average,owner waiting,166
P100248,Lahore,Apartment,2593.0,4.0,3.0,2009,No,1,9900000.0,Maham Ahmed,2023-10-10 00:00:00,3,6.7,Average,owner waiting,249
P101331,Lahore,Apartment,1293.0,1.0,1.0,2023,Yes,2,5800000.0,Saad Butt,2022-07-14 00:00:00,4,2.9,Excellent,owner waiting,1332
P100446,Hyderabad,House,,5.0,4.0,2008,Yes,2,9450000.0,Maham Sheikh,2025-11-28 00:00:00,3,9.3,Good,owner waiting,447
P101833,Karachi,Apartment,1820.0,4.0,4.0,2007,No,1,7100000.0,Zain Siddiqui,2025-04-02 00:00:00,3,3.9,Needs Renovation,urgent,1834
P100858,Lahore, Apartment ,2130.0,4.0,4.0,2002,No,2,7950000.0,Omar Malik,2024-07-25 00:00:00,1,4.4,Good,,859
P101358,Rawalpindi,Apartment,844.0,3.0,3.0,2006,Yes,2,2950000.0,Danish Butt,2024-08-04 00:00:00,1,14.9,Good,nan,1359
P101921,Lahore,House,1390.0,2.0,2.0,2023,True,1,9350000.0,Ahmed Khan,2022-05-08 00:00:00,1,23.9,Good,,1922
P100097,Karachi,House,1796.0,3.0,3.0,2022,Yes,1,10100000.0,Zain Malik,2024-05-16 00:00:00,3,6.0,Average,nan,98
P101851,Peshawar,House,2297.0,4.0,,2020,No,1,8950000.0,Hassan Butt,2023-01-19 00:00:00,3,7.1,New,owner waiting,1852
P100805,Karachi,House,1054.0,2.0,2.0,1990,No,1,4850000.0,Sara Raza,2024-11-07 00:00:00,2,16.6,Good,nan,806
P100737,Lahore,House,1630.0,3.0,3.0,1989,No,4,8050000.0,  Hamza Siddiqui  ,2022-10-14 00:00:00,2,4.0,Excellent,,738
P101991,Rawalpindi,Villa,1632.0,3.0,3.0,2023,Yes,2,9300000.0,Maham Sheikh,2023-06-21 00:00:00,1,2.8,Good,owner waiting,1992
P101945,Peshawar,Apartment,1878.0,5.0,4.0,2003,Yes,1,6600000.0,Omar Shah,2022-11-27 00:00:00,3,6.1,Average,urgent,1946
P102058,Karachi,House,1344.0,2.0,2.0,1994,Yes,3,9600000.0,Usman Ahmed,2025-10-23 00:00:00,2,8.1,Excellent,call later,2059
P100102,Karachi,Apartment,,3.0,2.0,1985,No,1,7850000.0,Usman Malik,2022-12-07 00:00:00,3,4.7,Good,nan,103
P100434,Karachi,Apartment,1585.0,3.0,3.0,2003,Yes,2,9300000.0,  Omar Shah  ,2024-03-20 00:00:00,3,6.4,Good,owner waiting,435
P100074,Karachi,APARTMENT,,1.0,1.0,2024,No,2,2500000.0,  Omar Ahmed  ,2022-09-12 00:00:00,3,6.1,Good,owner waiting,75
P100577,Islamabad,Apartment,494.0,1.0,1.0,1990,No,1,2400000.0,Bilal Khan,2022-02-06 00:00:00,2,1.7,Excellent,urgent,578
P102497,Karachi,Apartment,1008.0,1.0,1.0,2000,No,2,4450000.0,Fatima Sheikh,2025-08-05 00:00:00,2,6.2,Average,urgent,2498
P101990,Karachi,Apartment,2407.0,5.0,5.0,2010,No,2,12150000.0,Saad Iqbal,2023-06-29 00:00:00,3,6.7,New,VIP,1991
P101230,Karachi,Townhouse,1231.0,2.0,2.0,2019,Yes,1,6950000.0,Hina Iqbal,2022-05-02 00:00:00,3,4.3,Average,,1231
P100918,Lahore,House,1833.0,3.0,3.0,2020,No,0,10450000.0,  Ali Butt  ,2025-05-05 00:00:00,3,7.4,Good,,919
P101326,lahore,House,640.0,1.0,1.0,2018,Yes,2,3750000.0,Usman Shah,2022-07-26 00:00:00,1,3.0,Good,owner waiting,1327
P102349,Karachi,Villa,,1.0,1.0,2005,No,2,6750000.0,Maham Siddiqui,2024-01-19 00:00:00,1,3.1,New,,2350
P102319,Peshawar,Apartment,1042.0,2.0,1.0,1997,No,2,2750000.0,Omar Raza,2024-06-07 00:00:00,3,4.8,Average,call later,2320
P102277,Karachi,House,1838.0,3.0,2.0,2007,No,4,9700000.0,Omar Ahmed,2022-01-10 00:00:00,4,16.8,Needs Renovation,,2278
P100762,Karachi,House,490.0,2.0,1.0,1987,No,1,3050000.0,Hina Ahmed,2023-11-29 00:00:00,1,4.1,New,VIP,763
P102145,Peshawar, Townhouse ,1727.0,3.0,3.0,1994,Yes,1,5750000.0,Hassan Siddiqui,2022-07-19 00:00:00,1,18.1,Average,urgent,2146
P100989,Multan,Apartment,1999.0,4.0,4.0,2018,No,2,6050000.0,Usman Iqbal,2024-07-19 00:00:00,2,9.3,Good,call later,990
P100388,Karachi,House,400.0,1.0,1.0,1993,No,1,2300000.0,  Fatima Malik  ,2022-01-16 00:00:00,2,9.2,Excellent,urgent,389
P100235,Multan,Apartment,2770.0,4.0,4.0,2009,,1,6550000.0,Danish Qureshi,2024-01-06 00:00:00,3,4.0,Good,urgent,236
P102354,Lahore,House,1259.0,2.0,2.0,1993,No,2,7100000.0,Omar Ahmed,2022-02-27 00:00:00,2,1.2,Average,urgent,2355
P100267,Karachi,Apartment,2730.0,3.0,3.0,1983,Yes,0,15100000.0,Hamza Siddiqui,2023-01-02 00:00:00,3,22.5,Good,urgent,268
P101329,Karachi,Apartment,,4.0,4.0,2003,Yes,0,9450000.0,Maham Butt,2024-08-01 00:00:00,3,15.7,Average,nan,1330
P101885,Lahore,Townhouse,1470.0,4.0,4.0,2021,No,2,7600000.0,Sara Shah,2024-05-10 00:00:00,3,5.0,Excellent,,1886
P100117,Rawalpindi,Villa,1477.0,2.0,2.0,1992,No,1,7700000.0,Danish Sheikh,2025-05-31 00:00:00,1,8.0,Excellent,,118
P100437,Lahore,House,2193.0,4.0,4.0,1996,No,2,12250000.0,Sara Qureshi,2025-04-23 00:00:00,3,8.1,Excellent,,438
P100673,Rawalpindi,Townhouse,2064.0,4.0,3.0,1991,No,2,8350000.0,Hassan Siddiqui,2024-01-05 00:00:00,2,2.6,Needs Renovation,nan,674
P100249,Lahore,House,1871.0,3.0,3.0,1994,Yes,1,9350000.0,Zain Ahmed,2023-06-11 00:00:00,3,24.7,Good,nan,250
P102159,Karachi,House,2414.0,6.0,6.0,2010,No,1,14150000.0,Saad Siddiqui,2022-01-15 00:00:00,2,2.7,Average,nan,2160
P101574,Karachi,House,1916.0,4.0,4.0,2020,Yes,1,12300000.0,Hina Butt,2022-05-10 00:00:00,2,2.2,Excellent,,1575
P100194,Karachi,Villa,1520.0,3.0,3.0,1990,No,1,11400000.0,Hamza Khan,2025-04-17 00:00:00,3,4.8,Good,urgent,2532
P100094,Lahore,House,400.0,1.0,1.0,1997,Yes,2,1950000.0,Hina Shah,2022-07-23 00:00:00,1,6.8,Good,urgent,95
P101957,Karachi,Apartment,,,4.0,1981,No,0,9300000.0,Ayesha Qureshi,,2,4.8,New,VIP,1958
P100033,LAHORE,House,1932.0,3.0,2.0,1992,No,1,10150000.0,Sara Butt,2024-07-21 00:00:00,1,2.0,Good,follow up,34
P102210,Hyderabad,Villa,1673.0,3.0,,2021,No,1,6850000.0,Hamza Khan,2024-05-25 00:00:00,2,11.9,Excellent,follow up,2211
P102165,Karachi,House,1424.0,2.0,1.0,1988,No,1,6550000.0,,2022-08-23 00:00:00,2,5.3,Good,owner waiting,2166
P102470,Lahore,Apartment,2103.0,4.0,4.0,2022,No,2,10550000.0,Ali Raza,2023-09-04 00:00:00,2,4.3,Needs Renovation,nan,2471
P100448,Karachi,Townhouse,1171.0,2.0,2.0,1999,Yes,3,7500000.0,Sara Raza,2025-12-13 00:00:00,3,5.1,Excellent,follow up,449
P101469,Karachi,House,2117.0,4.0,3.0,2017,No,1,10600000.0,Zain Butt,2025-12-23 00:00:00,2,13.6,Excellent,VIP,1470
P101795,Karachi,House,2995.0,7.0,6.0,2016,No,2,19650000.0,Ali Raza,2023-01-22 00:00:00,2,3.1,New,urgent,1796
P100716,Islamabad,House,1908.0,3.0,3.0,2012,Yes,3,15300000.0,Hassan Qureshi,2022-10-06 00:00:00,1,17.9,Excellent,nan,717
P102001,Lahore,Apartment,591.0,2.0,2.0,2007, no ,2,2200000.0,Hina Butt,2024-08-19 00:00:00,3,3.9,Good,urgent,2002
P102207,Lahore,House,1249.0,3.0,2.0,1986,Yes,2,6750000.0,Bilal Butt,2025-02-26 00:00:00,3,11.0,Good,urgent,2208
P100000,Multan,House,986.0,2.0,2.0,2023,Yes,3,4550000.0,Ahmed Raza,2024-05-05 00:00:00,3,5.4,Needs Renovation,VIP,1
P100456,Hyderabad,House,1011.0,1.0,1.0,2022,No,3,3753442.1116961734,Danish Shah,2024-04-17 00:00:00,2,4.2,Good,follow up,457
P101101,Lahore,House,1212.0,2.0,2.0,2017,No,1,5900000.0,Hamza Qureshi,2022-03-11 00:00:00,2,5.4,Excellent,follow up,1102
P101108,Hyderabad,House,1387.0,2.0,2.0,2013,No,4,4900000.0,Saad Iqbal,2022-09-28 00:00:00,3,6.3,Excellent,owner waiting,1109
P101942,Lahore,Villa,1046.0,1.0,1.0,1990,No,2,7650000.0,Fatima Butt,2022-12-09 00:00:00,3,3.0,Average,call later,1943
P100082,Multan,House,2107.0,4.0,4.0,1995,Yes,1,6700000.0,Saad Iqbal,2023-07-18 00:00:00,1,10.4,Good,nan,83
P101481,Karachi,House,2399.0,5.0,4.0,2012,Yes,2,14500000.0,Ayesha Ahmed,2025-07-08 00:00:00,3,7.6,Excellent,urgent,1482
P102037,Karachi,Villa,1546.0,3.0,3.0,1987,No,2,10500000.0,Usman Iqbal,2025-09-02 00:00:00,2,4.2,Average,VIP,2038
P100676,Peshawar,Villa,1807.0,3.0,3.0,2023,No,1,8050000.0,Zain Siddiqui,2023-01-05 00:00:00,3,9.9,Average,owner waiting,677
P101588,Karachi,House,1795.0,3.0,3.0,2006,Yes,4,"9,950,000",nan,2024-05-10 00:00:00,1,5.7,Excellent,nan,1589
P102157,Karachi,House,2062.0,4.0,4.0,1980,No,1,10750000.0,Omar Raza,2022-09-01 00:00:00,4,8.9,New,,2158
P101046,Karachi,Apartment,1078.0,2.0,2.0,2006, yes ,3,5900000.0,  Zain Butt  ,2023-02-05 00:00:00,3,10.2,Needs Renovation,owner waiting,1047
P101460,Multan,House,1720.0,3.0,3.0,1986,Yes,1,7900000.0,  Ayesha Ahmed  ,2022-08-27 00:00:00,1,3.2,Good,follow up,1461
P100770,Karachi,Townhouse,1729.0,4.0,3.0,1990,No,3,8650000.0,Bilal Malik,2022-07-16 00:00:00,2,1.5,Average,follow up,771
P101668,Karachi,Apartment,2797.0,7.0,6.0,1982,No,1,12300000.0,Danish Khan,2022-08-06 00:00:00,2,5.1,New,owner waiting,1669
P101886,Karachi,House,1289.0,1.0,1.0,2018,No,3,7850000.0,Usman Malik,2025-06-06 00:00:00,2,2.2,Good,urgent,1887
P101926,Lahore,House,1406.0,3.0,2.0,2019,N,0,8200000.0,Usman Iqbal,2023-12-20 00:00:00,4,7.7,Good,call later,1927
P102024,Lahore,APARTMENT,2003.0,4.0,4.0,2023,No,3,9750000.0,Hina Sheikh,2022-06-12 00:00:00,1,5.9,Average,call later,2025
P100517,Rawalpindi,House,1984.0,3.0,3.0,2020,No,2,10000000.0,Ayesha Malik,2022-11-11 00:00:00,2,3.3,Good,urgent,518
P100822,Karachi,Apartment,2444.0,3.0,3.0,2006,Yes,2,13950000.0,Ali Butt,2022-03-23 00:00:00,2,3.8,New,owner waiting,823
P100404,Hyderabad,House,2290.0,4.0,4.0,2019,No,1,8350000.0,Usman Khan,2025-04-24 00:00:00,3,5.6,Excellent,,405
P100384,Lahore,Apartment,2046.0,4.0,4.0,2004,No,1,9500000.0,Ali Butt,2025-10-28 00:00:00,1,3.3,Excellent,follow up,385
P102051,Karachi,Apartment,789.0,1.0,1.0,1991,No,0,"3,800,000",Hamza Siddiqui,2024-02-10 00:00:00,3,3.5,Good,owner waiting,2052
P102104,Islamabad,Apartment,906.0,2.0,2.0,2024,No,1,6700000.0,Hassan Butt,2023-04-15 00:00:00,2,4.5,Good,,2105
P100104,Multan,House,2935.0,3.0,2.0,1985,Yes,2,11250000.0,Ali Siddiqui,2022-10-24 00:00:00,4,9.1,Needs Renovation,owner waiting,105
P101633,Rawalpindi,Apartment,1969.0,3.0,2.0,1988,No,1,5950000.0,Sara Sheikh,2022-06-12 00:00:00,4,3.7,Excellent,urgent,1634
P102418,Karachi,Townhouse,1541.0,3.0,3.0,1981,No,2,8150000.0,Zain Butt,2024-07-16 00:00:00,4,5.3,Good,,2419
P100688,Rawalpindi,House,912.0,1.0,1.0,1985,Yes,2,"3,950,000",Hina Ahmed,2023-05-22 00:00:00,2,3.1,New,nan,689
P100794,Karachi,Apartment,1502.0,3.0,2.0,2007,No,2,5550000.0,Danish Malik,2024-02-27 00:00:00,2,6.0,Good,call later,795
P100826,Islamabad,House,1847.0,3.0,3.0,2010,No,1,15500000.0,Maham Ahmed,2023-09-07 00:00:00,2,4.7,Good,VIP,827
P101877,Lahore,House,1405.0,3.0,2.0,1986,No,0,6100000.0,Ayesha Sheikh,2025-09-03 00:00:00,2,5.8,Average,follow up,1878
P101240,Faisalabad,House,1416.0,3.0,3.0,2013,no,1,5650000.0,Hamza Khan,2023-10-03 00:00:00,2,8.8,Excellent,nan,1241
P100062,Islamabad,Apartment,,2.0,2.0,2007,No,2,8800000.0,Ayesha Shah,2023-10-05 00:00:00,3,2.1,Good,follow up,63
P101305,Peshawar,House,2356.0,6.0,6.0,1988,No,2,"6,750,000",Maham Iqbal,2022-10-21 00:00:00,4,7.4,Good,owner waiting,1306
P100852,Faisalabad,House,1721,3.0,3.0,2017,No,1,5200000.0,Saad Qureshi,2024-01-09 00:00:00,2,6.9,New,urgent,853
P102347,Multan,Apartment,879.0,1.0,1.0,2011,Yes,2,2850000.0,Sara Malik,2023-01-25 00:00:00,2,6.1,Needs Renovation,,2348
P100176,Lahore,Apartment,1688.0,3.0,3.0,1982,No,1,7300000.0,Hina Khan,2023-10-01 00:00:00,1,13.8,Good,VIP,177
P101262,Lahore,House,1931.0,5.0,5.0,1983,No,4,9550000.0,Hamza Butt,2023-09-26 00:00:00,2,14.5,Excellent,nan,1263
P100223,Peshawar,House,2378.0,5.0,4.0,2023,Yes,0,11950000.0,Bilal Butt,2024-05-26 00:00:00,3,9.3,Excellent,owner waiting,224
P100145,Karachi,Villa,1423.0,2.0,2.0,1985,No,1,10550000.0,Hina Siddiqui,2024-06-18 00:00:00,2,3.8,Needs Renovation,VIP,146
P101088,Lahore,Villa,1645.0,2.0,1.0,2001,No,1,9150000.0,Hamza Sheikh,2022-09-07 00:00:00,3,17.0,Excellent,,1089
P100373,Lahore,House,2811.0,4.0,4.0,2005,Yes,3,16950000.0,Usman Shah,2024-03-08 00:00:00,3,2.3,Good,owner waiting,374
P101824,Rawalpindi,House,2750.0,6.0,5.0,2023,No,1,12500000.0,Usman Shah,2023-07-20 00:00:00,2,8.5,Good,follow up,1825
P102488,Karachi,Townhouse,2001.0,5.0,4.0,1986,Yes,1,10200000.0,  Hina Shah  ,2024-02-13 00:00:00,2,6.2,Good,nan,2489
P101142,Multan,Villa,590.0,1.0,1.0,2010,no,1,3450000.0,  Omar Sheikh  ,2025-07-20 00:00:00,2,2.8,Excellent,nan,1143
P102426,Karachi,House,1415,2.0,1.0,2015,Yes,4,9800000.0,Zain Butt,2023-06-20 00:00:00,2,6.8,Good,VIP,2427
P102194,Islamabad,House,1732.0,3.0,3.0,2004,No,2,14350000.0,Ayesha Shah,,3,13.7,Average,owner waiting,2195
P101274,Karachi,Villa,1567.0,2.0,2.0,2004,Yes,1,0.0,Ali Iqbal,2025-12-16 00:00:00,1,1.4,Good,,1275
P101265,Multan,Villa,2320.0,5.0,5.0,1993,Yes,3,11850000.0,Omar Qureshi,2025-02-03 00:00:00,3,6.1,New,urgent,1266
P102265,Karachi,House,1563.0,3.0,2.0,2004,Yes,1,8750000.0,Sara Khan,2025-07-04 00:00:00,2,3.7,Good,nan,2266
P102008,,Villa,1030.0,1.0,1.0,2016,Yes,2,7851987.732701049,Usman Iqbal,2022-10-05 00:00:00,1,3.7,Good,urgent,2009
P100009,,Apartment,1588.0,2.0,2.0,2005,Yes,2,"7,250,000",Zain Butt,2022-06-11 00:00:00,2,9.5,Good,owner waiting,10
P100449,Islamabad,Villa,2042.0,5.0,5.0,2022,Yes,3,19950000.0,Danish Ahmed,2025-01-04 00:00:00,4,16.8,Good,VIP,450
P101838,Rawalpindi,Apartment,1862.0,4.0,3.0,2000,No,3,6450000.0,Sara Ahmed,2023-05-22 00:00:00,1,6.4,Excellent,call later,1839
P100708,Lahore,House,2209.0,4.0,3.0,2019,No,4,13500000.0,Hina Qureshi,2025-04-29 00:00:00,2,6.5,Excellent,,709
P100255,Rawalpindi,Villa,,3.0,3.0,2012,Yes,3,10100000.0,Ali Qureshi,,3,8.6,Good,follow up,256
P100882,Peshawar,Townhouse,2068.0,4.0,3.0,1981,No,3,7800000.0,Hina Malik,2025-07-30 00:00:00,2,2.2,Good,urgent,883
P101617,Islamabad,Villa,1674.0,2.0,2.0,1997,Yes,1,23900000.0,Danish Ahmed,2023-07-17 00:00:00,3,6.0,Average,owner waiting,1618
P100389,Faisalabad,House,2181.0,4.0,4.0,2021,Y,2,9550000.0,Zain Iqbal,2023-05-15 00:00:00,2,14.9,Good,urgent,390
P101276,Karachi,Apartment,,-3.0,6.0,1991,,3,14250000.0,Usman Raza,2025-12-10 00:00:00,3,0.6,Good,nan,1277
P102429,Rawalpindi,House,1225.0,2.0,2.0,1995,Yes,3,6350000.0,Ayesha Butt,2022-11-22 00:00:00,2,4.8,Good,call later,2430
P101581,Lahore,House,2538.0,4.0,4.0,1996,Yes,1,15000000.0,Zain Siddiqui,2023-01-30 00:00:00,3,18.8,Excellent,call later,1582
P100908,Karachi,Apartment,1107.0,3.0,3.0,1980,Yes,0,5350000.0,Bilal Raza,2022-01-24 00:00:00,3,1.6,Average,follow up,909
P100924,Karachi,House,2427.0,5.0,5.0,1990,No,2,11500000.0,Maham Ahmed,2025-01-15 00:00:00,1,4.9,Average,call later,925
P100751,Lahore,Apartment,,1.0,1.0,1981,Yes,2,1800000.0,Ahmed Shah,2022-05-10 00:00:00,2,12.7,Good,VIP,752
P101949,Peshawar,House,1440.0,1.0,1.0,2001,No,1,5650000.0,Sara Siddiqui,2022-09-18 00:00:00,2,2.3,Average,follow up,1950
P100460,Islamabad,Villa,2435.0,4.0,4.0,2003,No,2,27000000.0,Zain Raza,2024-06-11 00:00:00,2,5.7,Average,nan,461
P101747,Islamabad,House,2031.0,3.0,3.0,2019,No,3,12650000.0,Usman Raza,2025-01-12 00:00:00,2,13.0,Excellent,call later,1748
P102007,Karachi,House,1618.0,3.0,3.0,1985,No,1,9000000.0,  Zain Butt  ,2022-05-12 00:00:00,1,2.4,Needs Renovation,VIP,2008
P101224,Karachi,Villa,2833.0,5.0,5.0,2017,,3,23300000.0,Hassan Siddiqui,2022-01-03 00:00:00,3,13.0,Good,nan,1225
P101168,Multan,House,1353.0,4.0,4.0,2024,No,2,4800000.0,Saad Khan,2023-02-05 00:00:00,3,7.9,Good,,1169
P100958,Lahore,House,1199.0,2.0,1.0,2000,Yes,0,7350000.0,Omar Malik,2023-03-17 00:00:00,3,7.4,Average,follow up,959
P100501,Faisalabad,Apartment,2496.0,4.0,4.0,1990,No,1,6100000.0,Bilal Butt,2025-10-24 00:00:00,3,6.6,Good,call later,502
P101727,Faisalabad,House,1605.0,3.0,3.0,2006,No,1,5800000.0,Saad Qureshi,2023-02-21 00:00:00,2,2.5,Good,VIP,1728
P100739,Lahore,House,1721.0,2.0,2.0,1983,No,2,9400000.0,Zain Malik,2023-08-25 00:00:00,2,5.8,Good,nan,740
P100040,Lahore,Apartment,2332.0,3.0,3.0,2015,No,3,10250000.0,Maham Iqbal,2022-09-12 00:00:00,2,12.0,Excellent,nan,41
P100868,Karachi,House,724.0,1.0,1.0,2000,No,1,4300000.0,Saad Sheikh,2025-01-14 00:00:00,2,1.7,New,owner waiting,869
P100731,Karachi,House,2299.0,4.0,3.0,2002,No,1,10295734.539543135,Danish Raza,2023-03-24 00:00:00,3,7.2,Good,urgent,732
P100539,Multan,Apartment,1532.0,3.0,3.0,2010,Yes,0,5300000.0,Omar Butt,2022-05-30 00:00:00,4,4.7,Good,follow up,540
P101201,Islamabad,House,1172.0,,1.0,2002,Yes,2,10050000.0,Maham Qureshi,2025-11-22 00:00:00,2,5.7,Good,urgent,1202
P101339,Lahore,House,2288.0,5.0,4.0,1980,Yes,4,12150000.0,Hassan Butt,2025-12-25 00:00:00,3,9.3,New,owner waiting,1340
P100697,Islamabad,House,1963.0,4.0,3.0,1986,Yes,2,"14,400,000",Hina Sheikh,2025-11-25 00:00:00,2,16.1,Good,follow up,698
P101671,Islamabad,Apartment,1704.0,2.0,1.0,1985,No,3,10500000.0,Saad Iqbal,2022-04-23 00:00:00,3,15.6,Excellent,call later,1672
P102117,Karachi,Apartment,1498.0,3.0,3.0,2019,No,1,7250000.0,Hassan Iqbal,2023-08-02 00:00:00,1,23.5,Average,follow up,2118
P102106,Rawalpindi,Villa,1962.0,4.0,3.0,2005,Yes,3,11000000.0,Sara Malik,2024-03-13 00:00:00,2,17.5,Good,owner waiting,2107
P101371,Peshawar,House,1526.0,1.0,1.0,1990,No,1,"6,200,000",Sara Sheikh,2022-05-26 00:00:00,2,12.3,New,follow up,1372
P101145,Lahore,villa,831.0,3.0,3.0,2006,No,1,5250000.0,Ayesha Qureshi,2025-11-14 00:00:00,1,7.9,Average,owner waiting,1146
P101031,Rawalpindi,House,2756.0,6.0,6.0,2008,No,0,8250000.0,Danish Siddiqui,2022-08-03 00:00:00,2,9.6,Average,,1032
P100372,Lahore,House,2627.0,5.0,5.0,2001,Yes,1,13250000.0,Hina Siddiqui,2023-05-01 00:00:00,2,11.7,Good,owner waiting,373
P100667,Hyderabad,House,2814.0,3.0,3.0,2001,Yes,3,8700000.0,Omar Sheikh,2022-12-06 00:00:00,2,7.1,Good,urgent,668
P101431,Islamabad,Apartment,2068.0,3.0,2.0,1991,No,1,9750000.0,Hina Raza,2025-05-26 00:00:00,2,1.9,New,,1432
P102215,Karachi,House,1915.0,3.0,3.0,1983,Yes,1,10050000.0,Ayesha Iqbal,2023-04-12 00:00:00,3,8.6,Excellent,urgent,2216
P100357,Multan,House,1126.0,3.0,3.0,2009,Yes,1,3300000.0,Danish Malik,2023-03-15 00:00:00,2,2.1,Good,VIP,358
P100967,Karachi,House,2325.0,3.0,2.0,2004,No,1,15050000.0,Fatima Iqbal,2024-11-23 00:00:00,3,6.3,Good,owner waiting,968
P100783,Islamabad,House,1528.0,2.0,1.0,2001,No,3,12050000.0,Hamza Siddiqui,2025-08-08 00:00:00,2,2.1,Good,VIP,784
P100735,Rawalpindi,House,2201.0,5.0,5.0,2016,Yes,2,11450000.0,Saad Siddiqui,2022-09-30 00:00:00,1,13.9,Good,urgent,736
P101353,Lahore,House,1635.0,3.0,2.0,2005,No,2,7850000.0,Ali Raza,2024-04-06 00:00:00,2,10.5,Excellent,owner waiting,1354
P101035,Islamabad,Villa,2043.0,4.0,4.0,1985,Yes,3,20500000.0,Hassan Sheikh,2022-07-22 00:00:00,1,3.3,Good,VIP,1036
P100970,Karachi,House,1676.0,2.0,2.0,2009,No,1,11350000.0,Ayesha Butt,2025-03-23 00:00:00,2,7.0,Average,follow up,971
P100470,Lahore,Apartment,1681.0,3.0,3.0,1999,Yes,1,7700000.0,Sara Siddiqui,2022-06-18 00:00:00,2,4.3,Needs Renovation,VIP,471
P100655,Lahore,House,1932.0,4.0,4.0,1995,Yes,2,8450000.0,Bilal Ahmed,2022-06-08 00:00:00,2,1.3,Needs Renovation,VIP,656
P102387,Karachi,Apartment,1349.0,2.0,2.0,1980,No,1,6050000.0,Omar Butt,2023-10-25 00:00:00,2,3.6,Good,,2388
P101909,Faisalabad,House,754.0,2.0,2.0,1998,Yes,4,2600000.0,  Saad Sheikh  ,2022-11-28 00:00:00,2,12.2,Good,VIP,1910
P101909,Faisalabad,House,754.0,2.0,2.0,1998,Yes,4,2600000.0,  Saad Sheikh  ,2022-11-28 00:00:00,2,12.2,Good,VIP,1910
P102364,Islamabad,Apartment,400.0,1.0,1.0,1992,No,2,2300000.0,Hina Iqbal,2025-04-07 00:00:00,2,8.4,Excellent,urgent,2365
P101396,Islamabad,House,1623.0,2.0,1.0,2013,Yes,1,13450000.0,Zain Raza,2025-11-27 00:00:00,2,10.3,Needs Renovation,,1397
P101536,Multan,House,1041.0,2.0,2.0,1987,No,2,3850000.0,Fatima Siddiqui,2022-08-10 00:00:00,3,2.2,Good,,1537
P102044,Hyderabad,House,2380.0,5.0,4.0,2000,No,1,6000000.0,Ahmed Sheikh,2022-02-16 00:00:00,2,6.8,Excellent,call later,2045
P102213,Lahore,Townhouse,2241.0,4.0,4.0,2007,No,2,10800000.0,Omar Ahmed,2025-03-03 00:00:00,3,8.8,Average,nan,2214
P101549,Karachi,Apartment,2507.0,4.0,4.0,1991,No,2,12850000.0,Sara Butt,2024-12-26 00:00:00,2,10.9,New,nan,1550
P101328,Karachi,Townhouse,1197.0,3.0,3.0,2007,Yes,0,5600000.0,  Saad Shah  ,2024-09-10 00:00:00,4,3.1,Excellent,follow up,1329
P101256,Rawalpindi,House,1687.0,3.0,3.0,2008,Yes,3,8600000.0,Maham Ahmed,2024-02-02 00:00:00,2,11.8,New,follow up,1257
P102192,Rawalpindi,apartment,2325.0,3.0,2.0,2022,Yes,3,11650000.0,Zain Raza,2023-08-16 00:00:00,2,9.9,Excellent,,2193
P101425,Lahore,Apartment,2344.0,5.0,5.0,2009,Yes,1,11600000.0,Zain Siddiqui,2024-06-13 00:00:00,1,4.3,Average,VIP,1426
P101464,Islamabad,House,1177.0,3.0,3.0,2014,Yes,1,9250000.0,Ali Qureshi,2022-01-01 00:00:00,1,15.5,Good,owner waiting,1465
P101555,Rawalpindi,Villa,1921,5.0,4.0,2024,No,1,12250000.0,Hamza Qureshi,2022-04-17 00:00:00,1,3.7,Good,VIP,1556
P102186,Multan,House,1985.0,3.0,3.0,1980,No,1,5700000.0,Bilal Butt,2023-12-10 00:00:00,1,3.1,Excellent,follow up,2187
P101250,Karachi,House,1563.0,4.0,3.0,1996,No,1,8400000.0,Zain Butt,2022-02-28 00:00:00,2,3.1,Good,call later,1251
P101699,Rawalpindi,House,658.0,1.0,1.0,2002,No,0,2550000.0,Fatima Shah,2022-08-08 00:00:00,2,8.8,Average,VIP,1700
P101252,Karachi,Apartment,1811.0,4.0,4.0,1992,Yes,1,9650000.0,Hina Sheikh,2022-06-17 00:00:00,3,4.2,Excellent,urgent,1253
P102459,Islamabad,Apartment,1385.0,3.0,2.0,2006,No,2,8800000.0,Bilal Siddiqui,2023-08-25 00:00:00,3,7.3,Excellent,,2460
P102352,Karachi,Villa,2391.0,4.0,3.0,1991,No,2,15100000.0,Ali Qureshi,2024-07-14 00:00:00,3,2.1,Good,,2353
P101236,Karachi,House,2644.0,5.0,5.0,2014,No,1,15900000.0,Hassan Raza,2023-02-24 00:00:00,2,7.9,Good,nan,1237
P100885,Lahore,Apartment,1474.0,3.0,2.0,1992,No,1,6400000.0,Danish Khan,2025-08-13 00:00:00,2,11.9,New,call later,886
P100079,Multan,Townhouse,2096.0,3.0,3.0,2014,Yes,3,7200000.0,Danish Malik,2023-04-02 00:00:00,3,10.2,New,call later,80
P101172,Karachi,House,1439.0,3.0,2.0,2000,No,1,8850000.0,Ahmed Sheikh,2024-03-27 00:00:00,2,4.8,Excellent,VIP,1173
P100814,Karachi,House,2634.0,4.0,4.0,1997,No,2,13200000.0,Omar Iqbal,2023-02-24 00:00:00,3,2.1,Good,VIP,815
P101852,Lahore,Apartment,1635.0,3.0,3.0,1990,No,3,8600000.0,Danish Qureshi,2022-09-10 00:00:00,3,2.6,Good,nan,1853
P102031,Lahore,House,,3.0,3.0,1993,No,3,14200000.0,Danish Qureshi,2023-10-30 00:00:00,2,10.7,Good,,2032
P100671,Islamabad,Apartment,2167.0,4.0,4.0,2003,Yes,2,12800000.0,Usman Ahmed,2024-12-10 00:00:00,2,19.7,Average,owner waiting,672
P102218,Peshawar,Apartment,1671.0,3.0,3.0,1981,Yes,1,5950000.0,Ahmed Malik,2025-07-05 00:00:00,3,5.4,Good,urgent,2219
P102475,Karachi,House,1830.0,4.0,4.0,1991,No,2,10250000.0,Usman Ahmed,2023-02-26 00:00:00,3,6.4,Excellent,owner waiting,2476
P100057,Islamabad,House,1867.0,4.0,,2005,No,1,11450000.0,Sara Malik,2024-03-30 00:00:00,2,3.3,Good,VIP,58
P100133,Lahore,Apartment,783.0,2.0,1.0,1990,Yes,1,3600000.0,  Sara Butt  ,2023-11-09 00:00:00,2,1.1,Good,owner waiting,134
P101140,Lahore,House,1593.0,3.0,3.0,1980,Yes,1,9650000.0,Fatima Raza,2024-11-09 00:00:00,2,11.7,Good,owner waiting,1141
P100933,Rawalpindi,House,2072.0,4.0,3.0,2012,No,3,9800000.0,Bilal Iqbal,2024-03-23 00:00:00,1,2.7,Needs Renovation,follow up,934
P100928,Islamabad,Townhouse,1603.0,3.0,2.0,1980,False,2,11250000.0,Usman Malik,2024-11-21 00:00:00,3,2.7,Excellent,VIP,929
P100823,Islamabad,Villa,2089.0,4.0,4.0,1985,No,2,16950000.0,Maham Ahmed,2025-99-99,2,18.2,Good,owner waiting,824
P101432,Karachi,Apartment,2494.0,6.0,6.0,2024,No,2,11700000.0,Ayesha Siddiqui,2024-04-08 00:00:00,4,19.7,Excellent,,1433
P101392,Karachi,Apartment,400.0,1.0,1.0,2007,Yes,1,1700000.0,Usman Malik,2023-08-16 00:00:00,3,4.3,Good,urgent,1393
P101531,Karachi,House,2843.0,6.0,6.0,2013,No,1,16400000.0,Hamza Butt,2025-03-20 00:00:00,2,6.2,New,nan,1532
P101214,Karachi,Villa,1363.0,,1.0,2007,No,3,10600000.0,Saad Butt,2023-08-28 00:00:00,2,11.9,Average,VIP,1215
P100504,Islamabad,House,1947.0,5.0,5.0,1985,No,1,12900000.0,Omar Malik,2023-10-17 00:00:00,1,2.0,Excellent,call later,505
P101537,Rawalpindi,Villa,2584.0,5.0,4.0,1991,Yes,1,15700000.0,Saad Siddiqui,2023-10-11 00:00:00,2,4.5,Good,,2505
P100347,Karachi,House,1732.0,3.0,3.0,1995,Yes,2,10500000.0,  Hassan Khan  ,2022-07-28 00:00:00,2,15.4,Good,nan,348
P101996,KHI,Apartment,2194.0,4.0,4.0,2019,No,1,12150000.0,Hina Iqbal,2022-09-26 00:00:00,1,3.6,Excellent,,1997
P100386,Rawalpindi,House,1632.0,3.0,2.0,1983,Yes,2,7100000.0,Ahmed Iqbal,2024-10-13 00:00:00,2,6.2,New,,387
P101024,Islamabad,Apartment,1788.0,4.0,3.0,2017,No,2,"9,150,000",Ali Khan,2024-06-25 00:00:00,2,17.2,Needs Renovation,owner waiting,1025
P101958,Faisalabad,House,1362.0,2.0,1.0,2006,No,3,5000000.0,Ali Butt,,2,2.8,Good,call later,1959
P101384,Peshawar,Townhouse,1279.0,2.0,2.0,1988,No,3,4500000.0,Ali Malik,2024-08-27 00:00:00,2,2.2,Needs Renovation,follow up,1385
P100894,Rawalpindi,Apartment,2422.0,5.0,4.0,1983,Yes,2,9400000.0,Hassan Raza,2023-01-18 00:00:00,2,7.5,Good,,895
P100828,Faisalabad,Apartment,1980.0,4.0,3.0,2003,No,2,"5,900,000",Sara Siddiqui,2024-09-11 00:00:00,2,4.0,Average,owner waiting,829
P102468,Islamabad,House,1473.0,3.0,3.0,1997,Yes,3,12350000.0,Maham Siddiqui,2025-10-11 00:00:00,2,3.2,Good,owner waiting,2469
P100475,Lahore,Villa,1697.0,3.0,2.0,2007,No,1,10950000.0,Omar Siddiqui,2025-05-17 00:00:00,2,7.6,Good,nan,476
P101683,Karachi,Apartment,2000.0,4.0,3.0,2004,Yes,1,9300000.0,Hina Sheikh,2022-10-21 00:00:00,2,3.1,Good,owner waiting,1684
P102171,Karachi,House,2037.0,4.0,4.0,1995,Yes,3,12550000.0,Ahmed Butt,2025-12-18 00:00:00,2,24.4,Good,,2172
P102361,Karachi,Villa,2414.0,6.0,6.0,1991,No,3,15400000.0,Zain Raza,2024-06-18 00:00:00,3,1.9,Average,nan,2362
P102156,Karachi,Villa,,3.0,3.0,2020,No,2,7300000.0,Ali Iqbal,2024-09-17 00:00:00,3,2.2,Good,urgent,2157
P102119,,Apartment,1749.0,4.0,3.0,2021, yes ,1,9200000.0,Zain Iqbal,2025-08-25 00:00:00,2,5.2,Average,,2120
P100652,Rawalpindi,House,2097.0,4.0,4.0,1999,No,3,10650000.0,Fatima Ahmed,2025-10-28 00:00:00,1,12.8,Average,follow up,653
P100172,Karachi,House,1796.0,4.0,4.0,2020,No,1,11600000.0,Bilal Siddiqui,2025-08-20 00:00:00,3,5.9,Average,call later,173
P101474,Lahore,House,1323.0,2.0,1.0,2021,No,0,7550000.0,Ayesha Butt,2023-12-03 00:00:00,2,2.2,Good,,1475
P101149,Faisalabad,Villa,2256.0,4.0,3.0,1988,Yes,1,10300000.0,Omar Khan,2024-06-16 00:00:00,3,13.3,Good,urgent,1150
P100038,Karachi,House,1667.0,3.0,3.0,2009,Yes,3,9700000.0,Danish Shah,2022-02-15 00:00:00,3,9.0,Average,VIP,39
P101554,Karachi,Villa,2700.0,5.0,4.0,1995,Yes,2,25450000.0,Hamza Khan,2023-10-14 00:00:00,4,6.1,Excellent,VIP,1555
P102419,Peshawar,House,1732.0,-3.0,4.0,2020,No,3,"7,150,000",Ali Qureshi,2022-07-20 00:00:00,2,9.6,Excellent,follow up,2420
P100713,Peshawar,Apartment,2308.0,5.0,5.0,1982,Yes,2,6650000.0,Hina Iqbal,2022-08-06 00:00:00,3,6.5,Needs Renovation,nan,714
P100090,Karachi,Villa,1921.0,4.0,4.0,1985,No,1,13550000.0,Fatima Sheikh,2022-12-18 00:00:00,1,8.7,New,follow up,91
P100166,Multan,Villa,2592.0,6.0,6.0,1983,No,0,11300000.0,Ahmed Shah,2024-04-05 00:00:00,4,5.3,Good,follow up,167
P101205,Karachi,House,1003.0,2.0,2.0,2017,No,2,5800000.0,Bilal Khan,2025-02-04 00:00:00,1,10.2,Good,call later,1206
P100875,Faisalabad,House,1133.0,2.0,1.0,1983,No,2,3450000.0,Omar Iqbal,2024-03-29 00:00:00,2,7.4,New,,876
P100444,Karachi,House,1154.0,3.0,3.0,2019,Yes,2,7700000.0,Danish Raza,2025-04-22 00:00:00,3,6.9,Average,urgent,445
P102438,Lahore,Apartment,1590.0,3.0,3.0,2021,Yes,1,8400000.0,Hamza Khan,2022-06-04 00:00:00,3,7.3,New,owner waiting,2439
P100916,Karachi,Apartment,1955.0,3.0,3.0,1980,No,1,8700000.0,Fatima Butt,2025-01-03 00:00:00,2,2.4,New,call later,2516
P102467,Islamabad,House,,6.0,6.0,1985,Yes,2,19950000.0,Danish Qureshi,2023-03-01 00:00:00,4,25.2,New,call later,2468
P101093,KHI,House,1570.0,3.0,3.0,2019,Yes,3,9150000.0,Omar Iqbal,2023-11-04 00:00:00,2,5.4,Good,owner waiting,1094
P101827,Lahore,Apartment,1381.0,2.0,1.0,1984,No,3,4900000.0,Ayesha Iqbal,2025-09-21 00:00:00,3,3.9,Good,owner waiting,1828
P101155,karachi,House,1504.0,3.0,2.0,2013,No,0,7400000.0,Danish Sheikh,2023-07-14 00:00:00,2,6.9,Good,follow up,1156
P101324,Lahore,Apartment,1574.0,4.0,4.0,1989,Yes,1,6850000.0,Zain Butt,2023-11-04 00:00:00,1,1.3,Good,call later,1325
P100216,Karachi,Apartment,1536.0,2.0,2.0,2016,Yes,2,9050000.0,Fatima Iqbal,2022-07-22 00:00:00,1,2.5,New,follow up,217
P100510,Karachi,House,1526.0,3.0,2.0,2012,No,2,8050000.0,Ayesha Sheikh,2022-11-15 00:00:00,4,4.3,Good,nan,511
P101680,Rawalpindi,Apartment,1592.0,3.0,2.0,1986,Yes,2,6950000.0,Hina Siddiqui,2023-12-01 00:00:00,1,8.6,Good,,1681
P100499,Lahore,House,1537.0,2.0,2.0,2019,Yes,3,9150000.0,Zain Khan,2022-08-16 00:00:00,2,3.4,Excellent,VIP,500
P102091,Faisalabad,Apartment,1836.0,4.0,3.0,2001,Yes,3,5600000.0,Usman Sheikh,2023-07-19 00:00:00,2,4.3,New,VIP,2092
P101856,Karachi,townhouse,2139.0,4.0,4.0,1984,No,1,9950000.0,Hina Siddiqui,2025-03-26 00:00:00,3,6.1,Good,VIP,1857
P101388,Peshawar,Townhouse,2435.0,,5.0,1980,No,2,7500000.0,Bilal Malik,2025-06-05 00:00:00,1,11.0,Average,,1389
P101519,Karachi,Apartment,1032.0,2.0,2.0,2003,Yes,1,4400000.0,,2022-08-23 00:00:00,2,15.7,Good,call later,1520
P102299,Rawalpindi,Villa,2102.0,3.0,2.0,2003,Yes,1,12850000.0,Hassan Khan,2024-02-13 00:00:00,2,13.3,Good,nan,2300
P101540,Multan,House,1638.0,2.0,2.0,2008,Yes,4,6500000.0,Omar Iqbal,2022-05-26 00:00:00,2,6.4,Average,call later,1541
P101217,Islamabad,Villa,2344.0,4.0,3.0,2004,Yes,1,26150000.0,Hina Sheikh,2025-01-09 00:00:00,3,27.8,Excellent,nan,1218
P101416, Islamabad ,Apartment,483.0,2.0,1.0,1983,No,0,2900000.0,Ali Khan,,1,0.5,Good,nan,1417
P102124,Lahore,House,1565.0,4.0,3.0,1993,No,3,7800000.0,Ayesha Shah,2022-12-27 00:00:00,2,7.8,Excellent,call later,2125
P101676,Rawalpindi,Apartment,1742.0,3.0,2.0,1986,No,3,6750000.0,Zain Khan,2023-06-20 00:00:00,3,14.8,Good,owner waiting,1677
P101197,Islamabad,House,3036.0,4.0,4.0,2012,Yes,2,23750000.0,Omar Siddiqui,2025-04-19 00:00:00,2,10.8,Average,nan,1198
P101542,Lahore,House,2117.0,4.0,4.0,2011,No,2,11600000.0,Maham Sheikh,2023-12-04 00:00:00,4,6.4,Good,VIP,1543
P100953,Karachi,House,1832.0,5.0,5.0,2018,No,3,9400000.0,Bilal Siddiqui,2022-02-27 00:00:00,2,7.3,Good,,954
P100750,Karachi,Townhouse,2947.0,5.0,5.0,2015,Yes,0,16200000.0,Hassan Raza,2024-01-31 00:00:00,2,12.7,Good,follow up,751
P100234,Peshawar,House,2217.0,4.0,4.0,2021,No,1,7900000.0,Sara Iqbal,2023-01-21 00:00:00,2,5.6,Good,follow up,235
P100732,Karachi,Apartment,1250.0,3.0,3.0,1987,Yes,3,7100000.0,Bilal Butt,2023-12-30 00:00:00,1,5.0,Good,follow up,733
P101034,Lahore,Apartment,1600.0,2.0,2.0,2014,Yes,0,6650000.0,Omar Malik,2024-09-23 00:00:00,3,5.9,Good,call later,2528
P101156,Karachi,House,1287.0,2.0,2.0,2015,Yes,1,7550000.0,Maham Ahmed,2023-05-17 00:00:00,2,1.8,Good,follow up,1157
P102170,Lahore,House,2348.0,4.0,3.0,2009,Yes,1,13100000.0,Saad Ahmed,2024-02-05 00:00:00,2,4.4,Good,call later,2171
P101209,Lahore,Apartment,2878.0,6.0,6.0,2022,No,1,12150000.0,Danish Khan,2022-06-30 00:00:00,2,8.6,Good,call later,1210
P101065,Hyderabad,Villa,2496.0,5.0,4.0,1998,No,0,"8,800,000",Ayesha Sheikh,2025-03-25 00:00:00,1,6.7,Excellent,urgent,1066
P101062,Karachi,Townhouse,736.0,2.0,2.0,2010,Yes,3,3900000.0,Fatima Qureshi,2025-11-12 00:00:00,1,8.4,Needs Renovation,nan,1063
P101167,Islamabad,House,2270.0,4.0,4.0,2002,No,1,16350000.0,Zain Siddiqui,2022-12-20 00:00:00,3,6.0,New,owner waiting,1168
P101492,Islamabad,House,3078.0,7.0,6.0,1999,Yes,2,"24,500,000",Maham Malik,2025-02-16 00:00:00,4,12.4,Average,call later,1493
P102087,Lahore,Townhouse,2639.0,5.0,4.0,1988,No,1,12400000.0,Saad Sheikh,2022-02-09 00:00:00,4,2.6,Needs Renovation,urgent,2088
P100884,Karachi,House,2953.0,5.0,5.0,2007,Yes,1,20250000.0,Zain Siddiqui,2025-10-23 00:00:00,2,8.8,New,VIP,885
P100143,Islamabad,Villa,1440.0,3.0,3.0,1986,No,2,13800000.0,Omar Raza,2022-11-26 00:00:00,4,3.3,Good,VIP,144
P102487,Multan,House,1414.0,1.0,1.0,2005,Yes,1,5450000.0,Ahmed Siddiqui,2025-04-04 00:00:00,2,10.6,Good,nan,2488
P100850,Karachi,House,832.0,2.0,1.0,2017,NO,2,3900000.0,Hina Iqbal,2025-11-04 00:00:00,2,10.7,Good,urgent,851
P100717,karachi,House,1578.0,3.0,3.0,1982,Yes,1,11350000.0,Ali Ahmed,2024-01-07 00:00:00,3,1.0,Excellent,owner waiting,718
P102405,Karachi,Apartment,685.0,3.0,3.0,2003,Yes,3,3100000.0,Sara Qureshi,2023-01-31 00:00:00,2,7.3,Average,urgent,2406
P100264,Peshawar,House,2401.0,4.0,4.0,2018,Yes,1,8950000.0,Zain Malik,2022-11-06 00:00:00,2,5.1,Average,urgent,265
P100075,Karachi,Apartment,2430.0,4.0,4.0,1999,Yes,3,8150000.0,Omar Butt,2025-11-10 00:00:00,2,6.3,Good,call later,76
P100395,Lahore,House,1270.0,2.0,,1993,No,2,5950000.0,Omar Khan,2022-06-21 00:00:00,2,1.6,Excellent,owner waiting,396
P102147,Hyderabad,house,2539.0,5.0,4.0,1987,No,4,10050000.0,Ahmed Khan,2022-03-06 00:00:00,3,2.2,Good,nan,2148
P102369,Islamabad,Apartment,2289.0,4.0,4.0,1982,No,1,15100000.0,Fatima Raza,2024-01-11 00:00:00,2,12.6,Excellent,owner waiting,2370
P100396,Multan,Townhouse,500.0,1.0,1.0,2005,Yes,2,1600000.0,Sara Iqbal,2022-08-13 00:00:00,2,1.8,Good,nan,397
P101365,Islamabad,house,2708.0,4.0,3.0,1980,No,4,21000000.0,Omar Khan,2023-12-24 00:00:00,2,5.9,Good,VIP,1366
P102107,HYDERABAD,House,977.0,1.0,1.0,1993,No,1,3000000.0,Hassan Butt,2023-02-01 00:00:00,1,5.0,Excellent,,2108
P101903,Karachi,House,950.0,2.0,2.0,1996,Yes,2,6600000.0,Usman Sheikh,2022-08-16 00:00:00,1,5.9,Average,VIP,1904
P100595,KHI,House,1875.0,5.0,5.0,1980,YES,2,13000000.0,Ali Qureshi,2023-04-26 00:00:00,1,1.4,New,VIP,596
P101296,Karachi,Apartment,1859.0,3.0,3.0,1987,No,1,8700000.0,Hassan Khan,2022-01-30 00:00:00,1,5.2,Excellent,follow up,1297
P101821,Lahore,Apartment,1190.0,2.0,2.0,2004,No,3,4100000.0,Bilal Iqbal,2022-10-06 00:00:00,3,9.5,Excellent,owner waiting,1822
P100872,Hyderabad,Villa,1911.0,3.0,2.0,2010,No,2,8500000.0,  Usman Khan  ,2022-05-04 00:00:00,2,10.2,Good,nan,873
P101548,Lahore,House,963.0,1.0,1.0,2007,No,2,5350000.0,Zain Sheikh,2022-12-19 00:00:00,2,1.7,Needs Renovation,owner waiting,1549
P100036,Karachi,Villa,1767.0,2.0,2.0,2011,Yes,2,12550000.0,Omar Raza,2022-03-06 00:00:00,3,5.3,Good,nan,37
P102131,Rawalpindi,House,754.0,2.0,1.0,1994,No,3,3300000.0,Zain Raza,2024-02-09 00:00:00,1,9.1,Good,urgent,2132
P102154,Islamabad,House,1436.0,1.0,1.0,1985,Yes,2,9550000.0,Ayesha Shah,2025-07-13 00:00:00,3,9.8,Good,follow up,2155
P100977,Lahore,Townhouse,2207.0,2.0,2.0,1981,Yes,1,10350000.0,Omar Ahmed,2023-04-28 00:00:00,2,19.4,Good,owner waiting,978
P101571,Islamabad,Apartment,2220.0,5.0,4.0,1997,No,4,15150000.0,Ali Ahmed,2023-05-14 00:00:00,3,7.1,Excellent,nan,1572
P101122,Multan,APARTMENT,1665.0,3.0,2.0,1986,No,3,6000000.0,Fatima Iqbal,2025-11-25 00:00:00,3,14.5,New,urgent,1123
P101892,Islamabad,Apartment,3046.0,5.0,5.0,2007,No,3,18650000.0,Sara Shah,2022-02-12 00:00:00,3,4.6,Good,VIP,1893
P100675,Lahore,House,1588.0,3.0,3.0,2017,No,1,8200000.0,Ali Shah,2023-10-08 00:00:00,3,1.6,Good,,676
P100728,Lahore,Apartment,1766.0,4.0,,2019,No,1,8850000.0,Hamza Shah,2023-05-15 00:00:00,3,2.3,New,VIP,729
P100412,Karachi,Apartment,1117.0,1.0,1.0,2014,Yes,2,5600000.0,Maham Iqbal,2024-03-16 00:00:00,3,2.0,New,call later,413
P101516,Karachi,House,1535.0,4.0,4.0,2009,Yes,1,8700000.0,Omar Raza,2025-05-03 00:00:00,3,4.6,Good,urgent,1517
P101649,Multan,House,2526.0,5.0,5.0,1994,No,3,8450000.0,Fatima Raza,2024-02-20 00:00:00,1,3.8,Excellent,,1650
P100825,Karachi,Villa,1053.0,3.0,3.0,1984,NO,4,"7,600,000",Usman Raza,2023-10-29 00:00:00,2,6.2,Good,nan,826
P100616,Rawalpindi,House,1929.0,3.0,2.0,2023,Yes,3,9950000.0,Ahmed Siddiqui,2023-04-23 00:00:00,1,11.5,Good,urgent,617
P100114,Karachi,House,1260.0,1.0,1.0,1995,Yes,3,7950000.0,  Ali Shah  ,2022-08-13 00:00:00,2,3.0,Good,,115
P100417,,Villa,1219.0,2.0,2.0,1988,Yes,0,7200000.0,  Hamza Malik  ,2025-04-26 00:00:00,1,8.5,New,VIP,418
P101625,Rawalpindi,House,,4.0,3.0,2000,No,1,9200000.0,Ayesha Qureshi,2024-05-13 00:00:00,3,11.7,Good,nan,1626
P102485,Lahore,House,1673.0,3.0,3.0,1988,No,3,9900000.0,Maham Ahmed,2022-03-02 00:00:00,3,7.7,Excellent,follow up,2486
P100089,Lahore,House,1484.0,3.0,2.0,1988,No,2,7200000.0,Ahmed Ahmed,2022-10-16 00:00:00,1,5.2,Average,owner waiting,90
P102082,Rawalpindi,Villa,2820.0,5.0,5.0,1983,Yes,3,17700000.0,Ali Qureshi,2023-03-01 00:00:00,1,15.1,New,nan,2083
P100753,Lahore,Apartment,400.0,1.0,1.0,2008,Yes,3,"1,950,000",Zain Sheikh,2022-11-20 00:00:00,2,10.4,Excellent,call later,754
P101630,Lahore,Apartment,1959.0,2.0,1.0,1986,NO,2,8100000.0,Hamza Ahmed,2023-07-06 00:00:00,1,1.9,Good,VIP,1631
P100011,Peshawar,House,2064.0,3.0,3.0,2001,No,2,8600000.0,Usman Siddiqui,2025-03-28 00:00:00,1,4.6,Average,owner waiting,12
P100284,Islamabad,House,1815.0,3.0,3.0,2002,Yes,2,15950000.0,Ayesha Ahmed,2024-02-21 00:00:00,1,6.2,Excellent,nan,285
P101066,Lahore,Villa,515.0,1.0,1.0,2009,No,2,3150000.0,Saad Raza,2024-12-14 00:00:00,2,3.2,New,VIP,1067
P101191,Lahore,Apartment,995.0,1.0,1.0,2020,No,1,3500000.0,Zain Shah,,2,4.0,Good,owner waiting,1192
P101440,Karachi,House,2335.0,3.0,3.0,1998,No,1,11900000.0,Hina Ahmed,2022-09-13 00:00:00,2,9.0,Good,urgent,1441
P102371,Lahore,House,1070.0,2.0,1.0,1997,,3,6000000.0,Hamza Shah,2023-12-27 00:00:00,2,3.0,Good,VIP,2372
P102370,Lahore,House,1374.0,3.0,3.0,2014,Yes,3,7650000.0,Sara Butt,2022-10-02 00:00:00,2,2.0,Average,call later,2371
P102289,Karachi,Apartment,811.0,2.0,1.0,2022,Yes,2,4150000.0,Fatima Iqbal,2025-06-05 00:00:00,3,5.6,Excellent,,2290
P101568,Lahore,Townhouse,1695.0,,3.0,1981,No,1,"7,450,000",Hassan Shah,2023-09-06 00:00:00,3,17.3,Average,call later,1569
P102174,Lahore,Apartment,2977.0,,5.0,1984,Yes,1,15200000.0,Sara Raza,2023-04-29 00:00:00,3,6.0,Good,urgent,2175
P101687,Lahore,House,2461.0,5.0,5.0,2005,No,2,14500000.0,Bilal Iqbal,2024-09-26 00:00:00,3,4.1,New,call later,1688
P100851,KARACHI,House,400.0,1.0,1.0,2007,Yes,3,100000000.0,Usman Malik,2022-03-11 00:00:00,2,2.9,Good,nan,852
P100895,Faisalabad,Townhouse,3350.0,7.0,6.0,2004,No,1,10200000.0,Fatima Shah,2022-01-15 00:00:00,2,9.1,Excellent,VIP,896
P100496,Lahore,Apartment,2283.0,5.0,4.0,1989,Yes,0,11200000.0,Fatima Qureshi,2022-01-25 00:00:00,2,13.4,Excellent,call later,497
P101782,Karachi,Apartment,3289.0,7.0,6.0,2021,No,2,13350000.0,Maham Siddiqui,2022-11-15 00:00:00,2,7.4,Average,call later,1783
P100335,Islamabad,Apartment,2049.0,3.0,3.0,2014,Yes,1,13300000.0,Hina Qureshi,2022-04-09 00:00:00,3,3.8,Excellent,urgent,336
P100515,Karachi,Apartment,1887.0,5.0,5.0,1987,No,0,7900000.0,Bilal Butt,2022-06-08 00:00:00,1,21.0,Excellent,,516
P101348,Lahore,House,2281.0,4.0,4.0,1988,No,3,13600000.0,Ayesha Sheikh,2022-10-05 00:00:00,3,0.9,Excellent,,1349
P101015,Karachi,Villa,1717.0,3.0,3.0,2008,No,2,13200000.0,Bilal Siddiqui,2024-10-18 00:00:00,1,12.1,Average,VIP,1016
P102377,Islamabad,Apartment,2788.0,5.0,5.0,1994,No,0,13000000.0,Sara Khan,2023-06-11 00:00:00,2,2.5,Average,nan,2378
P101781,Multan,House,2978.0,5.0,4.0,2005,Yes,1,10650000.0,Ahmed Malik,2024-05-11 00:00:00,2,11.3,Good,,1782
P101785,Faisalabad,House,50000.0,3.0,3.0,1985,No,3,4650000.0,Zain Raza,2023-01-04 00:00:00,2,11.3,New,nan,1786
P102070, Faisalabad ,House,2198.0,3.0,2.0,2014,Yes,2,7000000.0,Saad Malik,,2,11.7,New,follow up,2071
P100356,Rawalpindi,Apartment,1545.0,2.0,2.0,1990,No,2,5100000.0,Sara Qureshi,2022-10-08 00:00:00,2,8.7,Good,owner waiting,357
P102412,Lahore,House,1147.0,3.0,2.0,2019,Yes,2,7350000.0,Omar Sheikh,2025-09-29 00:00:00,2,6.5,Excellent,owner waiting,2413
P101312,,Apartment,2256.0,4.0,4.0,1986,Yes,2,15850000.0,Maham Malik,2024-09-02 00:00:00,3,10.9,New,call later,1313
P101635,Lahore,House,447.0,2.0,2.0,2023,Yes,2,2600000.0,Hina Shah,2024-04-08 00:00:00,2,6.5,Average,VIP,1636
P100550,Lahore,Villa,3187.0,7.0,6.0,1999, yes ,2,23850000.0,Hina Raza,2022-02-12 00:00:00,2,6.5,Good,call later,551
P101227,Lahore,House,1530.0,,4.0,1995,No,1,6550000.0,Saad Shah,2025-07-17 00:00:00,2,6.0,Excellent,,1228
P102262,Lahore,Townhouse,2248.0,4.0,4.0,2020,No,1,12100000.0,Hamza Ahmed,2023-11-22 00:00:00,3,5.1,New,nan,2263
P100957,Lahore,Townhouse,2302.0,5.0,5.0,1995,Yes,4,12000000.0,Sara Malik,2023-10-28 00:00:00,2,3.7,Excellent,,958
P101773,Faisalabad,Villa,1156.0,1.0,1.0,1984,No,1,4750000.0,Bilal Shah,2024-11-01 00:00:00,3,3.8,Good,owner waiting,1774
P102141,Lahore,House,,3.0,3.0,1981,Yes,1,10300000.0,Maham Sheikh,2024-07-28 00:00:00,1,5.8,Excellent,urgent,2142
P101008,Rawalpindi,Apartment,2984.0,7.0,6.0,2006,No,2,11250000.0,Ahmed Iqbal,2025-07-18 00:00:00,3,12.4,Excellent,owner waiting,1009
P101092,Karachi,Villa,1815.0,3.0,3.0,2001,No,1,12650000.0,Danish Iqbal,2022-08-10 00:00:00,4,9.4,New,nan,1093
P102256,Peshawar,House,3330.0,6.0,6.0,2024,No,2,13050000.0,Usman Iqbal,2023-12-31 00:00:00,2,9.9,New,call later,2257
P100996,Islamabad,Apartment,,5.0,5.0,2013,yes,2,16650000.0,Bilal Siddiqui,2024-08-22 00:00:00,1,3.2,Average,call later,997
P101679,Islamabad,Villa,1405.0,2.0,2.0,2008,No,3,12300000.0,Danish Siddiqui,2022-06-09 00:00:00,2,11.7,Good,VIP,1680
P100153,Islamabad,Apartment,2514.0,4.0,4.0,1986,Yes,2,14750000.0,Hassan Siddiqui,2025-04-27 00:00:00,1,3.6,Average,nan,154
P100580,Lahore,House,2285.0,4.0,4.0,2002,Yes,1,11500000.0,Omar Sheikh,2024-02-18 00:00:00,3,7.7,Good,,581
P101470,Peshawar,Townhouse,1706.0,4.0,4.0,1993,Yes,2,6500000.0,Zain Ahmed,2022-11-15 00:00:00,3,3.7,Good,urgent,1471
P100703,Faisalabad,Apartment,2676.0,6.0,6.0,2014,No,1,7600000.0,Fatima Butt,2024-05-13 00:00:00,2,10.7,Good,owner waiting,704
P101212,Islamabad,Townhouse,862.0,1.0,1.0,1996,No,2,5500000.0,Hassan Qureshi,2022-05-04 00:00:00,2,14.2,New,owner waiting,1213
P100896,Karachi,House,1906.0,3.0,3.0,1992,Yes,1,11450000.0,Bilal Raza,2023-10-26 00:00:00,2,12.9,New,,897
P100487,Karachi,Apartment,1342.0,2.0,1.0,2008,No,1,6150000.0,Ali Shah,2025-02-12 00:00:00,2,10.6,Average,call later,488
P100559,Lahore,House,1910.0,4.0,3.0,2017,No,2,9850000.0,Hassan Iqbal,2024-09-06 00:00:00,1,4.1,Needs Renovation,call later,560
P101141,Multan,House,,3.0,3.0,1987,No,2,5450000.0,Fatima Shah,2025-05-17 00:00:00,3,3.4,Good,call later,1142
P101119,Faisalabad,Townhouse,1832.0,4.0,3.0,1987,No,0,4250000.0,Bilal Qureshi,2024-02-28 00:00:00,1,5.1,Good,follow up,1120
P100512,Karachi,Villa,775.0,1.0,1.0,1999,Yes,2,6150000.0,Hina Butt,2025-03-12 00:00:00,2,6.9,New,,513
P100633,Lahore,House,698.0,1.0,1.0,1983,No,0,3600000.0,Usman Shah,2024-01-10 00:00:00,2,0.9,Good,owner waiting,634
P102181,Hyderabad,House,2390,4.0,4.0,1984,Yes,2,7600000.0,Hassan Qureshi,2022-08-16 00:00:00,2,5.9,Good,,2182
P101664,Peshawar,Apartment,2385.0,4.0,4.0,1985,Yes,2,6550000.0,Omar Butt,2024-10-22 00:00:00,2,5.3,Excellent,call later,1665
P101012,Lahore,Townhouse,2809.0,5.0,4.0,1996,Yes,1,"12,550,000",Hassan Raza,2022-04-19 00:00:00,2,7.5,New,VIP,1013
P101931,Islamabad,Townhouse,1927.0,4.0,4.0,2024,Yes,1,14100000.0,Ayesha Shah,2025-10-15 00:00:00,2,13.0,New,follow up,1932
P101150,Karachi,House,400.0,1.0,1.0,2014,No,2,2250000.0,Hassan Qureshi,2024-08-31 00:00:00,3,1.5,Average,owner waiting,1151
P102374,Lahore,Apartment,1634.0,,3.0,1994,No,1,6550000.0,Bilal Siddiqui,2024-03-02 00:00:00,3,2.6,Average,,2375
P100116,Rawalpindi,House,2400.0,5.0,5.0,2015,No,2,9400000.0,Usman Raza,2022-02-19 00:00:00,2,3.4,Good,nan,117
P100740,Karachi,Villa,2007.0,4.0,4.0,1991,No,3,16650000.0,Hassan Khan,2023-08-06 00:00:00,1,2.6,Good,follow up,741
P102337,Lahore,House,684.0,1.0,1.0,1997,Yes,1,4250000.0,Sara Qureshi,2024-08-07 00:00:00,3,4.7,Excellent,VIP,2338
P101974,Karachi,Apartment,860.0,2.0,2.0,2005,Yes,1,4300000.0,Danish Qureshi,,3,9.2,Good,,1975
P101081,Peshawar,Villa,1434.0,2.0,2.0,1997,Yes,2,9400000.0,Omar Raza,2025-04-17 00:00:00,2,9.9,Excellent,urgent,1082
P101810,Karachi,Apartment,2883.0,6.0,,2006,No,3,15050000.0,Saad Malik,2024-04-17 00:00:00,3,4.2,Excellent,VIP,1811
P100830,Islamabad,Townhouse,1182.0,3.0,3.0,1985,No,1,7200000.0,Bilal Khan,2023-01-23 00:00:00,2,12.1,Good,call later,831
P100119,Islamabad,Townhouse,1732.0,3.0,2.0,2021,Yes,3,14900000.0,Ayesha Sheikh,2022-06-15 00:00:00,2,4.0,Good,follow up,120
P100656,Faisalabad,House,950.0,1.0,1.0,1991,Yes,2,2600000.0,Omar Raza,2024-10-14 00:00:00,2,8.9,Excellent,call later,657
P102310,Hyderabad,Apartment,1328.0,3.0,3.0,1984,Yes,1,3950000.0,Ali Butt,2024-07-16 00:00:00,1,2.0,Excellent,follow up,2311
P102271,Islamabad,House,,4.0,0.0,1999,True,0,10300000.0,Ali Sheikh,2025-11-18 00:00:00,2,3.2,Good,follow up,2272
P102479,Peshawar,Townhouse,827.0,1.0,1.0,2001,No,1,3100000.0,Bilal Butt,2022-07-17 00:00:00,2,23.5,Average,follow up,2480
P100635,Karachi,Villa,1435.0,2.0,1.0,2006,Yes,2,14600000.0,Ahmed Sheikh,2024-08-07 00:00:00,2,7.1,Good,,636
P100369,Faisalabad,House,1911.0,,3.0,2019,Yes,2,8900000.0,Danish Siddiqui,2023-04-03 00:00:00,2,12.9,Good,follow up,370
P100268,Karachi,Villa,1206.0,3.0,2.0,2011,No,0,8950000.0,Sara Ahmed,2023-05-01 00:00:00,3,9.8,Average,,269
P100046,Lahore,Townhouse,2430.0,3.0,3.0,2005,No,2,13100000.0,Ahmed Sheikh,2024-07-05 00:00:00,2,2.3,Good,follow up,47
P100991,Rawalpindi,House,1815.0,4.0,4.0,1995,Yes,1,8250000.0,Hassan Raza,2023-07-18 00:00:00,3,7.3,Average,owner waiting,992
P100876,Lahore,House,1855.0,3.0,3.0,1982,Yes,1,10300000.0,Sara Ahmed,2023-04-19 00:00:00,3,13.8,Good,nan,877
P100773,Faisalabad,Apartment,2205.0,100.0,3.0,2017,N,3,6550000.0,Hina Raza,2023-05-19 00:00:00,2,3.9,Excellent,follow up,774
P101219,Karachi,Apartment,2349.0,4.0,3.0,2010,No,4,11950000.0,Hina Malik,2023-12-06 00:00:00,3,7.9,Excellent,follow up,1220
P101126,Lahore,Villa,2054.0,,3.0,1981,False,2,"14,550,000",Ayesha Raza,2024-02-10 00:00:00,1,6.8,Good,nan,1127
P100004,Karachi,House,1519.0,2.0,1.0,2017,No,1,8300000.0,Hamza Shah,2025-09-07 00:00:00,1,8.5,Good,VIP,5
P101595,Rawalpindi,House,570.0,1.0,1.0,1988,Yes,3,2200000.0,Ahmed Khan,2025-06-06 00:00:00,3,11.3,Good,VIP,1596
P101077,Lahore,House,1107.0,3.0,3.0,2013,Yes,3,7000000.0,Fatima Raza,2024-11-28 00:00:00,2,2.6,Good,call later,1078
P100837,Hyderabad,Villa,1695.0,2.0,2.0,1980,No,3,5700000.0,Danish Siddiqui,2024-08-26 00:00:00,3,10.7,Good,follow up,838
P100681,Karachi,House,2756.0,5.0,4.0,1990,No,0,16150000.0,Ayesha Shah,2023-03-30 00:00:00,3,1.7,Good,owner waiting,682
P101715,Multan,House,1303.0,2.0,2.0,1991,Yes,2,5050000.0,  Danish Iqbal  ,2022-03-08 00:00:00,2,4.3,Needs Renovation,,1716
P102197,Lahore, Apartment ,2083.0,4.0,4.0,1989,Yes,2,10450000.0,Danish Siddiqui,2022-04-18 00:00:00,3,2.2,Good,follow up,2198
P101148,Lahore,House,1282.0,4.0,4.0,2008,Yes,3,8100000.0,Maham Raza,2025-09-29 00:00:00,2,13.8,Good,VIP,1149
P100574,Faisalabad,Villa,1031.0,2.0,1.0,1998,Yes,2,4900000.0,Saad Khan,2022-04-25 00:00:00,1,7.6,New,call later,575
P100050,Karachi,Apartment,2387.0,5.0,5.0,2011,NO,2,11250000.0,Omar Iqbal,2025-02-28 00:00:00,2,7.8,Excellent,,51
P100853,Peshawar,House,2591.0,5.0,5.0,1984,Yes,2,10950000.0,nan,2025-09-04 00:00:00,1,4.6,Good,,854
P101982,Faisalabad,Villa,858.0,1.0,1.0,1989,No,2,2800000.0,Maham Sheikh,2024-06-04 00:00:00,4,16.1,Average,call later,1983
P101823,Islamabad,House,839.0,1.0,1.0,1990,Yes,1,6800000.0,Fatima Raza,2023-02-03 00:00:00,2,4.1,Average,owner waiting,1824
P100833,Rawalpindi,House,1949.0,4.0,,1991,No,3,6450000.0,Fatima Raza,2025-08-18 00:00:00,1,6.5,Average,urgent,834
P101115,Karachi,Apartment,1072.0,2.0,1.0,1990,No,2,4550000.0,Ahmed Iqbal,2024-03-27 00:00:00,1,5.4,Good,,1116
P101166,Multan,House,1661.0,2.0,2.0,2016,No,1,6350000.0,Danish Shah,2024-10-30 00:00:00,2,8.8,Good,owner waiting,1167
P101906,Lahore,Townhouse,982.0,2.0,2.0,2022,No,1,4100000.0,Ali Khan,2025-04-04 00:00:00,3,18.5,New,urgent,1907
P101906,Lahore,Townhouse,982.0,2.0,2.0,2022,No,1,4100000.0,Ali Khan,2025-04-04 00:00:00,3,18.5,New,urgent,1907
P100971,Karachi,House,2356.0,4.0,3.0,1987,Yes,3,13600000.0,Omar Raza,2022-01-31 00:00:00,2,2.2,Good,owner waiting,972
P100399,,House,1414.0,3.0,2.0,2009,No,2,7050000.0,  Sara Siddiqui  ,2025-02-23 00:00:00,2,9.6,Good,,400
P100019, Islamabad ,House,1900.0,3.0,3.0,2015,Yes,1,"13,250,000",Hamza Siddiqui,2024-04-27 00:00:00,3,8.1,Good,urgent,20
P100684,islamabad,House,839.0,2.0,2.0,1989,No,1,5850000.0,Hamza Siddiqui,2023-08-10 00:00:00,1,6.9,Good,,685
P100035,Karachi,Apartment,2478.0,3.0,3.0,2013,Yes,2,11300000.0,Bilal Khan,2024-09-12 00:00:00,3,12.5,Good,owner waiting,36
P102396,Karachi,House,1317.0,3.0,2.0,1998,No,1,7500000.0,Hassan Khan,2022-08-31 00:00:00,2,6.4,Good,call later,2397
P100524,Karachi,House,1703.0,3.0,2.0,1998,No,2,9650000.0,Danish Raza,2023-05-18 00:00:00,2,6.1,Good,owner waiting,525
P100920,Karachi,Villa,1967.0,3.0,2.0,2013,No,4,16800000.0,Bilal Sheikh,2025-07-10 00:00:00,1,12.9,Good,nan,921
P101841,Islamabad,House,2685.0,5.0,4.0,1989,No,1,23250000.0,Bilal Siddiqui,2022-01-11 00:00:00,2,9.4,Excellent,owner waiting,1842
P101890,Karachi,House,791.0,1.0,1.0,1987,No,2,4500000.0,Ali Butt,2024-07-10 00:00:00,1,12.1,New,VIP,1891
P100537,Karachi,House,2098.0,3.0,3.0,1984,No,2,12350000.0,Omar Ahmed,2022-04-09 00:00:00,2,1.6,Good,nan,538
P101705,Hyderabad,Villa,1608.0,3.0,3.0,2010,No,2,6750000.0,Usman Sheikh,2024-02-12 00:00:00,2,9.8,Good,urgent,1706
P102478,Lahore,Villa,1465.0,3.0,3.0,2006,No,2,9750000.0,Omar Raza,2022-08-12 00:00:00,3,6.4,New,follow up,2479
P100245,Faisalabad,Villa,1368.0,2.0,1.0,2015,Yes,1,6550000.0,Ali Shah,2025-06-03 00:00:00,3,2.9,Good,,246
P100784,Hyderabad,House,1886.0,4.0,4.0,2023,Yes,3,7100000.0,Maham Siddiqui,2022-05-06 00:00:00,2,3.4,Average,owner waiting,785
P101409,Rawalpindi,Villa,1748.0,2.0,2.0,1994,No,1,10900000.0,Hamza Iqbal,2023-08-09 00:00:00,3,5.6,Excellent,call later,1410
P100154,Karachi,Apartment,,4.0,4.0,2013,Yes,2,9957000.293158604,Fatima Butt,2025-11-14 00:00:00,3,11.5,Good,follow up,155
P101686,Lahore,House,2084.0,4.0,4.0,2016,No,2,13450000.0,Fatima Iqbal,2023-06-29 00:00:00,2,18.5,Excellent,VIP,1687
P100625,Lahore,House,1748.0,-2.0,3.0,2022,No,2,8500000.0,Hassan Sheikh,2022-05-08 00:00:00,3,8.6,Good,owner waiting,626
P102430,Multan,Villa,1518.0,2.0,2.0,2009,Yes,2,8450000.0,Saad Malik,2023-01-18 00:00:00,2,14.2,Needs Renovation,owner waiting,2431
P101346,Lahore,Apartment,1506.0,3.0,2.0,2009,Yes,3,5750000.0,Ayesha Siddiqui,2024-02-11 00:00:00,2,5.7,Average,call later,1347
P100569,Islamabad,House,2542.0,4.0,3.0,1992,No,1,17650000.0,Hassan Ahmed,2025-09-04 00:00:00,3,3.4,Average,follow up,570
P101758,Peshawar,Townhouse,1829.0,,3.0,1987,No,2,6050000.0,Ali Raza,2023-03-20 00:00:00,1,2.9,Average,VIP,1759
P101816,Rawalpindi,Townhouse,993.0,2.0,1.0,2006,No,3,3650000.0,Hina Shah,2025-11-16 00:00:00,1,4.5,Excellent,nan,1817
P102065,Peshawar,Apartment,1789.0,4.0,3.0,1990,No,3,5350000.0,Ahmed Siddiqui,2025-10-10 00:00:00,2,13.6,New,follow up,2066
P100127,Karachi,House,627.0,1.0,1.0,1988,Yes,1,2600000.0,Saad Khan,2025-06-13 00:00:00,2,6.4,Excellent,urgent,128
P100670,Karachi,Townhouse,1047.0,3.0,3.0,2014,No,2,6200000.0,Saad Sheikh,2024-02-19 00:00:00,2,8.1,Good,call later,2515
P102006,Lahore,House,1806.0,4.0,4.0,1988,Yes,0,7450000.0,Hina Raza,2022-01-25 00:00:00,3,3.2,Average,nan,2007
P100980,Hyderabad,House,2555.0,5.0,4.0,2020,,1,9050000.0,Sara Iqbal,,1,4.6,Good,owner waiting,981
P100190,Peshawar,Townhouse,2493.0,5.0,5.0,1999,No,2,9950000.0,Bilal Butt,,2,9.0,Good,follow up,191
P101139,Rawalpindi,Apartment,2392,4.0,3.0,2021,Yes,4,12800000.0,Omar Sheikh,2023-04-09 00:00:00,2,14.8,Excellent,owner waiting,1140
P100992,Multan,Villa,3291.0,6.0,5.0,1995,No,2,12750000.0,Ali Malik,2025-10-25 00:00:00,1,4.5,Excellent,nan,993
P100699,Karachi,Townhouse,1150.0,3.0,3.0,2007,No,1,6400000.0,Bilal Malik,2023-06-26 00:00:00,3,7.7,Good,VIP,700
P100606,Faisalabad,House,2217.0,4.0,4.0,1989,Yes,0,10600000.0,Usman Shah,2025-11-04 00:00:00,2,4.2,Excellent,urgent,607
P100180,Faisalabad,Villa,1722.0,3.0,2.0,1991,No,1,7800000.0,Bilal Raza,2024-06-16 00:00:00,1,18.0,Average,follow up,181
P100301,Karachi,Apartment,1265.0,2.0,0.0,1999,No,2,5150000.0,Hassan Qureshi,2024-03-27 00:00:00,2,11.8,Excellent,,302
P101060,Peshawar,Apartment,,4.0,3.0,2018,Yes,1,6600000.0,Omar Raza,2022-12-16 00:00:00,4,5.1,Good,follow up,1061
P102388,Rawalpindi,HOUSE,2100.0,2.0,1.0,1990,Yes,1,9150000.0,Hassan Sheikh,2025-07-02 00:00:00,2,5.0,Good,call later,2389
P102431,Rawalpindi,Apartment,1144.0,2.0,2.0,2009,No,4,4150000.0,Danish Khan,2025-09-22 00:00:00,3,1.3,Good,follow up,2432
P101069,Lahore,House,2382.0,3.0,3.0,2023,Yes,1,11650000.0,  Saad Malik  ,2025-09-19 00:00:00,2,6.5,Excellent,call later,1070
P102205,Islamabad,House,2264.0,5.0,5.0,2009,No,1,15300000.0,Ahmed Ahmed,2022-10-30 00:00:00,1,13.2,Good,follow up,2206
P101243,Karachi,Apartment,2314.0,4.0,4.0,2009,No,2,8550000.0,Danish Siddiqui,2023-11-12 00:00:00,2,9.7,Good,nan,1244
P100016,Islamabad,House,1641.0,3.0,3.0,2007,No,0,11000000.0,Ahmed Ahmed,2025-10-20 00:00:00,1,2.2,Good,call later,17
P101606,Hyderabad,Apartment,1336.0,3.0,3.0,2021,Yes,1,3300000.0,Hamza Iqbal,2023-05-27 00:00:00,2,10.0,Good,,2518
P100546,Lahore,Apartment,1293.0,1.0,1.0,1982,Yes,2,4550000.0,Maham Malik,2025-10-29 00:00:00,2,2.6,Average,,547
P100658,Islamabad,Townhouse,400.0,1.0,1.0,1982,Yes,2,2850000.0,Hina Iqbal,2022-11-17 00:00:00,2,5.0,Excellent,VIP,659
P102283,Rawalpindi,Apartment,1430.0,2.0,2.0,1984,Yes,1,6700000.0,Fatima Sheikh,2025-04-01 00:00:00,2,3.3,New,nan,2284
P102313,Karachi,Townhouse,2360.0,5.0,5.0,1995,No,0,11200000.0,Danish Khan,2022-07-22 00:00:00,2,6.6,Excellent,owner waiting,2314
P101504,Multan,Apartment,939.0,3.0,3.0,2003,No,1,3000000.0,Danish Shah,2023-07-31 00:00:00,2,11.1,Needs Renovation,VIP,1505
P100959,Islamabad,Villa,1677.0,2.0,2.0,2011,No,2,16050000.0,Hina Raza,2024-02-19 00:00:00,1,3.0,Excellent,urgent,960
P100797,Karachi,Apartment,630.0,1.0,1.0,2000,Yes,2,2450000.0,Ahmed Iqbal,2024-08-09 00:00:00,1,9.6,Average,follow up,798
P100225,Peshawar,Apartment,1724.0,3.0,2.0,1984,Yes,4,5500000.0,Ali Malik,2023-09-14 00:00:00,2,12.2,Average,nan,226
P102074,Lahore,Villa,2159.0,5.0,5.0,2024,No,1,16600000.0,Sara Siddiqui,2024-12-26 00:00:00,2,2.6,Good,VIP,2075
P101799,Islamabad,Apartment,2056.0,3.0,2.0,1996,No,2,13500000.0,Bilal Siddiqui,2022-01-16 00:00:00,2,4.3,Excellent,nan,1800
P102287,Rawalpindi,Apartment,2131.0,3.0,3.0,2018,Yes,1,"8,200,000",Hina Malik,2022-08-03 00:00:00,1,22.2,Good,call later,2504
P102085,Karachi,Villa,2648.0,4.0,4.0,1995,Yes,0,19150000.0,Fatima Butt,2024-06-27 00:00:00,3,2.3,Excellent,urgent,2086
P101693,Rawalpindi,Villa,2667.0,5.0,4.0,2006,No,1,16650000.0,Danish Khan,2022-02-03 00:00:00,3,0.4,Average,owner waiting,1694
P101045,Lahore,Apartment,881.0,2.0,1.0,1985,Yes,1,3250000.0,Zain Raza,2024-11-13 00:00:00,1,1.6,New,urgent,1046
P100469,Lahore,House,2028.0,3.0,3.0,1999,No,2,12950000.0,Danish Malik,2023-05-15 00:00:00,3,4.3,Good,VIP,470
P100954,Peshawar,Townhouse,1173.0,3.0,2.0,1993,No,2,4000000.0,Bilal Ahmed,2025-09-01 00:00:00,3,2.9,Average,urgent,955
P101131,Lahore,Townhouse,634.0,1.0,1.0,1995,,0,3100000.0,Ali Khan,2023-06-02 00:00:00,2,1.8,Average,,2514
P100639,,House,2228.0,5.0,5.0,2005,No,1,6550000.0,Ayesha Ahmed,2023-10-09 00:00:00,2,7.0,New,follow up,640
P102350,Karachi,House,2297.0,6.0,6.0,2005,True,0,16700000.0,Ahmed Qureshi,2023-10-02 00:00:00,2,8.5,Average,call later,2351
P101218,Rawalpindi,Townhouse,1152.0,2.0,2.0,2019,Yes,1,5850000.0,Ahmed Butt,2024-04-25 00:00:00,2,4.9,Average,,1219
P101158,Lahore,Villa,2053.0,5.0,5.0,1990,No,2,13450000.0,Danish Iqbal,2022-01-23 00:00:00,3,0.7,Good,call later,1159
P101415,Multan,House,956.0,2.0,1.0,1981,No,1,3450000.0,Hina Iqbal,2024-06-07 00:00:00,2,10.7,Average,owner waiting,1416
P102292,Islamabad,House,1647.0,2.0,1.0,2015,No,3,13100000.0,Sara Siddiqui,2024-08-26 00:00:00,2,4.6,Good,,2293
P101527,Lahore,Apartment,1417.0,3.0,2.0,2020,Yes,1,6700000.0,Ayesha Butt,2025-10-02 00:00:00,3,2.7,Excellent,call later,1528
P102469,Lahore,Apartment,2046.0,3.0,3.0,2014,No,2,8000000.0,Hina Qureshi,2023-02-02 00:00:00,3,7.8,Average,,2470
P101300,Karachi,House,995.0,2.0,1.0,2018,no,1,5350000.0,Saad Raza,2025-05-04 00:00:00,3,9.0,Good,,1301
P102424,Peshawar,Apartment,1623.0,2.0,2.0,1985,No,2,5300000.0,Danish Iqbal,2024-07-21 00:00:00,3,11.4,Excellent,urgent,2425
P101603,Multan,House,1478.0,1.0,1.0,1992,Yes,2,4800000.0,Usman Malik,2023-11-23 00:00:00,3,14.1,Excellent,call later,1604
P100160,Karachi,Villa,969.0,2.0,2.0,1990,No,3,6750000.0,Usman Qureshi,2024-01-10 00:00:00,2,11.9,Good,VIP,161
P101704, Lahore ,Apartment,1970.0,5.0,5.0,1992,No,1,8500000.0,Ali Shah,2022-04-28 00:00:00,1,2.4,Excellent,call later,1705
P100956,Multan,Townhouse,414.0,1.0,1.0,2004,No,1,1550000.0,Ahmed Qureshi,2023-03-12 00:00:00,3,4.2,Good,nan,957
P102464,Karachi,House,1734.0,4.0,4.0,2002,No,2,8850000.0,Maham Sheikh,2022-08-22 00:00:00,2,12.5,Excellent,owner waiting,2465
P100877,Lahore,Townhouse,1149.0,2.0,1.0,1986,No,0,3600000.0,Zain Sheikh,2025-11-22 00:00:00,3,9.9,Average,VIP,878
P101919,Peshawar,Apartment,682.0,1.0,1.0,1982,N,1,2300000.0,Hamza Sheikh,2025-07-25 00:00:00,2,2.2,Excellent,follow up,1920
P101884,Lahore,Villa,2599.0,4.0,4.0,2017,No,2,17700000.0,Sara Sheikh,2022-10-11 00:00:00,2,4.2,Excellent,,1885
P102200,Karachi,Townhouse,1919.0,4.0,4.0,1995,No,1,8300000.0,Maham Malik,2023-03-18 00:00:00,3,2.9,Excellent,urgent,2201
P100098,Karachi,Townhouse,2065.0,4.0,4.0,2006,,1,10550000.0,Maham Butt,2024-12-27 00:00:00,2,12.1,Good,,99
P102394,Islamabad,Apartment,1999.0,4.0,,1996,No,2,10500000.0,Ali Ahmed,2024-10-12 00:00:00,2,8.1,Good,VIP,2395
P100253,Karachi,House,1708.0,3.0,3.0,1995,Yes,3,8650000.0,  Bilal Qureshi  ,2024-09-26 00:00:00,2,8.7,New,owner waiting,254
P100103,Hyderabad,Villa,587.0,1.0,1.0,2011,No,2,2650000.0,Ahmed Siddiqui,2024-04-07 00:00:00,2,5.5,Good,call later,104
P101445,Islamabad,Villa,1882.0,4.0,3.0,2001,No,3,18100000.0,Usman Shah,2025-06-18 00:00:00,3,7.4,Good,urgent,1446
P101443,Karachi,Apartment,1767.0,3.0,3.0,1994,No,4,8000000.0,Maham Sheikh,2023-10-15 00:00:00,2,10.1,New,follow up,1444
P101648,Peshawar,House,1944.0,3.0,3.0,2009,Yes,2,9600000.0,Hassan Ahmed,2025-07-19 00:00:00,3,1.7,Excellent,VIP,1649
P100586,Karachi,House,2016.0,3.0,2.0,1985,No,1,9350000.0,Ahmed Sheikh,2025-01-04 00:00:00,2,8.2,Good,owner waiting,587
P100627,Karachi,House,1366.0,3.0,3.0,1984,Yes,2,7950000.0,Ayesha Khan,2024-10-30 00:00:00,1,1.3,Excellent,call later,628
P101696,Karachi,House,1650.0,3.0,3.0,1992,Yes,3,13100000.0,Ali Raza,2025-05-19 00:00:00,2,1.4,Good,nan,1697
P102101,Karachi,Townhouse,2746.0,5.0,4.0,2021,No,2,16000000.0,Fatima Khan,2022-02-15 00:00:00,1,2.8,Excellent,call later,2102
P102199,Islamabad,Villa,1107.0,2.0,2.0,2007,Yes,2,10700000.0,Saad Iqbal,2024-07-03 00:00:00,2,11.1,Good,follow up,2200
P100403,Karachi,Townhouse,1053.0,2.0,2.0,1991,No,4,4950000.0,Ali Shah,2024-09-26 00:00:00,2,7.3,New,owner waiting,404
P101154,Islamabad,House,1953.0,4.0,4.0,2012,Yes,2,"15,250,000",Hassan Qureshi,2025-04-05 00:00:00,4,1.9,Good,follow up,1155
P102255,Islamabad,apartment,1472.0,3.0,3.0,2008,No,2,9000000.0,Saad Khan,2023-06-14 00:00:00,2,9.0,Good,owner waiting,2256
P101682,Rawalpindi,Apartment,,2.0,1.0,1991,No,3,2100000.0,Ahmed Raza,2022-09-25 00:00:00,2,8.4,Excellent,follow up,1683
P102056,Hyderabad,Villa,1415.0,2.0,2.0,1983,Yes,2,6650000.0,Zain Shah,2023-04-02 00:00:00,2,6.4,Excellent,owner waiting,2057
P102407,Karachi,House,1442.0,3.0,3.0,2023,,3,100000000.0,Ahmed Khan,2022-11-01 00:00:00,2,5.9,Good,follow up,2408
P100452,Rawalpindi,House,1959.0,5.0,5.0,2013,No,3,8150000.0,,2024-10-03 00:00:00,2,11.1,Average,urgent,453
P102301,Rawalpindi,House,1576.0,3.0,2.0,1992,Yes,2,7450000.0,Danish Siddiqui,2023-08-17 00:00:00,1,1.6,Good,urgent,2302
P101327,Islamabad,House,2617.0,5.0,4.0,2022,Yes,1,23800000.0,Hamza Iqbal,2025-03-04 00:00:00,3,5.7,New,urgent,1328
P102049,Lahore,House,1208.0,1.0,1.0,1980, no ,2,6400000.0,Omar Siddiqui,2025-05-01 00:00:00,2,7.0,Good,VIP,2050
P100880,Lahore,House,400.0,1.0,1.0,1988,No,1,2150000.0,Saad Siddiqui,2023-06-19 00:00:00,1,8.9,Average,VIP,881
P102466,Multan,House,,1.0,1.0,1996,Yes,2,2300000.0,Hamza Ahmed,2025-06-09 00:00:00,2,6.3,Excellent,owner waiting,2467
P100623,Lahore,Apartment,991.0,3.0,3.0,1989,No,2,4900000.0,Maham Shah,2023-09-13 00:00:00,2,9.1,Good,owner waiting,624
P102344,rawalpindi,House,1581.0,,3.0,1991,No,2,5000000.0,Ayesha Butt,2025-02-20 00:00:00,3,6.3,New,owner waiting,2345
P101787,Rawalpindi,HOUSE,1428.0,2.0,1.0,2009,Yes,3,7600000.0,Sara Butt,2022-07-01 00:00:00,1,9.8,New,owner waiting,1788
P100262,Lahore,House,400.0,1.0,1.0,2008,No,0,2150000.0,Sara Khan,2022-10-11 00:00:00,1,2.6,New,urgent,263
P101634,Hyderabad,Apartment,1610.0,3.0,3.0,1997,No,2,3700000.0,Omar Sheikh,2025-09-29 00:00:00,3,7.5,Excellent,call later,1635
P101438,Peshawar,Apartment,1354.0,,2.0,2019,Yes,2,5100000.0,Zain Qureshi,2023-11-27 00:00:00,1,8.0,Good,nan,1439
P102198,Karachi,Apartment,1483.0,4.0,3.0,2017,No,1,6650000.0,Ayesha Siddiqui,2022-03-28 00:00:00,2,17.8,Average,VIP,2199
P101969,,House,400.0,1.0,1.0,1994,Yes,2,2600000.0,Saad Khan,2023-02-19 00:00:00,4,9.6,Good,nan,1970
P101802,Karachi,Townhouse,713.0,1.0,1.0,1994,Yes,1,3600000.0,Hamza Shah,2023-11-10 00:00:00,1,7.0,Good,VIP,1803
P100640,Rawalpindi,House,,1.0,1.0,1996,No,1,5000000.0,Hamza Shah,2024-12-21 00:00:00,3,2.9,Average,nan,641
P102397,Karachi,Apartment,3105.0,5.0,4.0,1984,,1,13300000.0,Bilal Sheikh,2022-12-12 00:00:00,2,2.3,Good,owner waiting,2398
P101959,Islamabad,Villa,2599.0,4.0,4.0,2009,Yes,2,32700000.0,Hamza Butt,2024-06-27 00:00:00,2,4.4,Excellent,nan,1960
P100488,Islamabad,House,2880.0,5.0,4.0,1990,Yes,2,20350000.0,Hamza Malik,2025-07-11 00:00:00,2,8.3,Good,call later,489
P101843,Peshawar,House,1320.0,3.0,2.0,2020,Yes,1,5800000.0,Zain Sheikh,2025-05-01 00:00:00,3,4.3,Good,nan,1844
P101734,Faisalabad,House,1742.0,3.0,2.0,1987,Yes,1,5850000.0,Fatima Malik,2025-03-07 00:00:00,2,7.5,Excellent,follow up,1735
P100146,Lahore,Apartment,,2.0,2.0,1985,No,2,1750000.0,Fatima Ahmed,2025-01-17 00:00:00,2,2.4,Average,VIP,147
P101534,Karachi,House,1495.0,3.0,3.0,1999,No,3,10350000.0,Saad Siddiqui,2025-09-22 00:00:00,1,11.9,Needs Renovation,VIP,1535
P101986,Karachi,Villa,2013.0,3.0,2.0,2015,No,1,15950000.0,Fatima Khan,2024-02-27 00:00:00,2,3.2,Average,call later,1987
P101369,Lahore,Apartment,2879.0,5.0,5.0,1999,No,0,13000000.0,Zain Raza,2023-03-25 00:00:00,1,8.7,New,,1370
P102482,Karachi,House,1436.0,1.0,1.0,2012,No,1,7950000.0,Maham Malik,2024-12-14 00:00:00,4,12.5,New,nan,2483
P100659,Lahore,House,2067.0,4.0,4.0,2000,,0,9600000.0,Hina Qureshi,2024-07-19 00:00:00,1,4.4,Average,owner waiting,660
P101794,Peshawar,Villa,630.0,1.0,1.0,1992,Yes,2,"3,500,000",Ahmed Qureshi,2024-06-14 00:00:00,2,1.4,Good,nan,1795
P100186,Lahore,House,1933.0,2.0,2.0,1989,Yes,1,10000000.0,Ahmed Siddiqui,2025-11-20 00:00:00,3,4.4,Good,call later,187
P101147,Multan,House,,3.0,3.0,1992,Yes,1,6250000.0,Sara Ahmed,2022-05-03 00:00:00,1,12.6,Good,call later,1148
P100608, Rawalpindi ,House,,2.0,2.0,1980,Yes,2,6250000.0,Saad Raza,2024-03-09 00:00:00,2,1.4,Good,urgent,609
P102191,Islamabad,House,1845.0,4.0,4.0,2000,No,2,12200000.0,Hassan Malik,2022-08-12 00:00:00,3,8.8,Good,call later,2192
P101930,Islamabad,House,1446.0,2.0,1.0,1982,No,3,12350000.0,Ayesha Ahmed,2022-07-06 00:00:00,2,15.6,Average,follow up,1931
P100197,Faisalabad,House,1970.0,4.0,4.0,2009,Yes,0,7100000.0,Fatima Ahmed,2024-08-03 00:00:00,2,6.7,New,urgent,198
P102327,Karachi,House,2538.0,5.0,5.0,1996,Yes,0,15200000.0,Unknown,2024-01-15 00:00:00,2,14.5,New,urgent,2328
P100293,Karachi,Townhouse,1419.0,3.0,3.0,1997,No,2,7350000.0,Sara Siddiqui,2023-01-16 00:00:00,4,5.1,Average,VIP,294
P100766,Karachi,House,408.0,1.0,1.0,1999,No,1,2150000.0,Danish Iqbal,2022-06-15 00:00:00,2,12.1,Good,owner waiting,767
P100400,Lahore,House,2984.0,6.0,6.0,2000,Yes,1,18600000.0,Ahmed Malik,2024-09-09 00:00:00,1,11.3,Good,follow up,401
P100122,Karachi,House,1505.0,1.0,1.0,1993,No,4,"7,300,000",Hamza Khan,2025-11-10 00:00:00,1,4.4,New,follow up,123
P100202,Lahore,House,1285.0,3.0,2.0,1998,True,4,7350000.0,Usman Raza,2025-11-15 00:00:00,2,2.7,Average,nan,203
P100835,Islamabad,House,720,1.0,1.0,1995,No,1,6100000.0,Hassan Siddiqui,2022-10-05 00:00:00,4,6.5,Excellent,,836
P102294,Karachi,House,1383.0,5.0,5.0,1982,Yes,3,7700000.0,Hamza Iqbal,2022-11-18 00:00:00,2,4.0,Excellent,urgent,2295
P101439,Hyderabad,House,1102.0,2.0,1.0,2000,Yes,3,4150000.0,Hamza Sheikh,2022-04-26 00:00:00,3,3.7,Good,urgent,1440
P101733,Karachi,Villa,1660.0,3.0,3.0,2014,Yes,1,14450000.0,Zain Qureshi,2023-12-24 00:00:00,3,7.0,Average,urgent,1734
P101695,Islamabad,Apartment,1402.0,2.0,2.0,2001,Yes,2,8400000.0,Ahmed Sheikh,2025-05-25 00:00:00,3,2.1,Average,VIP,1696
P101707,Lahore,House,2249.0,4.0,4.0,1983,Yes,1,14750000.0,Usman Iqbal,2022-03-28 00:00:00,2,7.7,Good,call later,1708
P102462,Karachi,Apartment,2134.0,4.0,4.0,1980,Yes,1,"10,450,000",Saad Raza,2023-12-30 00:00:00,2,5.4,Good,VIP,2463
P101153,Karachi,House,2636.0,5.0,5.0,1983,No,1,11400000.0,Ahmed Sheikh,2023-11-02 00:00:00,1,13.1,Average,urgent,1154
P101661,Islamabad,House,687.0,2.0,2.0,1997,Yes,2,5650000.0,Ayesha Shah,2022-02-25 00:00:00,3,3.3,Excellent,follow up,1662
P101759,Peshawar,House,2186.0,3.0,3.0,2015,Yes,1,10350000.0,Usman Shah,2024-07-04 00:00:00,2,8.5,Average,follow up,1760
P100854,Karachi,Apartment,1728.0,3.0,3.0,2009,No,1,8150000.0,  Omar Ahmed  ,2022-03-16 00:00:00,2,5.5,Good,owner waiting,855
P101589,Karachi,House,3386.0,6.0,5.0,1987,No,2,16050000.0,Ali Shah,2025-04-27 00:00:00,3,10.9,Needs Renovation,urgent,1590
P102267,Lahore,Apartment,2746.0,4.0,4.0,2019,No,2,10800000.0,Saad Sheikh,2024-08-11 00:00:00,3,21.5,Excellent,call later,2268
P100641,Multan,House,2141.0,5.0,5.0,2001,No,3,6350000.0,Danish Siddiqui,2024-05-08 00:00:00,2,7.4,Average,call later,642
P100001,Lahore,Apartment,1348.0,2.0,1.0,1985,Yes,2,7150000.0,Ayesha Iqbal,2023-02-08 00:00:00,2,17.0,Excellent,follow up,2
P102160,Lahore,Apartment,860.0,2.0,2.0,1986,No,3,3700000.0,Hassan Qureshi,2025-05-01 00:00:00,1,4.4,Good,follow up,2161
P100698,,House,1392,4.0,4.0,2020,No,4,14350000.0,Ali Raza,2025-01-15 00:00:00,2,5.0,Good,follow up,699
P101636,Lahore,Apartment,754.0,1.0,1.0,2001,Yes,3,4000000.0,Fatima Iqbal,2024-05-27 00:00:00,1,9.6,Average,owner waiting,1637
P101291, Islamabad ,House,2562.0,5.0,5.0,2011,Yes,3,19550000.0,Danish Malik,2022-12-12 00:00:00,2,1.4,New,VIP,1292
P102416,Karachi,Apartment,1876.0,3.0,2.0,1990,No,0,8250000.0,Danish Malik,2024-04-09 00:00:00,2,3.6,Average,owner waiting,2417
P101520,Karachi,House,2169.0,3.0,3.0,2011,No,2,12550000.0,Saad Sheikh,2024-01-05 00:00:00,2,3.1,Good,VIP,1521
P101853,Rawalpindi,House,1485.0,4.0,4.0,1991,Yes,3,8000000.0,Sara Shah,2024-02-18 00:00:00,2,16.4,Good,nan,1854
P101136,Lahore,Villa,1063.0,30.0,1.0,2009,Yes,1,8850000.0,Ali Butt,2022-05-28 00:00:00,1,2.7,New,follow up,1137
P102476,Karachi,Apartment,1028.0,2.0,2.0,2017,No,0,5150000.0,Hamza Qureshi,2025-09-28 00:00:00,2,12.2,Good,urgent,2477
P101631,Faisalabad,Apartment,1276.0,3.0,3.0,2001,Yes,1,3850000.0,Sara Sheikh,2025-04-20 00:00:00,1,10.3,Good,call later,1632
P101998,FAISALABAD,Villa,1384.0,2.0,2.0,1990,Yes,2,7050000.0,Omar Iqbal,2025-06-26 00:00:00,2,12.0,Good,owner waiting,1999
P100663,Karachi,Apartment,2092.0,4.0,4.0,2017,No,0,8100000.0,Zain Siddiqui,2025-03-31 00:00:00,2,8.9,Excellent,owner waiting,664
P100683,Lahore,House,1991.0,5.0,5.0,2004,No,4,9200000.0,Zain Ahmed,,3,10.3,New,urgent,684
P101257,Multan,House,1012.0,2.0,1.0,1985,Yes,1,100000000.0,Fatima Iqbal,2024-04-08 00:00:00,2,12.0,Excellent,,1258
P100317,,Apartment,1746.0,3.0,3.0,2004,Yes,1,7350000.0,Ayesha Ahmed,2022-04-14 00:00:00,1,5.6,Average,follow up,318
P100648,Rawalpindi,Villa,1841,4.0,4.0,1995,No,0,9150000.0,Hina Iqbal,2024-04-05 00:00:00,2,3.3,Average,call later,649
P101434,Karachi,Apartment,2058.0,4.0,4.0,2015,Yes,3,11516543.846157974,Maham Siddiqui,2025-03-27 00:00:00,2,5.2,Excellent,owner waiting,1435
P101479,Lahore,Apartment,2445.0,4.0,4.0,2020,No,1,11400000.0,Fatima Sheikh,2024-07-21 00:00:00,3,2.4,Good,nan,1480
P100709,Lahore,House,1578.0,3.0,3.0,2006,Yes,1,8400000.0,Ayesha Ahmed,2025-11-13 00:00:00,2,13.2,Excellent,,710
P101282,Lahore,Townhouse,1286.0,3.0,2.0,1980,Yes,1,6750000.0,Hamza Ahmed,2024-06-15 00:00:00,2,0.5,Average,VIP,1283
P101768,Karachi,Villa,1762.0,3.0,3.0,1993,No,2,16100000.0,Saad Raza,2024-11-21 00:00:00,1,5.3,Good,nan,1769
P100972,Karachi,Flat,2397.0,4.0,4.0,2003,no,0,13400000.0,Hina Khan,2022-04-30 00:00:00,2,5.2,New,nan,973
P101306,Islamabad,Apartment,757.0,2.0,1.0,1984,Yes,2,5250000.0,  Hassan Ahmed  ,2023-07-07 00:00:00,2,22.4,Average,call later,1307
P101400,Lahore,House,400.0,1.0,1.0,2001,No,3,2200000.0,Usman Ahmed,2023-10-12 00:00:00,1,26.4,New,call later,1401
P101408,Faisalabad,Apartment,1079.0,3.0,3.0,2014,Yes,3,4000000.0,Saad Sheikh,2023-12-02 00:00:00,2,9.6,Good,nan,1409
P102237,Lahore,House,1826.0,4.0,4.0,2007,No,1,9600000.0,Sara Raza,2022-04-21 00:00:00,3,2.9,Average,urgent,2238
P101496,Faisalabad,House,1793.0,3.0,3.0,2007,NO,1,6650000.0,Hamza Ahmed,2022-12-08 00:00:00,2,8.1,Excellent,owner waiting,1497
P102038,Islamabad,House,1429.0,2.0,2.0,1991,Yes,2,11150000.0,Bilal Malik,2024-07-20 00:00:00,3,6.5,Average,VIP,2039
P101529,Karachi,Townhouse,966.0,1.0,1.0,1989,Yes,1,5900000.0,Fatima Qureshi,2024-05-24 00:00:00,3,14.3,Average,urgent,1530
P101663,Karachi,House,2142.0,3.0,3.0,2017,No,3,10250000.0,Bilal Malik,2024-05-16 00:00:00,2,1.3,Good,urgent,1664
P101354,Faisalabad,Apartment,2875.0,5.0,5.0,2019,Yes,2,8650000.0,Not Available,2024-08-25 00:00:00,3,10.7,Excellent,owner waiting,1355
P102472,Rawalpindi,Residential House,1632.0,3.0,3.0,1995,No,1,6650000.0,Ahmed Iqbal,2024-06-13 00:00:00,2,13.4,Average,VIP,2473
P102489, Islamabad ,House,2577.0,5.0,4.0,2021,No,2,19250000.0,Zain Malik,2025-08-16 00:00:00,2,10.9,Excellent,urgent,2490
P101643,Karachi,House,2397.0,30.0,5.0,2010,No,2,14950000.0,  Maham Siddiqui  ,2022-01-13 00:00:00,2,4.9,Good,call later,1644
P101051,Karachi,Apartment,2044.0,4.0,3.0,1989,Yes,1,10400000.0,Hina Khan,2022-12-03 00:00:00,3,7.7,Average,VIP,1052
P100795,Lahore,Townhouse,1487.0,3.0,3.0,1997,Yes,3,7850000.0,Zain Siddiqui,2024-02-03 00:00:00,3,9.2,Good,,796
P101597,Karachi,Apartment,1669.0,3.0,2.0,2016,No,2,7750000.0,Fatima Iqbal,2024-09-15 00:00:00,2,26.2,Average,urgent,1598
P101819,Islamabad,House,1489.0,4.0,4.0,2017,Yes,1,11900000.0,Hamza Khan,2023-09-15 00:00:00,1,14.4,Excellent,nan,1820
P101722,Rawalpindi,House,1501.0,3.0,3.0,2022,No,3,9200000.0,Hamza Ahmed,2022-10-09 00:00:00,2,10.2,Excellent,owner waiting,1723
P101183,Karachi,Apartment,1801.0,3.0,2.0,1991,No,1,8400000.0,Bilal Raza,2022-08-06 00:00:00,1,9.4,Good,urgent,1184
P101059,Rawalpindi,Apartment,1859.0,100.0,3.0,1980,No,2,7200000.0,Hina Qureshi,2023-12-13 00:00:00,1,4.0,Good,nan,1060
P100540,Hyderabad,House,913.0,3.0,2.0,1993,No,2,2550000.0,  Usman Butt  ,2022-01-26 00:00:00,1,5.6,Needs Renovation,call later,541
P101678,Faisalabad,Apartment,1546.0,2.0,1.0,2005,Yes,1,4900000.0,Fatima Ahmed,2024-05-22 00:00:00,2,9.1,Average,owner waiting,1679
P102440,Hyderabad,Villa,1520.0,2.0,2.0,2024,Yes,1,6900000.0,Zain Qureshi,2022-11-13 00:00:00,2,5.0,Good,owner waiting,2441
P101757,Hyderabad,Apartment,1491.0,2.0,2.0,1988,Yes,2,5350000.0,Maham Butt,2025-11-16 00:00:00,3,7.2,Good,,1758
P101923,Lahore,House,1620.0,3.0,2.0,2010,Yes,2,8650000.0,Sara Siddiqui,2023-11-04 00:00:00,2,7.6,Average,owner waiting,1924
P100095,Islamabad,Townhouse,1410.0,,3.0,1989,Yes,3,11250000.0,Ahmed Butt,2025-04-08 00:00:00,1,6.5,Excellent,urgent,96
P101020,Faisalabad,Apartment,1995.0,4.0,4.0,1987,True,3,5900000.0,Maham Sheikh,2024-07-16 00:00:00,2,3.9,Excellent,,1021
P100563,Islamabad,Villa,2173.0,4.0,4.0,1985,Yes,4,23400000.0,Hamza Malik,,3,9.0,Good,,564
P100863,Islamabad,Apartment,2079.0,4.0,4.0,2012,No,1,"15,950,000",  Hassan Shah  ,2025-07-29 00:00:00,1,5.1,Excellent,owner waiting,864
P100863,Islamabad,Apartment,2079.0,4.0,4.0,2012,No,1,"15,950,000",  Hassan Shah  ,2025-07-29 00:00:00,1,5.1,Excellent,owner waiting,864
P101484,ISLAMABAD,House,1723.0,2.0,2.0,1986,Yes,3,12500000.0,Usman Ahmed,2023-01-28 00:00:00,2,7.6,New,urgent,1485
P101881,Islamabad,House,2274.0,5.0,5.0,1982,No,2,13700000.0,Ahmed Malik,2024-11-21 00:00:00,3,5.2,Excellent,owner waiting,1882
P101038,Lahore,House,1790.0,3.0,3.0,2000,No,3,10650000.0,Hina Ahmed,2023-05-25 00:00:00,3,13.8,Excellent,follow up,1039
P100206,Karachi,Villa,2548.0,4.0,3.0,2016,No,3,15500000.0,Ali Khan,2022-06-27 00:00:00,1,4.9,Excellent,owner waiting,207
P100392,Islamabad,Apartment,2420.0,4.0,3.0,2004,No,2,15150000.0,Hina Butt,2025-01-24 00:00:00,1,8.2,Good,urgent,393
P100870,Rawalpindi,Villa,1616.0,3.0,3.0,1981,Yes,3,10150000.0,Hassan Iqbal,2022-03-27 00:00:00,2,8.1,Excellent,owner waiting,871
P100397,Karachi,House,1780.0,5.0,4.0,2012,No,3,11050000.0,Usman Raza,2022-04-23 00:00:00,2,4.2,Excellent,call later,398
P102434,Rawalpindi,Apartment,1815.0,3.0,2.0,1983,Yes,1,5650000.0,Danish Khan,2024-01-15 00:00:00,2,7.5,Average,nan,2435
P101028,Rawalpindi,Villa,1138.0,1.0,1.0,2018,,2,8400000.0,Zain Qureshi,2024-07-14 00:00:00,3,6.2,Good,urgent,1029
P101485,Karachi,House,1360.0,4.0,4.0,2016,Yes,0,8550000.0,Fatima Malik,2023-04-03 00:00:00,2,5.2,Excellent,urgent,1486
P100960,Islamabad,Apartment,773.0,2.0,1.0,2020,Yes,4,0.0,Usman Qureshi,2024-03-16 00:00:00,2,14.8,Average,,961
P101570,Lahore,House,2651.0,6.0,5.0,2001,No,1,16550000.0,Ali Khan,2023-08-14 00:00:00,2,18.0,Good,,1571
P101895,Karachi,House,941.0,1.0,1.0,2012,Yes,2,4850000.0,Hassan Iqbal,2024-10-26 00:00:00,3,7.5,Average,owner waiting,1896
P102146,Karachi,Townhouse,2670.0,6.0,6.0,2023,No,1,11300000.0,Omar Sheikh,2023-02-02 00:00:00,3,15.3,New,,2147
P100804,Karachi,Apartment,1131.0,2.0,2.0,2017, yes ,1,5700000.0,Maham Malik,2025-11-19 00:00:00,2,4.0,Average,owner waiting,805
P101751,Karachi,House,1920.0,4.0,3.0,1986,Yes,1,10350000.0,Bilal Raza,2025-02-21 00:00:00,2,2.4,New,,1752
P100502,Peshawar,House,1266.0,3.0,3.0,1988,Yes,3,5150000.0,Ahmed Malik,2025-06-26 00:00:00,3,8.9,Needs Renovation,,503
P100779,Faisalabad,House,1705.0,3.0,3.0,2011,No,0,4950000.0,Ali Shah,2023-02-19 00:00:00,2,1.3,Good,,780
P101863,Islamabad,Townhouse,1194.0,1.0,1.0,1991,Yes,2,10800000.0,Ali Malik,2022-04-12 00:00:00,2,8.3,Excellent,follow up,1864
P100200,Multan,Apartment,1254.0,2.0,2.0,2019,No,0,3800000.0,Zain Khan,2025-10-07 00:00:00,3,5.3,Excellent,VIP,201
P102182,Multan,Villa,1252.0,2.0,1.0,2007,No,3,"6,000,000",Usman Siddiqui,2025-03-04 00:00:00,3,3.8,Good,urgent,2183
P102088,Rawalpindi,Apartment,893.0,1.0,1.0,2006,No,1,2300000.0,Zain Shah,2025-02-19 00:00:00,2,6.7,New,follow up,2089
P102278,Faisalabad,House,1863.0,4.0,4.0,2003,No,1,7050000.0,Hina Iqbal,2025-03-23 00:00:00,1,9.5,Excellent,owner waiting,2279
P101796,Islamabad,Residential House,1282.0,2.0,2.0,1999,No,4,9850000.0,  Omar Butt  ,2022-03-10 00:00:00,2,4.4,Excellent,,1797
P100378,Lahore,Apartment,893.0,2.0,2.0,1987,Yes,2,3100000.0,Hassan Qureshi,2023-03-07 00:00:00,1,1.8,Good,VIP,379
P102336,Faisalabad,House,739.0,2.0,1.0,1990,Yes,1,2700000.0,Ayesha Shah,2022-04-27 00:00:00,2,9.3,Excellent,,2337
P100418,Karachi,House,1673.0,2.0,1.0,2011,No,2,9800000.0,Saad Qureshi,2022-02-27 00:00:00,2,2.4,New,,419
P101698,Hyderabad,House,556.0,1.0,1.0,1986,Yes,2,1700000.0,Ayesha Ahmed,2023-12-18 00:00:00,2,9.3,Excellent,,1699
P100391,Karachi,Townhouse,2267.0,5.0,5.0,2021,Yes,2,11600000.0,Bilal Qureshi,2022-01-24 00:00:00,3,2.8,New,VIP,392
P101522,Faisalabad,House,1078.0,1.0,1.0,2014,Yes,1,4300000.0,Danish Raza,2022-09-05 00:00:00,2,4.6,Excellent,owner waiting,1523
P101162,Multan, Villa ,1660.0,2.0,2.0,1981,No,3,9000000.0,Hamza Khan,2023-12-28 00:00:00,3,4.0,Good,follow up,1163
P101495,Islamabad,House,1271.0,2.0,2.0,1984,Yes,2,8750000.0,Hassan Sheikh,2022-03-06 00:00:00,2,12.9,Average,follow up,1496
P102027,Lahore,Apartment,1033.0,2.0,1.0,2007,Yes,3,5050000.0,Ali Malik,2022-06-09 00:00:00,1,6.3,Good,nan,2028
P101152,Karachi,House,2753.0,6.0,6.0,2007,Yes,2,11850000.0,Hina Shah,2023-11-18 00:00:00,1,7.0,New,owner waiting,1153
P101367,Karachi,House,1145.0,3.0,2.0,1991,No,2,"7,400,000",Sara Khan,2023-08-11 00:00:00,2,2.0,Good,follow up,1368
P100064,islamabad,Apartment,1208.0,1.0,1.0,2002,Yes,1,7650000.0,Danish Raza,2024-09-23 00:00:00,3,3.8,Good,follow up,65
P102062,Lahore,House,400.0,1.0,1.0,2000,No,2,2150000.0,Not Available,2025-03-13 00:00:00,1,7.1,Excellent,urgent,2063
P101180,Rawalpindi,Apartment,2416.0,4.0,4.0,2003,Yes,1,9400000.0,Zain Khan,2025-10-01 00:00:00,2,11.5,Excellent,VIP,1181
P100492,Islamabad,House,1900.0,3.0,3.0,2018,No,2,17600000.0,Hassan Raza,2025-01-10 00:00:00,2,15.6,Average,nan,493
P100379,Rawalpindi,House,733.0,1.0,1.0,2009,Yes,2,3000000.0,Sara Ahmed,2024-02-24 00:00:00,2,29.4,Excellent,,380
P102235,Faisalabad,Apartment,729.0,2.0,2.0,2020,Yes,1,2550000.0,Zain Butt,2023-11-27 00:00:00,1,3.0,Good,owner waiting,2236
P100763,Karachi,Apartment,2150.0,4.0,4.0,1988,Yes,3,11850000.0,Ahmed Butt,2025-04-11 00:00:00,2,2.7,Good,VIP,764
P102264,Islamabad,House,2291.0,5.0,5.0,2018,No,2,15800000.0,Maham Shah,,2,3.5,Good,urgent,2265
P100791,Lahore,Apartment,,2.0,2.0,1999,No,1,4750000.0,Hassan Raza,2025-12-31 00:00:00,2,3.7,Good,,792
P101076,Islamabad,Villa,1784.0,3.0,3.0,1987,No,1,14050000.0,Zain Iqbal,2025-12-22 00:00:00,2,3.1,Good,owner waiting,1077
P100878,Islamabad,Apartment,1578.0,2.0,2.0,1993,No,1,9200000.0,Hassan Malik,2022-05-06 00:00:00,2,5.4,Good,call later,879
P100337,Rawalpindi,House,1191.0,3.0,3.0,1984,No,3,5300000.0,Sara Khan,2023-05-20 00:00:00,3,9.1,Good,urgent,338
P102343,Karachi,House,2075.0,2.0,1.0,1980,No,1,11900000.0,Ali Siddiqui,2025-11-20 00:00:00,1,5.5,Good,owner waiting,2344
P101016,Rawalpindi,Apartment,1559.0,,3.0,2013,Yes,2,6650000.0,Hamza Siddiqui,2023-03-14 00:00:00,2,14.1,Excellent,call later,1017
P101275,Lahore,Apartment,2846.0,4.0,3.0,1986,Yes,1,13500000.0,Danish Raza,,2,11.1,Good,owner waiting,1276
P100455,Karachi,House,20000.0,5.0,4.0,2024, no ,1,13850000.0,Ahmed Shah,2022-12-19 00:00:00,2,4.6,Average,follow up,456
P100815,Faisalabad,House,2128.0,5.0,,1989,No,2,8250000.0,Hassan Qureshi,2022-08-21 00:00:00,2,10.1,Excellent,owner waiting,816
P102317,Rawalpindi,Apartment,1329.0,2.0,2.0,2022,No,2,5200000.0,Ahmed Qureshi,2023-05-14 00:00:00,1,5.6,Good,VIP,2318
P100995,Lahore,Villa,868.0,,1.0,1985,Yes,2,5950000.0,Ali Siddiqui,2024-07-11 00:00:00,2,10.7,Good,,996
P101981,Lahore,Apartment,1693.0,3.0,3.0,1999,Yes,2,6550000.0,Ahmed Raza,2023-01-23 00:00:00,2,8.4,Excellent,owner waiting,1982
P100201,Hyderabad,Apartment,1060.0,3.0,2.0,2009,Yes,2,3100000.0,Hamza Qureshi,2025-03-27 00:00:00,3,5.3,Average,call later,202
P100161,Peshawar,House,1704.0,2.0,2.0,2022,Yes,0,7900000.0,Hassan Iqbal,2023-06-04 00:00:00,2,5.9,Excellent,follow up,162
P101579,Faisalabad,Apartment,1456.0,3.0,2.0,2000,No,1,4350000.0,Usman Sheikh,2022-03-01 00:00:00,1,8.1,Average,owner waiting,1580
P102449,Islamabad,Apartment,1026.0,1.0,1.0,2016,,2,6400000.0,Zain Iqbal,2023-07-28 00:00:00,1,23.3,Excellent,owner waiting,2450
P100702,Karachi,Townhouse,2019.0,3.0,3.0,1987,No,3,10950000.0,Danish Siddiqui,2024-12-11 00:00:00,2,-6.2,Good,nan,703
P101500,Rawalpindi,Apartment,1663.0,2.0,2.0,1982,No,0,5450000.0,Omar Shah,2025-07-25 00:00:00,1,3.7,New,call later,1501
P101129,HYDERABAD,House,1577.0,3.0,3.0,2002,Yes,2,6150000.0,Hina Iqbal,2025-09-09 00:00:00,3,8.2,Average,follow up,1130
P101021,Rawalpindi,Villa,1733.0,3.0,2.0,1997,Yes,2,9150000.0,Omar Ahmed,2022-09-27 00:00:00,1,13.3,Good,,1022
P101585,,Townhouse,1751.0,5.0,5.0,1983,No,2,7150000.0,Sara Khan,2024-02-02 00:00:00,3,4.8,Good,,1586
P101955,Hyderabad,House,1960.0,4.0,3.0,2003,Yes,4,7100000.0,Hassan Qureshi,2025-07-26 00:00:00,3,5.5,Excellent,VIP,1956
P102253,Islamabad,Apartment,1576.0,3.0,,2022,Yes,1,11750000.0,Maham Sheikh,2024-08-10 00:00:00,1,3.8,Excellent,call later,2254
P100034,Lahore,Townhouse,993.0,2.0,2.0,1986,Yes,1,5400000.0,Zain Ahmed,2025-11-09 00:00:00,1,4.3,Excellent,urgent,35
P100775,Faisalabad,Villa,1344.0,3.0,2.0,2004,No,1,5500000.0,Bilal Malik,2022-02-10 00:00:00,2,9.8,Good,VIP,776
P101478,Lahore,Apartment,2177.0,5.0,5.0,2019,Yes,0,11200000.0,Maham Qureshi,2023-02-13 00:00:00,3,6.4,Excellent,owner waiting,1479
P101390,Peshawar,House,1568.0,3.0,3.0,2020,No,3,5850000.0,Fatima Shah,2022-02-28 00:00:00,2,2.7,Good,call later,1391
P102139,Faisalabad,House,1175.0,2.0,2.0,1986,Yes,2,4250000.0,Hamza Shah,2024-01-11 00:00:00,2,13.5,Average,follow up,2140
P101363,Karachi,House,1385.0,1.0,1.0,1988,Yes,2,9350000.0,Maham Raza,2024-12-02 00:00:00,2,0.7,Good,,1364
P102041,Multan,House,2613.0,4.0,4.0,2022,No,0,9500000.0,Hina Iqbal,2024-10-28 00:00:00,2,8.0,New,owner waiting,2042
P100241,Multan,VILLA,1811.0,4.0,3.0,1990,No,1,6800000.0,Ali Qureshi,2022-02-15 00:00:00,3,5.1,Good,VIP,242
P102061,Karachi,House,1160.0,2.0,2.0,1998,No,1,5550000.0,Ahmed Malik,2022-04-03 00:00:00,2,10.3,New,urgent,2062
P102363,Faisalabad,Villa,1973.0,3.0,2.0,2008,Yes,2,8850000.0,Hassan Sheikh,2023-09-09 00:00:00,4,1.5,Average,owner waiting,2364
P100600,Lahore,Townhouse,1059.0,2.0,2.0,2024,No,1,4900000.0,Hamza Khan,2024-09-14 00:00:00,3,6.4,Good,urgent,601
P102435,Peshawar,House,,3.0,3.0,1980,No,1,6150000.0,Omar Qureshi,2024-04-24 00:00:00,3,6.7,Good,nan,2436
P101297,Karachi,Villa,1201.0,1.0,1.0,1996,Yes,0,9450000.0,Ayesha Sheikh,2024-08-17 00:00:00,4,2.9,New,,1298
P102214,Peshawar,Apartment,1345.0,2.0,2.0,1986,Yes,2,4400000.0,Usman Qureshi,2024-08-07 00:00:00,2,1.9,Average,VIP,2215
P102068,Karachi,Apartment,2194,4.0,4.0,2021,No,2,"13,500,000",Saad Qureshi,2023-01-24 00:00:00,2,7.0,Good,urgent,2069
P100646,Karachi,Apartment,784.0,2.0,1.0,1984,No,2,3250000.0,Maham Sheikh,2022-01-25 00:00:00,2,6.4,Average,nan,647
P101528,Karachi,Apartment,1538.0,1.0,1.0,2016,No,1,6900000.0,Bilal Raza,2022-12-01 00:00:00,3,3.8,Good,VIP,1529
P101267,Hyderabad,House,1366.0,2.0,2.0,2021,Yes,2,6200000.0,Sara Ahmed,2025-08-19 00:00:00,3,2.1,Needs Renovation,call later,1268
P101899,Karachi,Villa,898.0,1.0,1.0,1983,No,2,5700000.0,Fatima Qureshi,2024-08-21 00:00:00,2,21.9,Good,,1900
P100562,Faisalabad,House,836.0,2.0,1.0,1980,Yes,2,3100000.0,Danish Khan,2023-03-09 00:00:00,3,3.9,Good,urgent,563
P100189, Karachi ,Apartment,1260.0,3.0,3.0,1990,No,2,6450000.0,Hassan Siddiqui,2025-11-23 00:00:00,4,-6.3,Excellent,urgent,190
P101806,Karachi,Apartment,581.0,1.0,1.0,1985,Yes,3,2900000.0,Hamza Ahmed,2025-09-06 00:00:00,4,6.4,Good,follow up,1807
P100975,Islamabad,House,1153.0,2.0,2.0,1997,Yes,2,10450000.0,Saad Siddiqui,2024-11-06 00:00:00,1,7.6,Needs Renovation,nan,976
P102047,Islamabad,House,823.0,1.0,1.0,1989,Yes,2,5650000.0,Danish Iqbal,2023-12-24 00:00:00,3,10.0,New,VIP,2048
P101082,Peshawar,House,788.0,2.0,2.0,1990,No,2,3450000.0,Danish Raza,2025-04-02 00:00:00,1,3.0,Needs Renovation,,1083
P100474,Karachi,Apartment,,1.0,1.0,2013,Yes,2,5750000.0,Hassan Ahmed,2023-04-20 00:00:00,2,5.8,Excellent,nan,475
P100747,Lahore,Villa,1962.0,4.0,4.0,2011,No,2,10550000.0,Bilal Iqbal,2022-07-22 00:00:00,2,8.6,Good,urgent,748
P102300,Peshawar,House,1748.0,4.0,3.0,2022,No,2,7250000.0,Ayesha Ahmed,2023-05-24 00:00:00,1,20.0,Excellent,owner waiting,2301
P100021,Lahore,Apartment,400.0,1.0,1.0,2014,Yes,1,1700000.0,Usman Ahmed,2025-02-13 00:00:00,2,20.9,Average,,22
P100459,Islamabad,Townhouse,1905.0,4.0,4.0,1998,No,4,16500000.0,Ayesha Shah,2024-10-14 00:00:00,1,13.4,Average,,460
P101184,Karachi,House,2024.0,4.0,3.0,2016,Yes,1,11050000.0,Saad Iqbal,2022-10-06 00:00:00,1,6.8,Average,call later,1185
P102324,Karachi,House,1748.0,3.0,3.0,2013,No,1,6750000.0,Hina Siddiqui,2023-05-30 00:00:00,3,6.9,Excellent,call later,2325
P100955,Faisalabad,Villa,1586.0,4.0,,2017,No,1,7850000.0,Omar Ahmed,2025-12-13 00:00:00,2,2.9,New,VIP,956
P101215,Islamabad,Villa,2002.0,4.0,4.0,2003,No,0,21250000.0,Omar Siddiqui,2025-09-09 00:00:00,2,4.9,Average,VIP,1216
P102433,,House,1712.0,2.0,1.0,1998,Yes,4,10550000.0,Zain Malik,2023-03-29 00:00:00,4,5.8,Good,VIP,2434
P101515,Karachi, Apartment ,2944.0,6.0,5.0,2008,Yes,3,13350000.0,Danish Iqbal,,2,14.9,Good,urgent,1516
P102391,Rawalpindi,House,2068.0,5.0,4.0,1993,Yes,0,8550000.0,Zain Sheikh,2023-04-15 00:00:00,2,3.5,Needs Renovation,call later,2392
P100769,Islamabad,House,665.0,2.0,1.0,2019,Yes,1,5050000.0,Hassan Khan,2024-09-01 00:00:00,2,7.6,Good,,770
P101685,Karachi,Villa,2520.0,4.0,4.0,1989,,2,19400000.0,Hamza Raza,2023-03-20 00:00:00,1,7.9,Excellent,owner waiting,1686
P100130,Karachi,House,1896.0,3.0,3.0,1981,,2,10000000.0,Ahmed Shah,2023-04-21 00:00:00,1,3.2,Average,,131
P102135,Islamabad,House,1799.0,3.0,2.0,1982,Yes,2,14200000.0,Fatima Siddiqui,2024-01-16 00:00:00,2,8.4,Good,follow up,2136
P101482,Islamabad,Apartment,2900.0,6.0,6.0,2015,No,2,16500000.0,Hassan Ahmed,2023-11-01 00:00:00,2,2.4,Excellent,nan,1483
P100330,Rawalpindi,House,832.0,1.0,1.0,1995,No,2,4550000.0,Fatima Butt,2025-06-26 00:00:00,1,7.5,Good,VIP,331
P101238,Karachi,Villa,967.0,1.0,1.0,2012,No,2,7100000.0,Sara Siddiqui,2025-10-26 00:00:00,3,12.0,New,,1239
P100466,Islamabad,House,1266.0,3.0,3.0,2001,No,2,9550000.0,Ali Iqbal,2022-11-21 00:00:00,2,4.3,Excellent,,467
P102169,Lahore,House,1878.0,3.0,2.0,1987,No,3,9500000.0,Ayesha Butt,2025-10-26 00:00:00,2,7.5,Excellent,,2170
P101638,Karachi,Apartment,1126.0,2.0,1.0,2017,No,1,5700000.0,Ayesha Qureshi,2023-05-03 00:00:00,2,8.8,Good,,1639
P101095,Lahore,Townhouse,2548.0,5.0,5.0,1981,Yes,2,11250000.0,Hassan Shah,2022-02-19 00:00:00,2,2.8,Needs Renovation,owner waiting,1096
P101130,Hyderabad,House,1967.0,3.0,3.0,2022,Yes,2,8250000.0,nan,2025-07-08 00:00:00,3,4.4,New,owner waiting,1131
P101294,Lahore,Apartment,919.0,2.0,1.0,2010,Yes,2,4350000.0,Usman Raza,2025-03-21 00:00:00,2,6.1,Average,VIP,1295
P100860,Rawalpindi,House,2437.0,5.0,4.0,1993,no,1,11250000.0,Hina Sheikh,2023-05-04 00:00:00,2,3.4,Good,owner waiting,861
